channel_id,baseline_140,max_reaction_R_140,responsivity_140,baseline_150,max_reaction_R_150,responsivity_150,baseline_152,max_reaction_R_152,responsivity_152,baseline_155,max_reaction_R_155,responsivity_155,baseline_157,max_reaction_R_157,responsivity_157,baseline_160,max_reaction_R_160,responsivity_160,baseline_162,max_reaction_R_162,responsivity_162,baseline_165,max_reaction_R_165,responsivity_165,baseline_167,max_reaction_R_167,responsivity_167,baseline_170,max_reaction_R_170,responsivity_170,baseline_172,max_reaction_R_172,responsivity_172,baseline_175,max_reaction_R_175,responsivity_175,baseline_177,max_reaction_R_177,responsivity_177,baseline_180,max_reaction_R_180,responsivity_180,baseline_182,max_reaction_R_182,responsivity_182,baseline_185,max_reaction_R_185,responsivity_185,baseline_187,max_reaction_R_187,responsivity_187,baseline_190,max_reaction_R_190,responsivity_190,baseline_192,max_reaction_R_192,responsivity_192,baseline_195,max_reaction_R_195,responsivity_195
0,9813.18747612057,8603.167323970058,0.1406482178696173,9645.46206245606,8933.274508434932,0.0797230123566301,9801.200273017708,9501.936794270405,0.0314949978332583,10667.638990343696,9878.345031914474,0.0799014365138299,11810.233304169264,11064.35175074872,0.0674130369517647,12862.940343346894,11914.56131646497,0.0795983168571503,13729.325616465969,13161.16785076012,0.0431692515549091,14920.159529067272,14470.601123253344,0.0310670166349562,16340.258019442335,15834.175156490235,0.031961428868283,17461.96596484583,16792.35899049892,0.0398756943396558,18537.46256381589,17857.573996047264,0.0380728405728079,19410.12300844277,18775.041602649217,0.033825832146435,20087.83643222294,19426.984842966947,0.0340171979644714,20579.891124877107,20005.851573371885,0.0286935824451122,20827.150747860505,20402.17152942367,0.0208300973170398,20894.98106452956,20537.54035848871,0.017404260675895,20836.383711698647,20384.20996234652,0.0221825496395187,20704.56757885711,19820.07895576175,0.0446258879729757,20474.22277477072,18915.653773605896,0.0823957247166147,20023.383578628484,18135.41495902849,0.104103965851638
1,11071.299276627658,10754.437217285224,0.0294633789700453,11955.695353378753,11061.574265806066,0.0808312692287049,14050.930336683952,12876.313576403978,0.0912230626654257,17267.145138362885,14585.286786161829,0.1838742282904946,20601.10628123525,16643.552293498477,0.2377830115799695,24583.19544946541,17689.195083449624,0.3897294553818309,26983.46107933036,19497.541002030022,0.3839417532970401,29634.560411960058,21403.300042732048,0.384579029999774,31413.192823404683,23681.42316620517,0.3264909208764619,32471.79773945576,24732.70601762822,0.3129092189229721,33041.67264812105,25752.62452370965,0.2830409816172559,33002.08887702936,26888.592035412246,0.2273639628867754,32643.578134137435,27806.8457353324,0.1739403470944316,31780.532581799867,28422.17929705926,0.1181595981659324,30695.341024451955,28589.24858335545,0.0736672891194023,29707.95631284792,28607.897749353087,0.038452967538298,28417.5062353059,27923.960000635245,0.0176746505387999,27340.423780535573,26573.08612925473,0.0288764973533151,25964.78383697388,25192.436373559223,0.0306579106507249,24833.049954508304,24231.39217960198,0.0248296825228557
2,13250.917865071882,12766.496606348184,0.0379447293694354,14000.780949155316,13224.952668895749,0.0586639740559729,16696.73186684315,14882.0331963203,0.1219388941405903,21067.94573898657,16876.35882156294,0.2483703363825162,26216.702245726206,19596.64522791009,0.3378158322929503,30906.30723059389,21489.591127446434,0.4381989423298267,34484.68238670525,24011.636574423188,0.4361654308660403,37199.19452633672,26059.420094480025,0.4274759143322746,40262.37126802426,28579.930047290123,0.40876381437616,41852.43736715896,30792.900285630723,0.3591586690094626,42528.47551159478,32699.250679913424,0.3005948034680585,42290.834419752005,34086.20059529207,0.2407025036868773,41604.65266814263,34991.86869571843,0.1889805894600116,40247.388564366505,35391.837451641506,0.1371940950892842,38991.789371126986,35621.92689230201,0.09460079150163,37199.14356020251,35753.58705751171,0.0404310901830784,35628.17303828711,34997.96107235493,0.0180071051747636,34592.05556541964,33457.68073113781,0.0339047659458986,33069.89571919751,31791.265472236784,0.0402195454621758,31281.497145086803,30274.121950859728,0.0332751250676146
3,15102.438187073078,14116.35992418064,0.0698535789813161,16004.286060391369,14888.05570443217,0.0749748911556595,19645.107534226023,18037.946335805776,0.0890989011997442,25639.23712570013,21973.90648274944,0.1668037791017338,31823.49320947732,24119.44153830501,0.3194125228371147,38074.48669837234,27847.30856348684,0.3672591235009077,42671.67903060388,29435.010474136936,0.4496913146369468,46122.57760237888,32855.81135900245,0.4037875095646162,49493.894334933815,36197.02646833244,0.3673469664209674,51091.80795194913,38673.645344007295,0.3211014244320804,51688.53774735803,41359.96858567178,0.2497238154398489,51481.68992217974,43561.98950793545,0.1818030008202817,50424.212622462415,44460.95152040575,0.1341235600709034,49376.80343865614,44868.607278529176,0.1004755091269404,47131.17209708627,44689.68784936423,0.0546319378186657,45428.813727330606,43154.188404438464,0.0527092596800684,43121.7752672864,40737.97711336799,0.0585153785934102,40813.01472676376,38605.9440020192,0.0571691945838477,38977.66387252663,36791.2349933006,0.0594279827688351,36909.02795158522,34815.40017007807,0.0601351060530537
4,16524.114583518458,5511.459566457721,1.998137677373672,17757.437340375596,5978.589709900855,1.970171595981634,21865.425306805097,8203.32648390935,1.6654339979877264,27946.605526246803,11888.750891071824,1.350676347944514,34718.5814313842,16483.22894750235,1.106297348775526,42623.76249484336,18802.208535753794,1.2669550980562263,46876.22136058249,21062.65711549748,1.2255606737334157,52782.71417529912,23297.431484635774,1.2656022922573396,54820.41587901699,24495.56281246387,1.2379733137269735,57301.2762994466,24640.55276126607,1.3254866420659948,57733.75100172557,24044.981424538728,1.4010728052718018,57373.044372542114,23619.77783932437,1.429025571824905,56509.61936676702,22723.5191378448,1.4868339725009094,54221.42331822886,21550.559432802176,1.5160100129789789,53363.42236595015,20170.25673277779,1.6456491393702302,51698.90548911993,19267.56788876543,1.683208684541064,49591.85451418018,18332.41355203556,1.705145963100625,46569.16413810362,17122.9128814485,1.7196987136784485,44326.187766709816,16076.950644469864,1.7571265687723625,42456.86407649074,14806.159898721306,1.86751354618002
0,12956.915087833177,12254.860174533083,0.0572878762630875,14602.880984184643,13138.879970247037,0.1114250999516577,18972.856788616053,16935.18184740405,0.120321999466711,25239.85631781703,20901.15012245873,0.2075821746620665,32788.59134565794,24771.23672851109,0.3236558071369553,38467.8271278994,28173.87062104776,0.3653724632057256,43308.53763706941,30083.79335281969,0.4395969660192533,46542.46922633618,33630.70000508515,0.3839280544056085,49250.40670791566,35678.248545997536,0.3804042719311309,50534.64584657186,39020.06461260122,0.2950938535927512,50827.37718556816,42584.16929276272,0.1935744674537165,50134.72153104608,43636.51135800227,0.148916812339356,48806.72358833009,44478.36474461194,0.0973138034316443,47195.20689354633,44292.58377697282,0.0655329373239803,45057.514601849456,43137.967351811865,0.0444978604203281,42847.69604901069,40603.38004054884,0.0552741177266657,40873.18356944203,38088.04875193796,0.0731235888623031,38314.76313915585,36267.396395872565,0.0564519912302359,36453.77738280715,34097.98860804557,0.0690887900116701,34168.831676537375,31812.74578323492,0.0740610668867223
1,15786.60897176594,14936.255622940123,0.0569321636086479,17804.670693594322,16127.842858399266,0.1039709928920702,22894.44389312261,19566.200341686417,0.1701016801072645,30501.557551492177,23124.50195417346,0.3190146802702198,38956.80557794184,27955.602881416995,0.3935240725513991,46686.872808597465,32488.730198826,0.437017467992163,51771.8689842757,37093.27419133075,0.3957211950940573,57337.18786992572,41312.99495664434,0.387872942402212,61585.3582441466,42920.99935899836,0.4348537816893882,63130.16299379134,46104.8359561792,0.3692742135292277,63652.43746680874,50066.01540140901,0.271370149121501,63020.78224757658,51854.82785590205,0.215331047336678,61021.23964117108,53602.52568923565,0.1384023207217126,58612.31153121878,54887.93696442543,0.0678541547154019,56332.73264986932,52921.79056664459,0.0644525071185813,53854.15054159469,50284.189852138894,0.0709956887036122,51173.55086004799,47776.89474379711,0.0710941164021938,47814.162526955406,44723.73828302338,0.0691003114358423,45489.700081753406,42338.17874164949,0.0744368660573406,42512.39200502247,39677.864557640576,0.071438508069509
2,17674.644503982618,17027.498740534385,0.0380059205000957,18797.362599948858,17774.531288044796,0.0575447698354791,26802.834600876067,22126.2942525885,0.2113566914957063,34586.045246850146,27991.826847503755,0.2355765643761278,44954.17610243675,33337.90817900885,0.3484402158963908,54495.68453301035,37784.59886390675,0.4422724118176797,61138.7346786026,40884.68224960472,0.4953946396194308,65686.26262132468,45161.09709235591,0.454487752744229,70636.9270913253,51730.03728238442,0.365491517157271,73107.13705111557,56309.39248799232,0.2983115928076347,73123.67620839567,59965.12457349557,0.2194367430817636,72342.02771627788,62129.97745008632,0.164365909747765,70033.67992752817,62532.71281081528,0.1199526900329128,67690.98340836167,62424.96415237816,0.0843575855827367,64488.89277083879,61177.94601889768,0.0541199397396958,61191.18678130474,58884.4402649632,0.0391741265767635,57951.67816218114,55845.3743666729,0.0377167101016915,54730.56548450813,52506.20847876441,0.0423636950789034,51730.03728238442,49758.68585718861,0.0396182373235045,48302.21155729768,46461.44680727399,0.0396191870145441
3,19016.498595629644,18037.923162881874,0.0542510035058507,21244.743839635485,18880.344062647127,0.1252307568730215,29367.50634196212,23811.46610734529,0.2333346552274209,39779.33691007769,30449.138275789624,0.3064191357331971,49886.94870768808,36963.65337424531,0.3496217000684021,60374.24503601783,45771.118136995006,0.3190467590351411,69547.03302061677,50881.74587555632,0.3668366095517035,74550.51016449949,57986.75727495129,0.2856471661453517,78698.89545322418,65531.80813963035,0.2009266596999486,81165.48990129489,72679.90346788405,0.1167528577849648,81398.6024965752,74634.61719357196,0.0906279894952795,80663.60694335491,75284.46893032592,0.0714508329467962,78107.88093286817,74481.67881393488,0.0486858268594081,75558.45030921738,70845.02771873822,0.0665314524145848,71734.62525492992,68084.13840066921,0.0536172879618144,68175.02719112673,64742.900159853234,0.0530116356048218,64194.32263975059,60748.3384629534,0.0567255708384302,60271.598408458005,56707.99561907604,0.0628412757403684,56932.48251609325,53341.76450308172,0.0673153212395907,53428.48670394687,50144.6020294073,0.0654882986729805
4,20462.84960166958,6279.785607103772,2.258526784500692,22159.603858737893,7296.830364633341,2.036880775814965,29013.78934150817,10964.893516446167,1.6460621161519349,39939.35632504167,16681.699873607125,1.3942018276105983,49798.294280400136,21333.730319349223,1.3342516069603718,60982.1671232361,24768.182821681326,1.4621171267297872,71215.12526800027,29685.0543532794,1.3990229029219523,77428.52690044235,32153.634116049187,1.4080801137745924,82092.4927345354,33143.564486026095,1.4768757979892904,82948.26062991266,33149.239713345785,1.5022673626061458,82771.54179711404,32449.73565288261,1.5507616666751245,80715.19119196528,31630.778985394976,1.5517927089065453,79049.23774698525,29949.5565321016,1.6394126291070754,77778.0947319959,28260.89249679836,1.7521457342795266,77034.21255090633,26412.967162055804,1.9165300542822663,73511.32334121104,24457.59368836292,2.005664591451129,68725.34516765286,22923.173480182835,1.9980728988970995,65240.783963299895,21034.612763747056,2.101591871267616,61440.36287923854,19817.197338751444,2.100355808593341,57373.044372542114,18218.021275026345,2.149246754431576
0,15722.036457577908,15002.85986492688,0.0479359668173862,18109.68780251357,16210.142129877288,0.1171825427202879,25406.568538398325,20378.227316464487,0.2467506689294418,34815.40017007807,27360.637144104403,0.2724630638793439,45376.70510740431,36475.51368622337,0.2440319688915821,54753.0090698686,43351.86459826088,0.2629908673424186,63007.1556888144,46594.98892959787,0.3522302963525603,67527.92041675239,52206.472832932,0.2934779300806465,71474.21809487291,58331.64931289422,0.225307683509534,72623.3192364938,61161.517664458006,0.1874021772140628,72756.28014512738,63060.99870745656,0.1537444955898617,71409.36301443103,63832.74117783386,0.1186949157563075,68833.08955648702,62605.70100067816,0.0994699916504631,65990.3392726568,61363.22540689468,0.0754053235481038,62573.28370642048,58946.67747311554,0.0615235054589626,58996.31389154248,54955.572579521584,0.0735274171909297,55386.60756200732,51813.185126623146,0.0689674341897974,51605.70982242949,48567.83536216588,0.0625491014291756,48453.75248074639,45437.51436965603,0.0663821107499809,45524.66192018085,42353.97618374337,0.0748615837786317
1,18691.82347190323,17674.55038528697,0.0575558112902878,21162.851858180427,18513.87130353145,0.1430808560359655,29994.580089098043,25825.76522448049,0.1614207683056721,43040.913959353325,37272.1175639696,0.1547751180351593,52548.61809477364,49386.76717770538,0.0640222289847636,65427.11995400245,60735.38330226184,0.077248819331414,75716.6162798949,69609.9379758024,0.0877271045150949,80702.05894855855,77323.34107526694,0.0436959632926718,84762.98078425406,82182.4466152533,0.0314000650416486,87093.81050321,84229.70379108374,0.0340035234984341,87115.03306765646,84413.76492533335,0.0320003277275036,85052.06959468739,82221.91570556008,0.0344209188613677,82340.4823139647,79258.72195009617,0.0388822868706981,78754.65529199076,75418.28673605483,0.0442381907668147,74224.4151855272,70716.86341767725,0.0495999341364052,70477.48637369335,66267.17641577107,0.0635353758172236,66267.17641577107,62640.71914926296,0.0578929698726293,62156.714586654656,58195.15306122448,0.0680737366780768,58048.90615177457,54151.44874604335,0.0719732804196857,54439.94753928364,50797.02142690601,0.071715348854058
2,20680.163352661893,20134.88482125794,0.0270812838635292,23583.48367559605,21097.188178796445,0.1178496146371976,33411.74381280198,27592.364501349763,0.2109054231712379,46985.25468788569,37784.21868428559,0.2435153173466784,60322.91794412592,47495.182481131866,0.2700849811049794,73443.05943925797,55273.04679151453,0.3287318811332991,84969.32794005005,64694.69715144924,0.3133893762751254,91870.72286136352,73124.88644401645,0.2563537166201093,96305.91433895072,80166.33919617336,0.2013260840473525,98509.74994448324,86405.7527424308,0.1400832330936754,98306.48290741176,89173.57113476991,0.1024172482544083,96453.95854762803,89196.28038333455,0.0813674979842489,92776.5545515749,86715.41302975515,0.0698969342363617,89027.94190665783,84101.54424048186,0.0585767801372267,84845.42684701817,80149.31144690733,0.0585920866359737,79465.37275883908,76264.68031647937,0.0419682142385915,74861.29030692572,71572.22068377734,0.0459545559956877,69734.7297408383,67181.90250343182,0.037998733919095,65715.06480541835,62708.37253296266,0.0479472222130341,61230.305178513096,58207.36560578801,0.0519339698896199
3,22206.347051052013,20975.491654386253,0.0586806458197308,25239.81724484943,22109.66421124956,0.1415739743350434,34490.092903978744,29571.064727030367,0.166345994720034,48094.9195827263,40796.46385366848,0.1788992240905098,65340.97577882384,50867.936470384,0.2845218483919876,78959.4519028373,59787.3421396429,0.3206717187463337,90230.84845367832,76158.1583476605,0.1847824371195567,97675.10921391447,88983.67999309427,0.0976744187416696,103353.1717230367,97399.05452164638,0.0611311601599484,106268.76472103648,99535.09554224664,0.0676512052568614,106240.44725599102,100523.01107787628,0.0568768893491002,103844.90071980322,99020.5152211434,0.0487210704558087,100418.36271580883,95278.52283731468,0.0539454194443203,96109.17842275888,91502.70898502418,0.0503424378232193,91709.56272415696,86986.72396438888,0.0542937881153169,86349.138243803,80971.99396402837,0.0664074578941875,81243.09018561452,75698.9548502302,0.0732392586707879,75786.96539000937,70957.338093885,0.0680638173001106,71053.85582603083,65917.72902073327,0.0779172292735097,66267.17641577107,62130.00928511194,0.0665888703102206
4,22691.64921146226,6720.516091285484,2.3764742027604986,25032.929932817107,7960.463860417896,2.1446571923137863,36354.97161253782,9535.555552731184,2.812569850964268,50544.70017132072,12800.13055082149,2.948764426318827,67391.99398330212,15589.763150383107,3.32283629540876,80204.1751966753,19653.622634526542,3.0808850708152127,92948.47284921203,23349.94542440645,2.98067195275146,103409.6719905754,26473.194458734903,2.906203014213689,108774.09829074497,28734.82527796457,2.785444917048404,111634.84428873414,30989.161907251884,2.6023834598318087,112551.00416505724,32028.619243348377,2.514076061472165,109656.27837178744,33052.932360917046,2.3175960660437163,105593.71919878556,33688.64225285001,2.134401155328617,100453.38531440913,31721.6176632476,2.166716980855412,95261.54563765576,29698.15043121325,2.207659206195357,90841.04464268703,27632.38047514566,2.2874853009640383,84046.37720461283,25311.10438463138,2.3205337834110806,78667.69322595258,23357.137681060416,2.3680365419835576,73157.20395244476,21885.099885093965,2.342785929081934,68556.56081338282,19959.22263229476,2.4348312094307616
0,16895.139140871357,16469.35631537614,0.0258530338005802,19282.068920682093,17706.982715635906,0.0889528289681633,28899.05349361086,20895.046149974693,0.3830576532919436,40723.12653569082,26726.480234630275,0.523699573538482,52911.00715560108,32104.676741473755,0.6480778667130793,65226.465891291766,38459.97358514591,0.6959571162181888,75839.83569438482,46265.638591763374,0.6392259569478094,80894.70412639288,52324.37506654352,0.5460233213204182,84393.282779057,57505.56606340031,0.4675672035992617,86688.37976838984,62425.477905625485,0.3886698616780297,85592.65322553983,66034.49564609984,0.2961809185953123,83177.19025953127,67586.75801959858,0.2306728817412995,80204.1751966753,69468.75461893315,0.1545359584554335,76728.97926028041,69687.68813597501,0.1010406760885278,72424.51181424006,68572.20429811542,0.0561788490767607,67781.46097450987,64714.60106454179,0.0473905403034071,63225.72063233305,60865.09557719245,0.038784545275982,58612.31153121878,56660.89965397923,0.0344401851921973,55204.61167512437,52868.290436155614,0.0441913521260939,51000.12944496967,49124.45000720972,0.0381821972049492
1,20882.628736526283,19582.434408950427,0.0663959495751755,23597.95538857856,21269.98458102,0.109448636349078,33619.12812462263,28009.959227462125,0.2002562321354986,48274.23501286748,34827.52800416136,0.3860942128048665,64419.19679173424,43332.968949094575,0.4866093497403956,76926.84510805341,52421.530181184906,0.4674666085131551,88303.97754308308,61151.78966283534,0.4440129721460846,96552.83273642586,67781.37707695308,0.4244743453177142,103244.3449497143,69813.22406791609,0.4788651624121465,105788.89814461344,76836.32500076295,0.3768084059663577,105312.22204344724,82498.94378874941,0.2765281251735119,103190.07291970188,86308.04098711003,0.1956020753050478,98764.6673780756,88194.67590823374,0.1198484076390269,94314.30306657685,88020.73610152311,0.0715009581128101,89005.83395001109,83640.44297067686,0.0641482850732302,84722.00315801543,78218.18329343988,0.0831497177603333,78773.22964513628,73241.18420111341,0.0755318951265504,73460.01721617655,67977.80854355916,0.0806470345260463,68786.87234187813,63157.293095564695,0.0891358538402713,63707.46044481907,58958.96716151182,0.0805389495765633
2,22499.720038005435,21934.37784941649,0.025774252293369,26569.283036483925,23017.51739771691,0.1543070687162513,37937.9988790896,27534.60531238309,0.377829769073458,54328.7367839383,35354.44081896088,0.5366877689323075,70989.4903827087,44460.95152040575,0.596670515477552,87393.95216499132,49376.80343865614,0.7699394468409895,99612.56304684465,57812.14260363192,0.7230387693776068,107958.22057471362,65499.060081273965,0.6482407601079245,113167.53827099218,73241.44187502397,0.5451298523600392,116323.54891142104,79277.71708478869,0.4672918594138036,116516.85533078092,84150.79496062243,0.3846197814923067,113508.87409068472,87458.86308442545,0.2978544436498422,108190.21638043274,89359.80901195746,0.2107256895094251,103899.76139154944,90096.44598734028,0.1532059922335749,97624.80657933847,89626.52656313792,0.089240098025735,92287.24627950032,87501.57211551492,0.0546924363560872,86476.12979534378,81946.3068165004,0.0552779393583515,80166.06723630511,77052.23439205739,0.0404119733686618,75418.29806309473,71393.13386330532,0.0563802705102747,70255.08560077293,66442.86480502886,0.0573759245169622
3,23721.553947609904,22626.017860938537,0.0484193061900961,26387.801670783952,23911.92751938161,0.1035413874266533,38252.74607126247,30157.651314074334,0.2684259020333661,57951.67816218114,42960.7570348469,0.3489445289610375,74158.6281948986,53945.60654054256,0.374692638577806,90818.2456406891,75670.913663081,0.2001737688149301,105901.53095539368,87937.55026205124,0.2042811135835638,113291.43749848809,101154.14170222278,0.1199881249746057,120142.99355296147,111272.5079450031,0.0797185735432748,123299.7920446016,115820.28491775374,0.0645785592062668,123020.64495899277,116807.98042233373,0.0531869870037677,119806.8688285244,113882.59432631428,0.0520208951794247,115746.37248113978,109421.269065728,0.0578050635805764,110190.9376943396,103982.12402202011,0.0597103947502037,103544.01349877616,96726.21070979373,0.0704855771662325,96825.47813545851,92240.8367940853,0.0497029461214426,91296.61509346672,85759.95560329143,0.0645599621784644,84969.3843272386,79748.3949332741,0.065468269277807,79748.3949332741,74430.1908565117,0.0714522429079209,73832.29356958639,69173.35354975029,0.0673516575495407
4,24427.460282014945,6980.481641310895,2.499394674638469,27244.236365708835,8191.511898877196,2.325910613575888,42227.8204703392,13328.22664283029,2.1682999998394377,55937.7553823034,19771.32235069136,1.8292369316586143,76175.96968159816,27991.8249041174,1.721364896448506,91490.27965134564,34382.549630615176,1.6609509950326702,106694.72325010013,38102.06915249179,1.8002343605825546,117229.55174869606,40737.98085176791,1.8776475735323208,124361.94838958958,42055.18840481351,1.9571130960705787,127821.8659818284,41774.76086120107,2.0597868987574466,127711.23022584044,40903.31122019023,2.1222711906707707,125315.04502805292,38991.84127581328,2.213878619930321,121159.6432288706,36935.273185892525,2.280323462590435,116194.9302223378,34358.725831768264,2.381817206821544,108807.91753954972,31753.85743721394,2.426604712661847,101369.06017432432,29022.29522155234,2.4927995666947225,94388.81452368022,26845.675331293,2.515978397222689,88763.52155685521,25050.998219809164,2.5433127565617384,82026.15639828707,23382.41463664291,2.5080276213108776,76800.60961670897,21330.21184008306,2.600555409036665
0,18084.01571301517,17704.459018591853,0.021438480217031,20564.75029988359,18516.282252545985,0.1106306341304526,29880.498279775587,26104.790023550937,0.1446366070295268,43186.60567595389,38929.34786995444,0.1093585697921539,60245.97633462919,54865.4172229644,0.0980683166920801,73900.2675321258,62859.10129857401,0.1756494446382144,83257.49677794996,72260.4746614513,0.1521858549645707,90029.07948224366,83559.89211652687,0.0774197668505281,95741.36950646796,90909.09090909088,0.0531550645711478,97349.06073162754,92823.80801121164,0.0487509919854756,96429.2667247421,93412.05105023753,0.0323000687875048,93837.34417306424,91916.87078609124,0.0208935897245929,90636.93733362811,87717.33321385938,0.0332842325775066,85864.7560876575,82976.91146224953,0.0348029900669635,80856.1236623068,77887.78291003339,0.0381104794792024,75086.90096378431,72723.00814148648,0.0325054323619116,69907.62198662065,67137.24149184098,0.041264437340881,65083.71961025447,62667.79342708955,0.038551320399939,60917.07701807276,58415.48922816004,0.0428240492884,56449.63368597065,54206.77964881747,0.0413758952604021
1,22469.138884171967,20938.278139186496,0.0731130198390299,26121.342224433432,22489.51962737053,0.1614895585694435,37587.517964474624,30679.97443335464,0.2251482818580921,55409.48063272312,46175.858480749215,0.1999664425475362,73123.67620839567,62803.2866155196,0.1643288138096543,89760.33580658822,77249.57325677903,0.1619525134232546,103407.64581521964,89337.53109235363,0.1574938835988302,110849.42938063356,100091.71487890258,0.1074785711759096,117981.2710890694,109597.09832369376,0.0764999520389957,120109.29286607812,112827.95138908552,0.0645349081264712,120008.431567911,112152.65288902758,0.0700454111117327,116356.04415706478,108773.31930306926,0.0697112573430638,111543.82436482135,104202.51021790088,0.0704523732832236,105676.43442059528,99741.95288912403,0.0594983490855463,100366.09612109048,92987.3286574282,0.0793523974739198,94530.08619942554,86011.8276983209,0.0990358969115468,87544.65280423204,80663.60694335491,0.085305457090572,82598.22920370297,75173.89181683649,0.0987621793608359,76692.85447063224,69250.86373453378,0.107464229827177,70637.28888515361,64432.63627273776,0.0962967367368317
2,24044.981424538728,23439.402916061303,0.0258359187154235,27490.3133598648,24415.926378177413,0.1259172776845865,37978.90117936861,34098.2101558767,0.1138092294508039,58489.19051027064,51984.23846232773,0.1251331603646932,77196.6449287538,66286.3981128431,0.1645925427617527,95912.6902086489,83945.18325448011,0.1425633549204277,111847.6526112149,101580.37542195444,0.1010754010960408,119471.88988975696,113045.00226303056,0.0568524702381132,127891.12898299449,120692.4331397787,0.0596449641120306,130202.6791837691,125529.82567488044,0.0372250457910396,129413.14257982164,125529.8838103778,0.0309349347866025,125601.55472876516,122292.30894216984,0.0270601300704871,121296.14819862192,116904.83552163672,0.0375631397742521,115618.63149611528,111452.89772992056,0.0373766304065898,108510.4123991394,104229.66281436868,0.041070358180038,102379.52262185888,97424.21464682868,0.0508632067807128,95765.97192963545,91136.76338687692,0.050794085402259,88325.49284574376,84680.61892481647,0.0430425989701774,83661.00522176965,78421.20839542043,0.0668160684279282,76836.32500076295,72956.35827871766,0.0531820229735497
3,25334.92613610949,24096.98647389077,0.0513732148026075,29127.34620530025,25454.4782375628,0.1442916226158372,43710.08742017483,32028.97243230814,0.3647046439767691,61533.14173342309,44259.01447305356,0.3902962473528784,85676.24716109324,53276.839231825295,0.6081330723898113,104395.14751721355,64658.07142938568,0.614572553887963,118939.26821516544,74534.75171879391,0.5957558785987738,131113.42351716958,82109.99407641252,0.5968022527824552,137016.15042873996,94987.79403406168,0.4424606005652403,139691.82291143286,102957.00128102818,0.3567977036368266,139441.7374129688,110190.9376943396,0.2654555840133465,135166.47262599462,112676.72955402524,0.1995952772234677,130014.08065527429,112650.3742885748,0.1541380264056568,122881.85448473557,112186.6060730603,0.0953344502169009,116387.9591241324,108248.32539969032,0.0751940844755587,109272.554054171,101207.00735397692,0.0796935598736201,100838.82778680496,94075.3984392385,0.0718937092988749,94506.04171191547,87458.4914267978,0.0805816584547016,87847.15732220786,81301.3877898175,0.0805123960406759,81633.49122070533,75734.14079987684,0.0778955218679668
4,25168.79707292549,7119.276578516243,2.5353026105035834,27517.79058631164,8540.775099126644,2.2219312962737456,41899.08087276401,14015.550708463,1.989470891605003,60185.79192586353,22516.733231068298,1.6729362251723066,82245.72612843476,29786.558598419644,1.7611691312603797,99638.37290267515,36479.58723869123,1.7313459511130658,115300.21325763734,41805.7938615539,1.75799602417481,127744.00406342756,43825.81687095789,1.9148117065236,134373.86221949322,44529.52753492057,2.0176350313646534,137667.96199721962,44025.15105147679,2.127029861550053,137423.15427645438,43097.54290214499,2.1886540397089496,135405.71275421607,40903.30745493569,2.310385423071137,128965.209123585,38571.11888902478,2.3435693036190712,123579.8386748598,35930.099783209924,2.439451585731706,116387.93388108697,33781.6215794874,2.4453033465912446,108422.91732388551,30834.05151776309,2.5163370360662625,100943.16498414527,28477.741564174787,2.544633789047814,94004.84836861574,26014.084550168827,2.613613547973406,87165.01185371645,24000.546541121857,2.631792788733806,80836.9234751937,22086.41388593493,2.66002936885432
0,19253.65062195782,18532.152943129862,0.0389322104691254,22377.75561666284,19455.13088483658,0.1502238534979052,33275.94884206852,28459.154830456504,0.1692528833097026,48001.06897455531,42133.53846134598,0.139260331020911,65599.644703234,57183.50382217088,0.1471777753814387,80510.51457349252,74362.67338340182,0.082673751633342,92171.59931158282,87415.69299555782,0.0544056353390307,99665.29918701496,94688.2412345492,0.0525625768054689,105229.01715859544,100575.39291935276,0.0462700080423668,107266.52273528016,102918.8330775632,0.0422438685681598,106241.8106973568,101713.14041272827,0.0445239451486034,103680.62491614612,99380.273799937,0.0432716770821763,99845.53287557291,93813.58959318152,0.0642971163191672,93956.26950160012,89337.77845516801,0.0516969542593874,88281.87208395495,83660.66271787649,0.0552375419456365,83499.06889854303,77723.67565510399,0.0743067436628595,77504.84931391137,71734.62525492992,0.0804384777710243,72029.16524920912,67331.41010762648,0.0697706335582972,66442.86480502886,62076.74957635356,0.0703341469788949,62290.63946704806,57480.93087853991,0.0836748555563811
1,23197.10114738905,21712.12002131803,0.0683941100460479,26388.30928268695,23260.915906606795,0.1344484193415567,40522.001552559785,31936.70843046821,0.2688221029660351,60336.26484176178,50909.47952852152,0.1851675837298434,81320.79432323184,64827.86611016351,0.254411092060959,98816.0603873606,82777.28042815388,0.1937582374807236,112735.49291976135,99845.53287557291,0.1290990159795315,122327.38032485794,111878.09393654,0.0933988596037846,128482.04169850762,118211.4023194088,0.0868836607770493,130771.03264548656,120345.33181098892,0.0866315350799977,129677.07212623548,120008.3246618106,0.0805673064070504,125709.2501631177,117229.55174869606,0.0723341366398764,120785.6195131797,110820.67345985508,0.0899195587088219,114919.74796958108,105340.05443782677,0.0909406548428204,108306.67724998704,99612.56304684465,0.0872792942698785,101498.3829717776,92124.94424041694,0.1017470220323712,93861.11568070976,86391.43968422561,0.0864631498651604,87115.56439078938,79710.57687457874,0.0928984308802844,81320.79432323184,73375.72472366746,0.1082792657855913,74603.17461322865,68114.29683941715,0.0952645490727057
2,24533.60929798744,24329.074594264355,0.0084070071358697,26897.187698528083,25066.66195187792,0.0730263068199643,41650.941113853,34015.587210467056,0.2244663264562558,60271.598408458005,44817.372507281165,0.3448266829713433,83985.16713270346,68817.66464694968,0.2204012961434616,103081.42786818714,88711.32841049417,0.1619871972968116,117751.7612405164,100816.54240764676,0.1679805558535516,127964.78170439388,110660.06639217508,0.1563772359478943,135485.59333346045,121365.22784588696,0.1163460551114683,138984.89136485662,124352.15004321508,0.117671799937165,137667.96199721962,127692.96407870474,0.0781170520277585,133586.79848109125,127641.02215241136,0.0465820175082916,128223.0487705197,116130.79695590692,0.1041261416573591,123090.37562779398,113188.38206699087,0.0874824198383061,115363.79747986564,110554.588050854,0.0435007674832947,107496.35493720436,104284.76949791088,0.0307963037628213,99535.0200310974,96701.42966498526,0.0293024661158463,92473.19634983945,89404.28769213361,0.0343261910242349,86222.42255052806,83137.09122018013,0.0371113697275835,79710.57687457874,77106.347046685,0.033774519577707
3,25752.565554810488,24910.60164279603,0.0337994209890128,29502.93335032952,25874.855993747293,0.1402163303810832,45057.15255771842,36712.98771935562,0.2272810075319378,64236.34952798155,54107.87121025334,0.1871904787821126,88983.67999309427,80567.74559514227,0.104457861341219,110012.30918564292,93576.49980059148,0.175640352225993,124993.6993567432,111673.20805292488,0.119280994394872,135606.5559021386,127930.665650584,0.0600003932795885,143131.74476429587,137708.92441969487,0.039378859194876,146692.96060752863,140532.0800262153,0.0438396740456987,145668.9234451876,141673.099307107,0.0282045367654362,141502.96291059305,135687.00885627797,0.0428630132194558,136328.6142803188,129115.07185816024,0.055869096599993,129263.5248218489,121878.65195186168,0.0605920130533117,121194.07569169324,114793.3211972235,0.0557589450998876,113945.1230502572,107784.68477812856,0.0571550428041767,105284.1381367105,99638.37290267515,0.0566625595095779,97451.77097742712,92333.82003673856,0.0554287793860601,90818.2615767088,85155.65909830702,0.0664970776852851,84701.19887053366,78996.82196591594,0.0722102074825103
4,26141.694769619608,7265.465459844638,2.5980757067942366,28347.187152497703,8724.482799331383,2.2491538816112,44460.95152040575,13517.64556567978,2.289104696848136,63544.10528512239,21153.84472455766,2.003903361895889,89693.36110236743,28496.24422420791,2.1475502665074657,111000.56151747424,35987.206026278305,2.0844451063086207,125279.22415681215,41728.36748770345,2.0022555805407327,139415.70766657894,45283.556527858265,2.0787269895819898,147186.37298488803,46587.15017002369,2.159377048128488,149597.27704263898,46193.71219850527,2.2384770550542514,148818.0484493984,44732.15824014705,2.326869400096024,144397.21979259752,42992.498594149525,2.358660801636853,138737.86702173855,39576.799256977,2.505535304179012,130848.18409833591,36936.93736037874,2.5424751874174945,122811.87268513416,34436.510476086405,2.56632745267317,114636.3067931582,31550.941940889068,2.633371929368391,106100.24162207873,28965.32758896538,2.6630085158263017,98053.22903805936,26914.435336682312,2.643146430957083,92846.71299173702,24503.165914128684,2.789172114212433,84786.94445614259,22506.61996550522,2.767200254240368
0,19872.094405597363,19131.84491712305,0.0386920075759023,22513.788261327863,20510.37180683929,0.0976782124359403,33793.26851546378,29299.78691689453,0.153362262029908,52985.35032886324,39786.86051379767,0.3317298636942836,67676.21527330502,60249.28845835991,0.1232699506497587,85801.85282872774,77632.15133004247,0.1052360569521371,97599.6826026582,90006.34712638972,0.0843644444941831,106751.7005612646,100027.33904607652,0.0672252364135224,111604.63661127989,105481.92596705609,0.0580451161475383,114289.57829644116,108597.90747439326,0.0524105017713161,112735.39776802826,108219.53544854803,0.0417287165460735,109449.3962585733,105340.07540750902,0.0390100428081841,104339.93790583542,99741.87708708932,0.0460996018225254,98560.6592119762,94867.24418815438,0.0389324582518335,92776.5545515749,89160.37448717275,0.0405581524887201,87372.44897959182,82261.41133649506,0.0621316551717032,81165.54173692816,76069.55149374466,0.0669911961240177,75278.49699415555,70828.93143343039,0.0628213001477671,70096.8324413839,65498.93745513615,0.0701980087752889,64517.04655887911,61034.37168929777,0.0570608785375932
1,24015.330254263004,22475.928898348306,0.0684911116633684,27659.194681450976,24082.59989305739,0.1485136490360683,41008.991684313245,33077.11166285425,0.2397996567023876,60118.09155045721,50524.591521823015,0.1898778345291616,84331.97543134673,72809.11934325045,0.1582611655247889,103983.22945310912,93698.71628501068,0.1097615162284106,119538.75812512392,106865.80572965626,0.1185875342345432,129826.13319166897,120210.39495476264,0.0799909046178986,135246.9879320673,127707.26789964522,0.0590390833382086,138530.19071852107,129864.77583402372,0.0667264454802767,136895.1171447725,128778.95317846816,0.063023993952308,134057.93146097948,124815.7223858422,0.0740468339923305,128778.95317846816,119005.2933829409,0.0821279416880818,122085.17671596234,111543.82436482135,0.0945041324445166,114320.97655809444,105060.8915004402,0.0881401720983439,106183.85493317054,96751.08129848752,0.0974952786892571,98560.6592119762,89027.8036531078,0.1070772856085799,91273.7515801208,83620.27797532265,0.0915265267003393,85426.50564090004,77052.23439205739,0.1086830422883347,79333.77164146396,71653.68653020536,0.1071833911577051
2,25752.73235287208,25172.72993415153,0.0230409026052298,29338.33783853583,25973.19892063589,0.1295619737939293,42183.33139781795,34949.11911448266,0.2069926929957295,64348.37901842993,43653.52191001654,0.4740707325074917,91963.05129796338,58219.57815035153,0.57958979126351,110489.5644458161,71021.66295449999,0.5557163807414818,125998.15289102614,81515.5102236188,0.5456954455094445,135405.71275421607,93932.46409086738,0.4415219920476987,144611.20309542032,100712.42416404924,0.4358824573606221,147953.74803703767,110676.73690816648,0.3368098136088131,146469.465190442,117686.30503463476,0.2445752727756762,142872.51210328133,123790.4662701132,0.1541479437643504,136853.91807498326,127122.65477528857,0.0765501893969757,128853.33333333331,122395.83333333334,0.05275914893617,123649.9913333284,116775.3311322804,0.0588708260074257,114919.74796958108,108949.0872394009,0.0548023015287906,106099.05155818224,101790.87417396692,0.0423238077006036,98713.62819142333,94506.04171191547,0.0445218782131824,92426.91874957625,86901.33179593062,0.0635846061211271,85238.82539063526,80914.08454990407,0.0534485542880225
3,26905.78699133381,25647.31009611176,0.0490685725132964,31807.956101709693,27235.26947985987,0.1678957729877159,48854.65541326775,34145.41747848543,0.4307821962947271,70096.87208191754,45212.26153004397,0.5503951740024662,95205.81899505702,57205.65902711626,0.6642727417916499,119405.07466264196,75290.60596630382,0.5859226145168959,136934.98296437095,86804.0572142281,0.5775182331215489,148271.0510911877,98096.31705828966,0.5114843812442396,155122.11977405427,106689.9734092002,0.4539521832955824,158467.92059270572,120345.59724323016,0.3167737268562192,158019.21535961097,124944.80858570633,0.2647121328871953,152207.59378303715,129013.31988428874,0.1797820094820537,144261.06193188144,128593.27703550932,0.1218398446447994,137995.52364632578,126430.89525062332,0.0914699557634068,129226.1818001848,120381.04844382063,0.0734761282669174,120921.33747809764,112520.2086885747,0.0746632883767126,111939.02349206495,104284.76949791088,0.0733976210620805,103625.9681525754,96751.02756195964,0.0710580627809149,96602.32334701718,89604.21728319184,0.078100186308285,89227.39242742752,83519.2749335101,0.0683449119794403
4,26983.344291036592,7386.608991408335,2.653008345564523,30813.448400194564,8873.322443550607,2.472594239217655,41743.75912727804,15395.76080701008,1.7113800773178451,64110.530661548175,21927.798737859368,1.9237102833700472,89204.60580414832,29816.10576627064,1.9918261795630168,112863.2998968611,37626.57552774788,1.999563428609908,124958.08092424594,42911.970742319616,1.911963229901552,135645.5557408202,46867.16164437815,1.8942558282082629,145292.09536211938,48302.21155729768,2.007980187196379,147876.4714946719,47851.46012184183,2.090323077250752,146577.6071522629,46282.69129610107,2.167006996514285,142561.53912429165,43958.44392106008,2.243097944510992,137586.47040159575,41381.93303615326,2.3247956368155527,130279.3522337218,38211.48169360955,2.409429481911704,128300.3036788428,35565.78512963141,2.607408165212981,122085.45267600694,32710.654849289167,2.7322839679762625,111939.1173969149,29766.88212049762,2.7605254370874497,104561.21012224314,27749.370477732307,2.768057016145612,97298.95823648604,25375.064271179028,2.8344319918431937,89515.1978268453,23432.345372213,2.820155277029843
0,19802.766514641586,19426.984842966947,0.0193432833098996,22812.360199079427,20713.813035759973,0.1013114852246932,35690.78221657569,27261.509713274856,0.3092005025384283,52567.50532837831,36479.58723869123,0.4410115165070671,71393.54374176073,46861.32276433027,0.5235067968696738,88763.52155685521,57062.941666457824,0.5555370782616227,101312.79710347208,65453.519824936535,0.5478586541173884,109154.82375743576,74574.21047580519,0.4637074004672148,114572.70092058212,80158.353327169,0.4293295229375509,116969.67674696914,89636.60513840294,0.304932025999453,115427.65507111144,95104.96518971058,0.2136869493707525,112428.15422857773,98558.97659342184,0.1407195784141446,107842.4862208646,98571.33713707289,0.0940552228778159,101710.97894575034,96535.59665055736,0.0536111286899378,95132.99347010402,91136.82754405325,0.0438479814772918,88763.52155685521,84066.56870575693,0.055871827807534,83217.3299517553,78200.02149371523,0.0641599370716705,76389.22189026601,72773.0540901385,0.0496910270613135,70764.84936620218,66988.71602180599,0.0563696928176231,64799.52409280191,61704.34750179513,0.0501614021753771
1,23900.88363196744,22805.085042411345,0.04805062500395,27261.50785610344,24314.012971671826,0.1212261788239454,41071.384528594805,33274.48104450316,0.2343208140094994,61180.73995053505,41277.12428439435,0.4821948236753901,83036.94507401975,51214.48960577306,0.6213564894076298,104395.88991026617,64096.52182109529,0.6287294059676674,119605.67942408792,76229.14989831638,0.5690281156700867,130812.63773266195,84188.87846569969,0.5537995055482035,138200.8915776119,93081.23883922031,0.4847341236651026,140445.92274067434,99483.400246802,0.4117523364928324,138613.75730769284,105817.04576894682,0.3099378866648588,134808.74673811585,109869.2120685012,0.2269929327796158,129750.67567741654,110729.3824999268,0.1717818048655901,122465.03424736772,111636.7362757226,0.0969958306995035,113945.0745198112,107669.2131429788,0.0582883555441089,107381.2976530966,99484.32437417464,0.0793790713119821,100602.68132510773,93246.00740356612,0.0788953235252434,92613.01710479884,85197.14300337547,0.0870436946592159,85446.67079843106,79862.01233741097,0.0699288472399786,79691.70544186693,73662.70154396232,0.0818460872536213
2,26200.07553634001,25574.77360985053,0.0244499496272618,30239.15698394736,26573.08612925473,0.1379618022859823,44749.18341968708,37714.89856448918,0.1865120979490342,65859.73656105375,51833.00531449845,0.2706138909262092,90456.15292237376,66711.23409654622,0.3559358352067552,113105.66055537207,80894.70412639288,0.3981837473396479,128223.41170145076,94865.73032937507,0.351630470310589,143912.12770980378,109085.43157892147,0.3192607447831912,150753.72338356345,120799.64597896016,0.2479649436209474,154349.66570887234,128590.38551791452,0.2003204212135221,153248.59333872126,137627.3258162283,0.1135041128631084,148271.20993077208,137107.51801296708,0.0814229013813025,141928.90552557836,135182.6301782879,0.0499048978289076,134888.19324826484,130051.7941363123,0.0371882536805554,127304.06884005918,121981.90055764256,0.0436308030788685,119539.7132736449,113167.56222889938,0.056307221956914,110071.80650037792,104866.22850238648,0.0496401756059434,101471.823197842,96949.8316745714,0.0466425928252192,94770.5832381878,89116.1431701972,0.0634502332219599,87847.29221607507,82896.97014842555,0.0597165621226694
3,27636.836184079897,26266.613666346588,0.0521659371527161,31397.349797251787,27490.3133598648,0.1421241142740543,51255.83339091548,40173.75644907774,0.2758536398229234,73818.26513296488,63266.79685753045,0.1667773429275252,99046.19343925345,90096.05341004871,0.0993399787277085,125207.75623268697,108250.1120731902,0.15665243975019,143304.41782447346,130127.19004248852,0.1012642152472698,155025.3749477105,143174.70862498364,0.0827706683431583,161763.38384906767,153582.56372593256,0.0532665943624548,165210.98024520726,156979.2325998686,0.0524384500357504,163683.33190995536,155997.8483055406,0.0492666000710588,159471.65328697732,151033.27026749,0.0558710210309447,151970.27412120433,143607.80537957518,0.0582312968262832,145359.37174525709,135405.74624631455,0.0735096240364574,135286.02581677196,126141.37464840352,0.0724952553740396,126033.21195157136,117555.5471915892,0.0721162460004158,116904.83552163672,108074.15250271295,0.0817094820031281,108190.30452254042,100575.39291935276,0.0757134661088894,100576.33592351692,92473.19634983945,0.0876269004806769,92753.15182627105,86180.22263880282,0.0762695777082935
4,27762.26855291477,7464.590905324754,2.7191949170464214,31155.76208620599,9238.082637857462,2.37253554742305,51750.80706229574,13499.893761625615,2.8334232828854544,71466.91911237496,21254.20045539364,2.3624844774736715,99083.49466578012,28281.73873401943,2.503444240031641,125143.74421369602,34679.019569157885,2.6086298219628388,143564.39495487438,39678.46761525064,2.6181940378084207,154447.86727672367,43175.92351616856,2.5771757660003707,164474.19891987974,46374.0167882158,2.546688648322451,166984.99982259638,47388.02118485933,2.5237808131129302,164840.29389628314,46876.22136058249,2.516501311577449,160688.06468715702,45394.14711410378,2.5398410346436906,153826.21841362386,42290.834419752005,2.6373417674109327,145580.35964514466,39634.5223745878,2.6730696101054936,138160.03361171062,35898.614227547834,2.848617462946231,127707.8682440376,33653.8597898516,2.794746547394489,117817.26904054252,30593.246785357456,2.8510874595020828,110463.2288698488,28247.14589146871,2.9105978810840227,101711.21473989503,25960.68484591998,2.9178941288939124,95189.87428140908,23794.46561437974,3.0005048158712526
0,20619.31661696691,19759.601669208994,0.0435087185536533,23537.47092602455,21320.82027930799,0.1039664805423943,37106.4820508465,29568.88255901845,0.2549166163713918,56802.51878192864,40270.048216840514,0.4105401234204238,77124.39245847352,51399.93427948715,0.5004764799719321,93837.34417306424,66539.22880797724,0.4102559625971242,109301.89676770856,77261.12360734327,0.414707574319046,118409.1698300792,90305.83367532432,0.3112017796745501,122188.56308386772,98658.13657585163,0.2385046720391388,124248.75521250509,100466.24869873557,0.2367213549008406,122328.46055663248,104721.7634792702,0.1681283478466972,118610.57043836667,104557.31944179274,0.1344071469276466,114383.79750835932,102270.5495828143,0.1184431683897055,107755.80593907372,97742.3468987003,0.1024474995546336,100627.81325061683,93718.63890557348,0.0737225212159207,93245.90701624689,87286.52524720329,0.0682737885620499,86858.73851822803,80070.86695178613,0.0847732992641274,79277.49368269072,74412.94712187463,0.0653723142136657,74002.58362829487,69003.9867629098,0.0724392473518915,68464.72773499176,63846.06235070842,0.0723406458320461
1,24755.81656948089,23275.12936329586,0.063616712202684,28579.930047290123,25168.79059194593,0.1355305270979434,42737.15749508841,34079.010581954055,0.2540609825603073,64703.08563251536,42979.48754540118,0.5054410680017196,90501.28963103108,55803.15647719104,0.6217951697413848,112581.68108790078,81359.68539402046,0.3837526600880268,128742.7077960025,94266.45392082162,0.3657319485480905,140362.0629665091,106127.3051754908,0.3225819946563999,146024.56513382398,125781.1248197404,0.1609417974524787,149597.03476329712,136772.85318559557,0.0937626237883597,148181.21495471924,139026.41307422728,0.0658493711954155,143261.1938549276,134531.56347501528,0.0648890873964573,137504.59605985988,127011.973159072,0.0826112896273703,129039.92585506794,118277.2727807388,0.0909951068476262,121398.62915190397,110519.49577064744,0.0984363284088187,113664.28907331893,104395.14751721355,0.0887890076938391,105116.6404566974,95521.72224394346,0.1004475001848315,96651.84968018018,88763.52155685521,0.0888690307118145,89894.42576624139,82857.04666445158,0.0849339843150489,83479.0675760268,76122.70869718873,0.0966381649410452
2,26691.89619138769,26113.056630704523,0.0221666719782835,30208.820107363084,26931.606667773507,0.1216865180015831,49095.82237809232,37572.78168158786,0.3066858555790985,71506.69693348839,57364.335891814655,0.2465357756140556,96528.1409473226,80251.27637985535,0.202823746882524,119739.6814345474,98560.6592119762,0.2148831226566889,137913.52931964942,112428.15422857773,0.2266814328309383,148726.3829418486,124354.63643280344,0.1959858289820557,157473.23394389922,140572.16038594142,0.1202305884149168,160586.18773177068,146648.21486515776,0.0950435904005297,159471.60774684825,146112.89653063353,0.0914273245785251,155025.2022306396,143304.3805757597,0.0817896955263246,147231.3138840196,133743.58080567053,0.100847704219515,140151.9655470768,126358.22803480992,0.1091637460163408,132187.44475564922,123405.27405896282,0.0711652784992826,123334.92438654622,117067.1936351664,0.0535396002650654,113788.95887148584,107726.9271000189,0.0562722054239852,104838.33338294376,99715.99157484062,0.051369311252936,97675.10921391447,92799.90754112929,0.0525345531257614,90275.84308197608,85634.43589284072,0.0542002424695529
3,27955.726981976062,26577.31750410445,0.051864131045533,31841.20203584061,28000.8901213218,0.1371496369536675,49513.68091348464,39737.35079645786,0.2460237011546886,71571.71628795878,57615.89696452413,0.2422216794095504,100261.6779192991,73547.36821494016,0.363225909406943,127633.88554287716,94175.923676789,0.3552708649921565,145846.281598519,107918.61250111816,0.3514469674728986,158119.31090992273,126518.4663199563,0.2497725866360893,165369.85908422677,137649.20709334844,0.2013862090181111,169917.56034217402,143610.69100046286,0.183181831091018,166436.75633816273,147123.04356474738,0.1312759191588881,161711.9341563786,147659.59140147344,0.0951671518357251,154445.76633416055,144435.98130261266,0.0693025722626279,146827.31470501103,138118.6539849928,0.0630520242469527,138324.1957772425,128296.97318554133,0.07815634572454,129600.5033029254,119538.75812512392,0.0841714046189909,120210.39495476264,110369.9765840571,0.0891584711283426,111392.34208742484,102379.5425114434,0.088033208147751,102810.65088757395,93980.07491233286,0.0939622146872993,94698.32920020793,87200.7348003831,0.0859808626267664
4,28598.57114995556,7532.943847186904,2.796466790421567,31888.07973661956,8933.274508434932,2.56958466982184,44259.01447305356,16446.608306739072,1.6910724477409866,70369.21506959517,24705.80055308836,1.8482871833432115,98509.74994448324,33874.948037317154,1.908041359531044,119076.9542450461,40926.94905952448,1.909499901198588,135704.15731474722,46497.31474940217,1.9185375122440167,153439.17939866794,49435.29085407267,2.103838912399704,159220.75575106777,50656.1014928207,2.14317033997639,162808.43800993543,50045.256137867465,2.253224192946913,161256.1923804754,47832.84861674631,2.37124375912706,156007.67897942674,45160.45082931664,2.4545199641397693,150568.8178971004,41992.650766327664,2.5855992691424925,141046.33312627627,39476.77523126672,2.572893993999885,136047.48392353827,36363.88429831699,2.74128029908606,130129.17979232364,33493.14599111963,2.885248039310075,122050.6594110873,30491.51860553232,3.0027740497301005,113167.53827099218,28293.04230200618,2.999836322408064,106951.59477425634,25712.014473287458,3.1595960863109243,97527.69191542872,23634.18552826052,3.1265518457917763
0,20579.891124877107,20002.932874385588,0.0288436827796554,24525.993802175,21428.816316689947,0.1445332975798949,36583.07321213601,29875.317170294653,0.2245250152025484,55799.3675337943,39793.79605471136,0.4022127332883081,76229.56573159035,47168.839294538215,0.6161000964129542,95278.50542599184,59059.40081061519,0.6132656972176174,109008.13074114424,70525.38170015873,0.5456581462344487,117164.50637767962,80740.53660059685,0.4511237020539385,123125.22695137758,86471.25239180605,0.4238862459570995,125207.8719470162,92315.4764648304,0.3563042378351031,123509.85527718117,97827.73558448216,0.2625239104151644,119371.74645095132,101578.00356382564,0.1751731896950026,113851.3663559822,103517.44645467734,0.0998278092749256,106980.0617003632,102594.76727930084,0.042743841010175,99949.34056005596,96158.47316727632,0.0394231238071456,94386.14514953576,88983.67999309427,0.0607129886835513,86858.67980198695,82558.50700255517,0.0520863682684897,80567.61775268705,76264.7843632983,0.0564196624341266,74207.28196570366,70318.53603087997,0.0553018614198106,68786.88191713131,64969.83437096116,0.0587510739888266
1,25326.982277609284,23641.44174350641,0.0712960128400732,29396.290695834843,25383.190751338778,0.1581006889090332,42448.929222297455,33254.30933680174,0.2764940865970788,66092.14108796556,43399.17675826515,0.5228892809672627,90411.01621371644,56481.7346721965,0.6007124557777055,112122.30599290866,68988.6384087124,0.6252285677629639,127891.12898299449,79299.40688749752,0.6127627431619291,140236.18318606366,90795.55823496928,0.544526912023023,149183.7117658097,100864.76731078778,0.4790468043825455,151033.2291558194,109656.3009654776,0.377332883072248,151033.2291558194,113384.63820492163,0.3320431369446619,145757.5640670428,118343.1952662722,0.2316514163665117,139858.97268290483,121159.6432288706,0.1543362868666686,131419.0171729964,120887.34032564702,0.0871197663790028,125422.33382341891,114667.0912460581,0.0937953728527194,117034.56892961268,106070.79794087369,0.1033627652622208,108016.15357321054,98306.48290741176,0.0987693830420486,99226.035315737,90772.87082924948,0.0931243488199085,92101.85407542202,83903.87594352597,0.0977067869595671,85031.40535779287,77395.854038572,0.0986558183777586
2,26948.83979114348,26295.7983015499,0.0248344424498829,31407.910234166226,27561.22580795541,0.1395686989038234,47204.36303677372,37312.6010709041,0.2651051302232341,70893.09429813892,49484.92834434357,0.4326199242893809,98154.42017533956,61730.82357947988,0.5900390515438927,121091.48602517036,75176.09880529906,0.6107710821598897,136611.54128072824,87933.85656443647,0.5535715891253055,151782.24423141207,97174.154334417,0.5619610509710815,158768.07681845233,106641.99352477,0.4887950944162995,162486.0726493231,116516.85533078092,0.3945284756273215,160739.1418100453,126612.7867600325,0.2695332432315229,155219.0373174689,131841.25437744003,0.1773176616865466,149643.049118431,132574.05547227533,0.1287506336390624,141078.7662969979,132574.05547227533,0.0641506424045474,133665.18964338087,127157.90189461871,0.0511748593819598,123755.39000086,118806.11389342535,0.0416584293959347,115173.1935943728,109626.6883477406,0.0505944795945896,106894.3373953452,101206.98788455292,0.0561952255439106,98790.25210884029,93837.36110082702,0.0527816527437448,91091.18087697423,87136.44741827023,0.0453855255278035
3,27779.90703392985,26725.961443533128,0.0394352731752423,31471.382041746823,28123.652557519366,0.1190360845690501,49124.45000720972,37365.40512494989,0.3147040649750108,74378.61444241626,47907.488617584255,0.5525467226248191,101551.56134437866,61322.66673379808,0.656019980103187,124602.61581951856,76350.82032467777,0.6319748142803523,146737.7452918025,88786.1487418338,0.6527098806647911,158319.50531397812,104327.92214042708,0.5175180533249526,166705.9594167665,111691.31976168438,0.4925596704602184,169476.7886577193,121603.0599522015,0.3936885200449358,168491.01605340498,130584.82554483446,0.2902802094379333,162020.9132778629,136812.31150289485,0.1842568223433216,156782.25172504148,136307.62866895695,0.150208930021152,148225.63721899517,133040.11382092978,0.1141424414181191,138118.6539849928,130014.70143806135,0.0623310476222731,128482.0720570375,121364.44155096971,0.0586467536545995,118739.82572057836,112397.50097316178,0.056427631330798,110101.57791086416,103790.10133034398,0.0608100049968345,102540.89631050498,95400.04402536056,0.0748516665594634,94170.87506275588,88653.73282179331,0.0622324866122989
4,28174.20273501305,7565.636842248006,2.723969749338582,32596.0900964866,8865.925394817652,2.676558130698889,45353.4972668724,14572.469013445334,2.1122726852276617,71751.00917214295,23540.13812694601,2.0480283839121034,97452.71491256494,34418.96913734953,1.8313664631755264,124890.67323366251,40181.59397629544,2.108156269443666,141290.70132583292,46257.71838557689,2.0544243481297,156100.88468975294,50095.38270676297,2.1160733036715387,161711.9341563786,51071.40021629188,2.1663892799397373,163846.5601508673,50164.50363607667,2.266185216134267,162127.10044489312,48873.85909477041,2.317255961525678,159331.39855772982,45901.53136292155,2.4711564914462727,152333.83253646636,42863.75244510913,2.5539079956087245,145757.6025218533,39663.405284027634,2.6748635544046326,138736.60511965846,37027.32989905827,2.7468703656967444,130733.3516464131,34180.65805082589,2.824775738723797,120989.35890431008,31166.23527933864,2.88206524849406,112766.47898975945,28781.231721568653,2.9180560471028154,102433.27402058378,26442.42024938856,2.873823691420698,96330.60612817308,24041.38069803705,3.00686663291507
0,21106.41594146133,20312.56776879816,0.039081625804227,24476.568979272044,22193.10970109536,0.1028904605497436,37266.10076096123,31072.350298532445,0.1993331821674691,59610.31678611375,42976.03859533058,0.3870593645778815,78144.59199644875,58322.47716319268,0.3398709347991449,98004.52291469507,71973.54279899565,0.3616742917379729,112061.39988982108,91188.82697887732,0.2288939731155725,120176.82823639976,103944.26834788424,0.1561659930510821,126866.28212270116,112764.67110325152,0.1250534487573475,128927.77453377625,115681.57146789742,0.1145057323979623,128001.6381955035,114859.86630585448,0.1144156989931928,124602.7878273073,113525.6437654564,0.0975739374333455,117948.43963715673,111422.66645894216,0.0585677347850872,111604.63661127989,105760.77165611889,0.0552555060222359,104616.419510345,97248.96441200004,0.0757586997752735,98154.42017533956,91342.35821883328,0.0745772507885802,89737.9797193146,84025.8679192302,0.0679803962938552,83843.06584211452,77232.80661596691,0.0855887480435162,77268.99196493792,70958.56421016253,0.0889311646172179,71474.21809487291,66413.53854196191,0.0761995169059319
1,25350.8236858848,23728.725088894545,0.0683601243182434,29934.685111912902,26063.51040086842,0.1485285232688955,48396.848510823096,31641.444378838554,0.5295398001233587,70128.4433674941,42067.4545406411,0.6670474630154637,97649.93055601878,55263.329539219005,0.7669932552058605,119505.64222334654,68060.41227985329,0.755875966956516,137913.52931964942,80147.26016356646,0.7207516393971816,149092.24618610129,88369.15901047122,0.68715248459516,155900.19217700677,98154.42017533956,0.588315553171342,157969.45887145432,105061.91397163978,0.5035844379733678,157077.85561281696,112737.3246065016,0.3933083489525899,150940.34804497162,116390.45821316369,0.2968446929604096,143608.02976099873,118641.02146810546,0.2104416160948614,135645.5557408202,119472.84404205906,0.1353672613089191,125817.0913246158,116130.6963990748,0.0834094277042341,118542.55531818367,107813.71685884622,0.0995127407895979,109508.68895841444,99174.4723807694,0.1042023852465579,101259.95095887952,92287.22986453296,0.0972260312452488,93293.9669348445,84639.5010473195,0.1022509086234633,86624.62155275786,77613.9636625688,0.1160958346279468
2,26585.785590398613,26291.6268250227,0.0111883059703232,30243.9337651256,26996.40193951856,0.1202949871943177,46133.76640648303,38738.64381150674,0.1908978184925429,70861.01286578467,56007.17936478461,0.2652130257132647,95987.5226695265,81867.64655317705,0.1724719924271658,122951.0262582957,100837.88021771908,0.2192940390340627,139859.11502800905,123516.50028374142,0.1323111868189712,150663.33777755144,136207.54508656132,0.1061306308824765,159774.48504397337,150289.51791625825,0.0631113018341051,162849.42132186532,153965.26220415992,0.0577023608476363,161917.82654481634,156193.42280852364,0.0366494544607696,156586.32770419613,151500.71785370784,0.033568222794819,149367.20503352737,141502.92653568383,0.0555767904620709,141843.56373482314,134294.38447951502,0.0562136628762734,132341.89644957992,128112.26799456764,0.0330150150428343,124354.63643280344,119639.16663307702,0.0394140976774635,114541.05771324552,110340.15964461595,0.0380722493257199,106072.51843678569,102031.22994794694,0.03960834825671,98713.60960108109,94410.1210317517,0.0455829154999394,91525.75013570995,87157.861768884,0.0501146801697391
3,27654.67804813019,26632.40014380311,0.0383847456033716,31759.081316862943,27829.330859999623,0.1412089452180012,46632.25299035246,38211.48169360955,0.2203728021923627,71086.06901409027,58390.95062422124,0.2174158538977948,99509.32335130608,82498.94378874941,0.2061890586880024,129450.57776561491,104922.58105681748,0.2337723344369033,143477.64885680386,119605.67942408792,0.1995889287838304,157621.87848435674,132264.63855059637,0.1917159432153155,166222.55144554822,151219.97729522898,0.0992102658568021,169037.85469530843,159876.77075644454,0.057300906789141,166543.93276594506,161047.9718324217,0.0341262350030846,162537.75683535112,157127.21138084162,0.0344341722032826,156047.59438738672,149643.049118431,0.0427988156261573,146424.9135786483,139525.0283651061,0.0494526702082922,137872.63610927135,130581.05994379336,0.055839462236074,129563.06818385929,121467.08634679468,0.0666516509167773,118343.1952662722,112428.15422857773,0.0526117419456038,110372.74362915732,103217.16856963288,0.0693254345055696,102245.91827459894,96256.63735448994,0.0622220044738517,95375.7572319181,88631.79337998354,0.0760896693472255
4,28460.40455008157,7623.419458751314,2.7332859229476627,32571.3989510866,8936.52179069445,2.6447512481872986,49807.92388040452,14212.401559660775,2.5045395861720463,77089.25666059641,25050.998219809164,2.0772928082218223,103790.10133034398,33746.71305102351,2.075561793926953,129525.63299806602,40880.71736230567,2.1683796507322537,146916.92306012256,47112.89859235851,2.1184012754407724,161506.41579028085,50364.11648072512,2.206775519473097,168164.2482342062,51286.64755151086,2.27890896095922,174416.96145032425,50726.26118578548,2.4383957613497325,172034.00418480992,48644.09489592699,2.536585572264692,167789.68945616845,46912.527363756766,2.576649967185477,161151.8477463784,43817.52556574936,2.677794345200205,151817.10485232278,40484.27704347149,2.7500263297107552,141249.5178817703,37842.8066563668,2.732532820950425,132963.08505217897,34442.23403340235,2.860466336859285,124164.96886613562,31514.17885611318,2.9399715738444465,113470.46565498828,29088.95531387019,2.900809239473902,103844.90071980322,26751.553446666207,2.881826934904389,95643.76799331402,24450.047687593065,2.9118029222432766
0,21144.017363299023,20351.33602950473,0.0389498425383518,24993.11369071984,22089.872139071704,0.13142862635737,40529.934909461226,31963.652225279253,0.2680007473428558,58846.37223609386,50384.13761297073,0.16795434087066,80721.68264630037,65026.820213841376,0.241359832463686,100916.9357792906,89427.85136785047,0.1284732243446307,116002.37953599048,102273.74706079008,0.1342341790512504,124496.70694941624,113754.5538307575,0.0944327304438357,129825.85459581618,120301.98032721976,0.0791663964524242,131764.22052777815,125817.0913246158,0.0472680550833779,129750.95397157795,122534.54074658164,0.0588928899641518,125853.32069947766,117132.16251758944,0.0744557087860355,120244.09564164597,112153.12408255885,0.0721421861876192,112827.80844365904,106524.04882356216,0.0591768684134219,104893.8948673889,99174.4723807694,0.0576703091967094,97926.95122188116,91411.60990873048,0.0712747682669181,90727.9255279633,85197.31300034284,0.0649153398487838,83620.34641517978,78273.4433598741,0.0683105639127497,76944.1739460649,71832.61857550898,0.0711592514921721,70717.4072295535,66530.95152942643,0.0629249334916759
1,24898.949029749456,23699.583373931266,0.0506070354442371,30274.086358343862,25426.520194503653,0.1906500034907681,46381.617273579504,34761.41059973174,0.3342846700800295,69455.4943832231,54085.17091281763,0.2841873883542236,92917.08731415276,77038.38256226688,0.2061142020868858,118145.5838282816,98205.07091406255,0.2030497277647567,135246.28614725132,121537.02129457958,0.112799085469138,144435.98130261266,134136.68329648027,0.076782113237197,153105.71723500604,142528.35121144177,0.0742123650042978,154542.12401495426,146558.80117502765,0.0544718077380594,152631.14940330308,144874.60433406377,0.0535397152930519,148817.68858019914,139694.37940756537,0.0653090640534366,141248.35780636274,132189.493860479,0.0685293791611383,134018.588413659,124638.09053032976,0.0752618869834704,124602.61581951856,116002.37953599048,0.0741384471415933,116840.07062705047,108132.1514322154,0.0805303425438066,107871.40884635127,99664.27732902297,0.0823477753240913,99225.8663914669,92101.7886588853,0.0773500475540909,92613.08319326185,84639.48705101533,0.0942065744968485,85135.05155225514,78016.04283383946,0.0912505743668379
2,26476.01998923295,26212.525596374213,0.0100522321624432,30695.404818568524,27078.55467589617,0.1335688032822473,44988.46591097228,37897.10999333624,0.1871212849444978,71247.44029114368,50928.85867364746,0.3989600817033394,98866.96919190306,65743.9638537786,0.5038181970864044,120009.28682020184,81049.91712257406,0.4806836463349917,142017.28688617703,87674.11833696868,0.6198313662002803,152822.23738671653,101524.8840159544,0.505268770981318,160892.0958883199,116259.2143758234,0.3839083358005051,163369.62164184838,124213.25236502064,0.3152350375768316,161301.27055142127,132187.73290905493,0.22024386833532,156782.2958299273,134219.48708618458,0.1681038218336712,148863.38138479687,134573.98463497224,0.1061824600689664,141290.70132583292,135007.31314361232,0.046541094966735,131956.2792076888,128704.63400330055,0.0252643988273557,124001.6036252198,120075.64571614818,0.032695705158666,114007.6032437541,110549.4270954788,0.0312817193099386,106099.05155818224,102057.84823980516,0.0395971832453443,98255.75847969028,93932.48105034408,0.0460253724910035,91091.16485248812,87093.81050321,0.0458971117026827
3,28524.103345618445,27100.23544544872,0.0525407944530922,33423.22011483827,27596.803141550536,0.2111265186551738,48799.16736339927,40685.58534954547,0.1994215382216306,74930.7011205943,58121.96259710278,0.2891977106831109,103625.9681525754,81943.15825661462,0.2646079350280654,133118.01663183747,111939.39911194392,0.1891971699679582,152536.48782940814,133433.5357172939,0.1431645501217004,166436.70697724752,150296.40177169957,0.1073898311289254,173731.73891274584,160895.8468171582,0.079777647151914,177433.8077325764,164734.48790784716,0.0770896245589645,174876.2527251222,163526.28561839572,0.0694076005200332,169257.016222174,158368.22846161746,0.0687561379345451,161507.16204608916,149828.8069433014,0.0779446579135285,152725.8948439527,142485.42338200752,0.0718703093894046,144436.58614773973,134215.63271650154,0.0761532261508426,134452.34949534142,123895.9782175462,0.085203502403117,124178.00608598469,114478.11447811448,0.0847314061040427,114761.8989610381,105228.34744726207,0.0905987003032049,105788.89814461344,97549.47105717128,0.0844640877920623,98484.42489301792,89939.1849344982,0.0950113119742315
4,28937.234833615545,7670.026465191432,2.772768577128152,31898.861179366395,9129.246941146308,2.494139372613031,49650.98889059492,14864.048932276355,2.340340785799009,74481.67881393488,24059.82499418798,2.095686640776775,106014.333187293,33365.8913707137,2.17732657010162,134142.24462891603,41512.23860706121,2.2313902870585856,153010.63534652742,46569.16413810362,2.285664198154068,166543.93276594506,50244.21841354318,2.314688496001236,173050.73478695023,51875.66645126829,2.3358749221952286,175631.2338867417,51667.796551883526,2.399239867145818,175281.20122901053,49689.96889165888,2.527496698804209,169476.99295957183,47085.65271910232,2.599334047052855,164102.5056817858,43991.81023323702,2.730296725952911,154253.99253991674,40880.70983914816,2.7732708934569463,143971.46713151532,38184.00550878543,2.7704652828627467,133352.1146320826,34961.309578773755,2.814276874600984,121844.21747831312,31823.49320947732,2.8287505609857693,115620.22722533451,28682.65599727724,3.031015371669556,105452.01289951398,26649.49341891369,2.956998778245913,99149.01903536156,24529.80465188756,3.041981599218814
0,20882.71385504884,19588.117248988343,0.0660909157120426,24533.764429645475,21112.67682067154,0.1620395006295141,38696.66966278159,29061.763083852267,0.331532073643626,58810.050612224586,47790.52634244722,0.2305796799728883,79861.99975784917,63207.53893592069,0.2634885189694325,99174.4723807694,86203.57351193743,0.1504682270165489,112643.15353545644,103899.74095078066,0.0841524002337763,122257.59781000752,112458.87851031523,0.0871315758212323,128297.33650779644,117201.68308242375,0.0946714512416131,130581.34157904718,121160.97637191202,0.0777508195231002,128038.6153381272,119272.0257540324,0.0735008022935201,124001.6036252198,114919.96984789378,0.0790257236348592,118343.22130540898,110729.29047395478,0.0687616691018635,112458.83115142124,103298.7583363755,0.088675536497907,105621.9728160941,96305.91433895072,0.0967340224231225,97827.11398265882,89337.59293299288,0.095027420942866,90727.78236746731,81515.5102236188,0.1130125066821861,83660.66271787649,75086.87849147737,0.1141848535809393,77413.97038490475,69297.42777532047,0.1171261743783642,71118.30253548466,64124.43840479331,0.1090670624909293
1,24895.065886208948,23346.36857016296,0.0663356834872062,28014.534647942462,25066.66195187792,0.1176013264839077,42330.64409666232,34168.831676537375,0.23886717864367,65198.58548902323,55999.24312906792,0.1642761909969483,88807.4920221974,71913.29559688762,0.2349245196606031,112743.98554003684,86674.9516228539,0.3007677931060908,126648.19014025362,100210.81215289976,0.2638176202685214,141417.98564966657,117421.17903509775,0.2043652330164052,148955.04735382914,129172.90699441292,0.1531446556379803,150800.266646738,137955.56698181585,0.0931075124109723,150104.40663838145,140446.99875129372,0.0687619384746645,146469.465190442,136614.4017593616,0.0721378076115248,139733.55702475688,130278.26172889408,0.0725776900181478,131802.43489444628,122916.20292672838,0.0722950413056209,123791.4857930273,115554.84832075436,0.0712790297591829,114667.1157983442,106837.25252689888,0.073287763268472,107094.46868730274,98103.8062283737,0.0916443796074524,98509.74994448324,91525.65314080416,0.0763075330687306,91388.23028257248,84066.6931090561,0.0870920087699711,84721.77881625084,76674.94987899263,0.1049472996064242
2,27632.38047514566,26585.7820323457,0.0393668480967235,31439.62000535242,28114.75004265836,0.1182606979485592,48816.27902352387,37910.705555832734,0.2876647455592729,72358.67369222152,61715.27614980864,0.1724596924200245,100943.14560866912,82896.98361958779,0.2176938315620111,126069.20760161862,109953.22065080052,0.1465713041912679,144479.84347645158,131342.5239226528,0.1000233523876494,157770.70122713974,145228.74234696967,0.0863600323013591,165688.932915237,152253.00533099665,0.0882473718993643,169754.24348864082,158523.8454465542,0.0708435882970863,168110.491289676,159522.3150875899,0.0538368327802321,161917.82654481634,155025.2022306396,0.0444613147733372,157077.89987436746,148363.38946522903,0.0587376066329408,147051.55024257698,140026.26479948102,0.0501711979045946,137709.8923130972,129675.55860210366,0.0619571937657588,128223.0487705197,121330.28124276332,0.0568099526116236,120955.33463054828,112122.09406354,0.0787823367087885,111029.98365105316,103954.62206329562,0.06806202020964,101737.59758247294,95327.07901287675,0.0672476135425301,95084.55897723728,88238.25132216612,0.0775888863671452
3,28593.9098666555,27130.649164634106,0.053933862516228,33910.03460207613,28237.95714319775,0.2008671317870005,52126.62883158096,40596.18855013593,0.2840276561235555,82977.01942264027,63439.75330088554,0.3079656698709452,110972.06268374225,91209.5942006654,0.2166709396776667,135246.1524743753,114701.87905336864,0.1791101731772659,157572.30062140417,130702.40946523842,0.2055806871969874,167567.6370113819,147817.70474106344,0.1336100591259688,177316.18404351425,161150.2685523113,0.1003157837490995,180044.83652138466,167081.74563136164,0.0775853211315134,178140.33451855258,166866.20366369453,0.0675638961474798,173049.40661560473,160944.0998225786,0.0752143558314393,166329.62921139787,153486.88935489944,0.0836732043399672,155413.21865161668,144392.68595570727,0.0763233443783293,146201.92258118046,135166.47262599462,0.0816433967742942,136368.7219119258,125637.4337973367,0.0854147350056475,125889.05354211525,115554.87322823654,0.089430934630228,116452.36933684374,106410.48003685368,0.0943693637742468,108219.40316922296,98408.0424901019,0.0997008011830729,98383.19761657236,91411.02928202254,0.0762727253955228
4,28386.61901681903,7702.4866695079645,2.6853837253875272,31631.47260417937,8822.723144452139,2.5852278357016925,48710.95775384976,15102.43541266869,2.2253710360508165,76549.75769617909,22851.457387000955,2.3498851473571394,104461.3186785879,32576.938364304704,2.2066033189002363,132270.0554543367,41246.62192241789,2.2068094134624583,148180.38200361154,46288.09260121764,2.201263514576393,166329.5799103804,49847.56469555252,2.336764412188437,172258.7468219004,51689.65158943122,2.332557707878253,176148.27124985348,51647.07248404316,2.41061482825142,175395.0422621969,49906.624492865805,2.514464142676485,171026.69295114282,47406.440676556165,2.607667871925268,164263.64266244505,44621.71930046475,2.681248621469728,155025.8931001104,41153.037294662834,2.7670583580526102,145936.4636751633,38370.03043329822,2.8033971312286727,136732.44017161353,34991.97171398303,2.907537457141185,124319.33324291171,31673.469387755104,2.9250304954269803,115554.84832075436,29198.99873425711,2.957493521350856,105732.64516762432,26713.278454658488,2.9580557417199302,100209.52623836472,24472.77824680837,3.094734370889565
0,21444.78435201197,20607.17485073844,0.0406464984812573,24790.62045890708,22311.702955241053,0.1111039129840925,38759.65482520692,33707.65657173322,0.1498768756802344,61151.78966283534,52846.80717206668,0.1571520198699618,84496.16783829987,76300.2338561438,0.1074168920321876,103353.1717230367,95060.87920921178,0.0872313887984888,119071.79171878193,112305.8010689024,0.0602461367576945,127084.90778256045,121400.15835772372,0.0468265404406289,133040.11382092978,127597.239285452,0.0426566794544931,134531.4311222043,129375.7073940284,0.0398507867668971,132923.3891878769,127230.9555591291,0.0447409484879826,127453.46498470489,122188.81184069515,0.043086212761227,121878.9270412655,115842.32194471823,0.0521105326206083,115618.63149611528,109537.96341765644,0.0555119694463728,106353.7811114678,101471.80363390328,0.0481116655339848,100183.4695133011,93647.51035075307,0.0697931972571168,92659.7066081058,86159.14439245837,0.0754483144126538,85634.43589284072,79956.8717546706,0.0710078322672556,79146.30243209041,73662.70154396232,0.0744420279624884,73325.69163799594,68571.87106880147,0.0693261026000695
1,25764.77925097364,24015.330254263004,0.0728471762906566,29821.07797224397,25772.921179198274,0.1570701576627264,47860.892769899336,36686.95513886278,0.3045752254102962,71816.29672062253,60315.77430022618,0.1906718856521954,99586.6775709566,78940.82848234923,0.2615357538744818,122154.07336041986,100470.66768905697,0.2158182698503614,139984.7091567196,115405.05537688496,0.2129859363574968,153773.82811243462,135565.54097094637,0.1343135358076765,159471.60774684825,145317.00187146693,0.0974050227646525,161917.82654481634,148452.9449307548,0.0907013439197328,160433.64892742864,147727.27272727274,0.0860123927395168,154253.3081285444,141716.1348966551,0.0884668018996699,146827.27571844726,133548.30463176256,0.0994319705016044,139067.9348623413,126322.05641849108,0.1008998650372228,131534.07408974494,117555.5471915892,0.118909972622337,121159.6432288706,107784.7723074084,0.1240886874382989,112674.70960028408,98154.42017533956,0.1479331180297942,103571.31138900464,90140.9536466353,0.1489928517399334,96305.91433895072,83484.08926789742,0.1535840563572363,89271.22283791206,76496.26516082842,0.1670010640418211
2,27279.02611211237,26824.24050974282,0.0169542769423189,31181.906477004828,27955.602881416995,0.1154081208433699,45177.69858774826,38935.33923724101,0.160326312106112,72840.0020843017,59408.82468289645,0.2260805103130079,104533.77069820475,91091.16485248812,0.1475731029182185,127487.7191761025,109007.77320530408,0.1695286989854705,145758.1793452591,127597.11941032347,0.1423312690667706,158567.88252157,144894.71758170193,0.0943662071887345,168273.07001322616,157969.50360717176,0.0652250350274989,170637.6443105663,163640.8787682057,0.0427568318810569,168491.01605340498,162540.77789911348,0.0366076638195045,162124.0938533697,157374.2562094251,0.0301817956656378,154928.4142757588,150847.17905721744,0.0270554295018889,147006.68754045106,142099.80867346938,0.0345312137489022,136813.4368419288,134215.50094517955,0.0193564519631035,127964.78170439388,123229.9491705984,0.0384227419199907,118277.2727807388,113539.81250741662,0.0417251021355413,110012.6728703391,105033.07960175828,0.0474097616432971,101312.79710347208,97124.14251267638,0.0431268115468714,93647.51035075307,89872.02274260668,0.0420095986818878
3,29046.09203333104,27499.164206092904,0.0562536306792695,33092.53945524696,29367.2952708419,0.1268500946392488,48953.0623684732,41752.32755074765,0.1724630754770126,76424.99577616144,54596.16950449463,0.399823402809784,107698.20121950677,70797.69771230007,0.5212105011826644,134142.24462891603,93261.50422184028,0.4383452824204199,153061.211431113,113758.30794944326,0.3454947967328843,165955.7177086304,127082.2673565335,0.3058920112200718,177140.41618395585,138220.16750988725,0.2815815475790428,180046.89777473354,149757.51004106624,0.2022562189058925,177610.24396364109,154561.74801451754,0.1491216050879462,172542.12864603655,155671.3257375643,0.1083745052503348,165051.7119855858,154784.2658615029,0.0663339136373846,155949.02024127368,145757.5640670428,0.069920598903143,147682.09615707275,136328.41075450566,0.0832818730866915,137097.9348647456,126322.11524142584,0.0853043000643638,125709.51247215326,117099.7419049232,0.0735251028496764,117589.66468784424,107726.9271000189,0.0915531321028797,107987.18707396208,99612.56304684465,0.0840719661352265,100183.8516379324,92613.01710479884,0.0817469808220001
4,29464.094800721177,7782.5013986864,2.785941471940421,33044.35511980813,9524.081655056045,2.4695581491855325,49027.861185138245,15610.898626383732,2.140617485163669,69656.36301486375,25570.755471314325,1.724063553499831,99277.2979408624,36402.23142204384,1.727231108166181,126213.600360993,44376.87205769941,1.8441301630472824,149276.8659967996,48777.9902235951,2.060332443229503,159472.746254092,51719.692421345,2.0834047688241224,168186.44602708222,53255.44057794275,2.1581082458782888,170704.5162768625,52900.3131164672,2.226909373882786,168843.234714385,50888.50492540807,2.3179051921818874,165227.33675521694,47916.836667477066,2.4482104463995817,160790.03403584662,44808.8687933675,2.5883528945423047,155754.14386087246,41860.18579628311,2.72081826437336,149092.24618610129,38328.574906435344,2.88984580173026,139862.10430947226,35547.03783002849,2.9345642519704764,128637.22134987166,32246.57648784703,2.989174522087701,118773.494122541,29405.964291503547,3.03909536667903,109806.06279466896,27384.44330181335,3.00979715323984,102540.89631050498,25013.33793457043,3.099448725265302
0,21573.10896712875,20750.42636786818,0.0396465395301219,25105.88408282634,22975.54513450905,0.0927220196885572,38654.75697171596,33656.42893477134,0.1485103498838735,61836.916781005326,53190.449085535096,0.1625567718288281,84352.34632954554,74481.67881393488,0.1325247721693936,103489.84384607332,93758.59826314278,0.1037904337650061,120109.29286607812,108248.32539969032,0.1095718333063631,129002.3992010176,121987.190736965,0.0575077466877578,135086.89288480347,129450.57776561491,0.0435402855396578,136046.63917828258,131037.68689714008,0.0382252800682778,133979.2453663385,128704.63400330055,0.0409822956561352,129450.60855352411,123755.33339093944,0.0460204421622258,123720.20051176568,117850.35881143896,0.049807584461567,116420.15160896536,109953.67480173212,0.0588109203161562,108802.57312545742,102702.7090834374,0.0593934093507153,101180.6815534727,95084.55897723728,0.0641126450162619,93199.15270009793,88194.69100585111,0.0567433440400033,85843.83621761305,80606.00576400389,0.0649806475828158,80204.1751966753,74861.29030692572,0.0713704621954038,73595.02111367897,68418.86345197159,0.0756539556571402
1,25981.20371961997,24231.39217960198,0.0722125879952946,29730.22171015525,25952.52953900188,0.1455616172395142,44817.372507281165,35892.634796495775,0.2486509491818282,72773.0540901385,54570.10550519229,0.3335699723581113,100890.49355643988,71397.86018342353,0.4130744716613184,121706.8645640074,85672.36095892759,0.4206082708792769,141375.93280205247,101538.7966815619,0.3923341365313271,153821.62287162727,116594.05898446828,0.3192921166945406,160790.03403584662,127446.19125716377,0.2616307513764841,162953.1200630822,134421.23433332035,0.2122572811600003,161609.12827654366,136465.8488595568,0.184245945979224,156291.3413892671,136711.55974825652,0.1432196492898272,148955.2876824868,132825.39916259336,0.1214367780679404,141249.1191047479,127817.53645758628,0.1050840363491014,130809.12143918278,119806.762257093,0.0918342084771464,122916.20292672838,111362.0875295469,0.1037526832829522,113602.24382576806,102138.17759291016,0.1122407556413427,104229.6422530286,94842.90623676711,0.0989714084976298,96305.91433895072,87890.49194150143,0.095748950899609,89182.57490822708,80875.67137511121,0.1027120194723012
2,27252.75801907064,26884.296017706125,0.0137054733038886,30813.448400194564,27874.329991391067,0.1054417598453931,48663.18537997899,34890.62770843318,0.394735164601723,73044.88866273833,47888.8822093848,0.5252995119694754,99923.41716514473,62911.86765101622,0.5883079122597092,127964.78170439388,78255.01525816762,0.6352278672776561,145890.90998791056,90186.79754519332,0.6176526272019303,159976.9059048195,101049.51724428654,0.5831535891267681,168055.52711860937,113263.09012961097,0.483762511920675,171585.98485171254,124180.51285718488,0.3817464665252816,170138.56159864264,131460.1473136383,0.2942215954826612,163161.13335378992,136570.6514128715,0.1947012895218007,155802.62332650064,136855.11390305503,0.1384494074285565,146648.21486515776,136692.74298741252,0.0728310198491077,137627.10325796914,132535.33015622335,0.038418232298844,128149.1848439138,123160.13434788592,0.0405086477247214,120446.70231381211,114132.85516082172,0.0553201542543881,110191.30247773691,105732.64516762432,0.0421691645285524,102005.3424686821,97399.07265640382,0.0472927481407126,94218.6389171836,90275.84308197608,0.0436749821502884
3,28678.00083813672,27561.22580795541,0.0405197881241898,32599.131379957744,28989.04587349336,0.1245327466870971,51512.71327902666,37781.82041986744,0.3634259203650991,77341.54048184995,51327.338361710754,0.5068293613203467,108341.58598133204,65966.59531932476,0.6423704369898506,132729.14996205762,79956.84654070597,0.6600098140999759,156487.4417261301,92955.39184153128,0.6834681520455228,168164.2482342062,105284.1381367105,0.5972420082486352,177551.15300387243,114258.35077395463,0.5539446508827561,180044.83652138466,129413.14257982164,0.3912407421088126,177845.49210955517,135769.41489851847,0.3099083636950683,171921.47531231405,140995.4522833792,0.2193405711184093,163945.0759215059,140403.86745027412,0.167667806441081,155364.73836683662,139483.36518540196,0.113858546216784,146157.409555907,135405.74624631455,0.0794033016149422,135246.28614725132,126939.0979603562,0.0654423130491246,125064.9938942404,117555.5471915892,0.0638799859475154,115938.39663941032,107611.8919369806,0.0773753211894636,107209.07023607523,99664.35302184528,0.0757012611377334,99509.2101389497,92333.68859486762,0.0777129307111959
4,29727.755601102835,7803.595458322261,2.809494707904064,33132.69011526947,9100.298846214138,2.6408353918017946,46625.88678245842,15702.744724377822,1.969282606376055,73257.91582351348,22303.621296931586,2.284574950776802,104351.80518125882,34251.73177564645,2.046613989178051,131648.87723518786,43850.639730661474,2.0022110975757474,145151.05065238697,49182.52839002389,1.95127264506046,160645.99856769995,51000.46402280808,2.149892881285491,169596.2154397536,52591.16905444228,2.2248040591033056,175279.56841166777,52400.38991854494,2.3450050406902574,175590.28380622927,50949.193879760016,2.4463800196843537,168055.52711860937,49066.46548558511,2.4250587535794934,164312.76453553129,45498.437100610085,2.611393599568897,157675.91410777552,41907.38731703602,2.7624849508019262,150336.34587712283,38383.82201815192,2.916659102004693,141123.13652693722,35823.65728086529,2.93938383846465,129826.3498777542,32688.197493345928,2.971658269140778,120751.51421627252,29576.05944085304,3.082745183067895,111271.46320128052,27130.649164634106,3.101319600797733,102756.80017843202,25303.17034665624,3.0610247162965143
0,21718.620175703338,20833.30448685013,0.0424952119051498,24678.90135637493,22598.6319954714,0.0920528889235594,37094.30111695996,30947.697594599365,0.1986126271129531,57492.93361664474,41407.59669067031,0.388463427282141,81770.5668083624,51173.55086004799,0.5979068373033696,102524.0699229522,62023.18795495277,0.6529958117827657,115554.84832075436,75295.97634184107,0.5346749445965004,128333.98081643735,87458.4914267978,0.4673701629515538,134294.38447951502,96530.45964459742,0.391212524771513,136530.17025535487,104949.51874681914,0.3009127805980804,134136.68329648027,111150.58431513616,0.2068014227993035,129151.46506870186,114101.48135093834,0.1318999853426508,123579.8386748598,115682.489496415,0.0682674552805984,116452.47041323793,110280.41147247607,0.0559669560382647,109834.08982192968,103353.67776831772,0.0627013202968813,101871.10427441644,95765.81374268456,0.0637522962853562,94506.04171191547,88522.23322363844,0.0675966734047459,86773.46386191827,80856.1236623068,0.073183575115783,80452.58153883039,74241.50440028343,0.0836604428846035,74757.5039139142,69562.46596264486,0.074681624341194
1,26501.39562764958,24306.486744592192,0.0903013630114899,28989.22751038396,26354.29685349589,0.099981064626224,45629.31090426718,30939.28546976637,0.4748017031245206,71571.71628795878,40321.20364222695,0.7750391809485639,98408.06097405804,51596.201819241134,0.9072733554848592,121604.32951464145,63679.78678442004,0.9096221211656644,140656.41459556305,76514.04175226277,0.8383085166377764,151226.94149200147,88983.67999309427,0.6994907549759428,161403.79658578595,95596.12337324518,0.6883926972185004,163683.14057969573,106099.05155818224,0.542738961148354,161814.83354175676,113384.78246597917,0.4271300788561192,157077.85561281696,117686.30503463476,0.3347165208950129,150567.79604835933,119907.49009015948,0.2556996725988187,141205.90553032357,120075.61896167052,0.1759748294564118,131649.38560902892,119505.32400744045,0.1016194190715082,123685.26557244442,112061.02350793996,0.1037313572607234,113882.64280723096,103190.31511053575,0.1036175505932097,105060.8915004402,94698.32920020793,0.1094270869164344,98180.51854357056,87717.33321385938,0.119282984860032,90411.01621371644,81867.64655317705,0.1043558721941522
2,27874.329991391067,26991.97999028421,0.0326893396269729,33717.71386307292,28404.28634134814,0.1870642852233897,50867.936470384,40722.9920405521,0.2491208018244219,76966.63930999913,55398.72663341957,0.3893214517239209,104450.39837250614,89515.1978268453,0.1668454174066722,132345.10519599437,115586.73990843484,0.1449851886196906,153774.7211563902,137765.00218184228,0.1162103489347459,168273.07001322616,149282.21499020973,0.1272144509931199,174646.39086260705,164628.87580698045,0.0608490764850491,176730.84560620273,167784.77786551148,0.0533187089705002,173959.3956907119,166384.62337914004,0.0455256751359245,166973.82554129683,160790.03403584662,0.0384587984107993,160535.29539557095,153677.98353909465,0.0446213029254893,151033.2291558194,144261.66540261207,0.046939453626221,141078.7662969979,135485.59333346045,0.0412824184913254,131995.13140371672,125207.8719470162,0.0542079291913264,123093.73827104618,115491.1149603578,0.0658286424310474,113570.96781840222,106325.42097585349,0.0681450096886446,104506.4343645389,98484.31383007063,0.0611480173874097,96701.41176979712,90977.40858832812,0.0629167534038044
3,29165.389568744948,27552.35041884096,0.0585445207172217,34003.88094935825,29165.40625466848,0.1658977300861457,52358.150353384735,40432.84701896582,0.294940975312105,76087.25904671696,59233.31574554304,0.284534861657514,110012.30918564292,90186.8921683264,0.2198259252610017,135135.74110851606,103730.2824041966,0.3027607558412362,158019.21535961097,122257.59781000752,0.2925103894579888,171697.15260347558,146648.21486515776,0.1708097010342075,179208.10105701163,161102.1142382688,0.1123882632102779,182957.27579125465,166931.92661880667,0.0959993064061512,181796.46273135423,168654.75339286064,0.0779207764626803,176730.90088760748,163631.7957450827,0.0800523216339417,167351.29754792276,157078.5637991647,0.0653986992260284,159926.7928719792,148089.47493078932,0.0799335533245839,149183.7117658097,137913.52931964942,0.0817191939163475,139650.12428478355,128112.26799456764,0.0900605107600245,127891.88143505312,117555.5471915892,0.0879272351700937,118310.39017729084,108161.18390632406,0.0938340900535701,109893.4508920551,100995.8364118507,0.0880988246279861,102406.43811975502,92987.34530305608,0.1012943512474848
4,29199.55046761482,7831.158432520741,2.728637432024969,31990.97024921772,9222.47962462504,2.468803570332461,55937.7553823034,13590.77965860067,3.115860663439146,76442.13226361823,22895.31208833717,2.33876786517174,102594.76727930084,33886.66249730693,2.0275854781347777,129827.25336739504,40710.94163719461,2.1890014857524536,152631.14940330308,45784.22201260976,2.333706300857658,167081.54674243112,49770.20483957717,2.357059656093041,173731.25720876583,51980.03206696252,2.342269142599972,179088.95773888408,52825.430963906256,2.390203439348166,179088.95773888408,50857.80497281512,2.52136624525207,173277.11586235004,47860.892769899336,2.62043216985972,168436.50431599742,45751.950237361765,2.681515289340595,155316.0846527114,42679.96283640062,2.6390866891816125,144348.48385748285,38654.87965284957,2.734288792355397,136651.85243814837,35873.24860642388,2.8092968366873223,130090.4087471643,32794.370614447136,2.966851819679523,117851.90905914444,30004.14627419014,2.927854103301776,106894.38049086064,27592.364501349763,2.874056552334672,101657.76131226652,25374.69461877666,3.006265408886625
0,21725.112754346228,20827.149570911188,0.0431150302338638,25082.338556487648,22256.59823277664,0.1269619145817901,39502.35130945628,28612.57517516787,0.3805940593470025,61414.05119722521,37829.23083247606,0.6234549274658208,83539.42633811194,50384.13761297073,0.6580501383158699,106127.3051754908,61783.96472365943,0.7177160068986415,119271.60301214569,71641.36522034835,0.6648426875353415,129525.54053427016,83180.24018139887,0.5571671860023704,136368.8576709581,93884.88718835528,0.4525112800888808,137504.59605985988,100343.46945307424,0.3703392638238814,134927.83336243388,105312.5154751211,0.2812136596842478,128816.14325590074,109774.77407549648,0.1734585139506528,123335.31814616056,113167.53827099218,0.0898471419500219,116194.9302223378,110399.99938033026,0.0524903158925198,109774.77407549648,102756.61994761322,0.0682988028553412,101471.88188968095,95473.16633174937,0.0628314299023802,94075.3984392385,87674.11833696868,0.073012198168529,87458.4914267978,80682.909852852,0.083977902957429,80471.73083593478,75418.28673605483,0.0670055542041911,74207.28196570366,68925.59115316515,0.0766288794070932
1,26030.545527656403,24216.40977378889,0.0749134892749905,29619.860252145503,25842.09650879207,0.1461864265566901,48434.90143409792,32447.27133017445,0.4927264897327659,70096.8324413839,43438.66214035595,0.6136968540810936,99277.2979408624,53646.15720311288,0.8505947698170211,123614.97149413146,68818.13421852341,0.7962557819659499,143304.3805757597,81499.14604467791,0.7583543819857952,154832.1002794865,92248.05296009606,0.6784321761941421,163217.47768539962,101871.97137856852,0.602182381244629,166008.7898437109,110101.57791086416,0.5077784805055925,163005.2302201169,118112.75243019544,0.3800815480652935,158667.9345611209,122361.26060351705,0.2967170637057026,149781.3347901954,125351.79365574452,0.1948878466114501,141333.04476364926,125817.44163090612,0.1233183804377393,132226.0416531228,119238.43319071192,0.1089213277537644,124461.40369890675,112030.51175397,0.1109598782538476,113788.9830748522,103680.62491614612,0.0974951507755805,104588.75277799438,95619.25365062196,0.0938043206250656,97074.63557664046,87695.8154192711,0.1069471800054484,90119.16336226273,80933.51660507906,0.1134962020988867
2,27252.75987522017,26901.48734493095,0.0130577363914941,32633.191071243426,27636.83998658345,0.1807859034204162,51419.85882988183,40865.6986489679,0.2582645233004106,75331.69239752096,66766.64353442146,0.128283352430077,104284.95473174876,94602.11672182608,0.1023532912946831,132033.24919792067,113925.56128026095,0.158943153004216,151033.59916126868,137504.59605985988,0.0983894610731355,161557.77203341224,152253.38097530624,0.0611112278657055,170581.79998198804,164267.68747592787,0.0384379460323591,173959.3956907119,167033.15235111205,0.0414662792512026,170915.3141463742,165742.1525943479,0.0312121054967082,165742.1525943479,158868.3094008165,0.0432675542369438,158268.2666394522,151876.19688421924,0.0420873704133233,148635.1571821657,143304.3805757597,0.0371989787401358,139858.97268290483,134294.38447951502,0.0414357474808533,130467.57707633136,124284.02999240224,0.0497533519335278,120142.96677048576,114730.2062216408,0.0471781645575388,111331.83297166896,106751.7005612646,0.0429045381602688,102433.27402058378,97826.09017656384,0.0470956555220039,94218.6389171836,90818.2615767088,0.0374415594555586
3,28936.88914570348,27614.56904165924,0.0478848720054037,33572.89394087188,29022.29522155234,0.1567966518354553,54764.24987113751,41160.62782483098,0.3305008393992441,81965.92245371992,61983.46290784303,0.3223837231486532,111210.9773253946,92333.7378855472,0.204445740767549,141248.2127976232,119739.6814345474,0.1796274309852148,159273.8251534897,138938.038051272,0.1463658720638707,171641.46435771312,153965.30482962914,0.1148061217275124,183206.23131364555,167297.33744240084,0.0950935269769133,185561.3421652129,170804.2464665654,0.0863977096818617,183448.6175181657,170915.52173304756,0.0733291842545087,177492.6754837754,165689.07974589965,0.0712394308422601,170028.06097040832,157770.87974642924,0.0776897564599938,159471.65328697732,147546.64522925738,0.0808219532148013,149735.15863512302,137545.42028928926,0.0886233676133743,138902.19957151994,128186.10169325992,0.083597969957015,127597.11941032347,118211.4023194088,0.0793977307328979,119471.88988975696,109449.35122957284,0.0915723898551172,108919.766580051,100209.52623836472,0.0869202826183168,101312.79710347208,92753.1352579749,0.0922843397335317
4,29411.08253149801,7875.527180996711,2.7344906386032948,33103.910672554994,9518.143961927422,2.4779796150353097,48305.12594261713,17395.308939556176,1.776905320305831,74646.98798195459,26489.1647804088,1.8180196922314056,100680.2721088435,35648.67446243731,1.824236065633504,130661.43471878392,43696.6836292365,1.990191105289308,144173.71543996967,50414.20206411407,1.8597837422204424,160444.6113393397,53244.85559687139,2.013335458247862,172050.81770623208,54328.793003383005,2.1668441022703857,175546.0944822869,53602.55007834244,2.274957893341244,173365.03561592076,51091.80795194913,2.3932061237482,166329.62921139787,48615.4796611049,2.4213306208407293,164840.10000871387,45699.33553186277,2.6070568223860286,156590.94788175682,42464.782842585984,2.6875485378608586,151313.47493897393,39232.9230331292,2.856798404013927,138821.01650321297,36660.94742879228,2.7866183565727383,129525.50971301988,33544.05746159425,2.8613548722100206,120650.60315855568,30588.02045288532,2.94437434564926,111695.96061099276,28187.64670492776,2.9625855177000675,103927.42691671188,25805.55664880623,3.0273274601700786
0,21144.017363299023,20628.43046514767,0.024993995496771,24192.237702519968,22200.92054728484,0.089695251644809,36707.74593819212,31042.54845022379,0.1824978222085207,58219.58522621743,38235.42308779023,0.5226609391124737,80819.12466176086,50517.83169733775,0.5998138072505586,101498.34382492884,62613.69336305485,0.621024705193606,116099.10715284813,74619.40805386878,0.5558835185215429,124852.00261259243,84168.47966258752,0.4833581777061437,132226.4260677882,92585.4609623623,0.4281554003553613,133743.58080567053,100523.01107787628,0.3304772645743561,131342.5239226528,108306.47853397884,0.212693143572634,126358.22803480992,113231.40648651132,0.1159291574273815,122085.12152402964,115747.9465109655,0.0547497835088053,114101.48135093834,109184.09943358276,0.0450375278347818,107065.85074496327,102406.51771686938,0.0454984031482827,100157.41278823747,94915.41929082383,0.0552280497371244,91411.04541049224,88107.61563860976,0.0374931241520839,84270.57074466393,80433.54694855369,0.0477042719322629,77832.9088292004,74636.65195679292,0.0428242262830571,72408.00242467513,68848.47611814464,0.0517008728039574
1,25923.795602789032,24201.43950725316,0.0711675061733283,28468.42117475735,26088.351555707697,0.0912311233604536,43620.51560558569,36856.61285721332,0.1835193802147934,68114.2592176223,54392.11053034016,0.2522819679818797,98611.6241083736,84291.99740171392,0.1698812123102984,122188.56308386772,105587.06819934605,0.1572303802694703,138902.05904709577,121649.59481847436,0.1418209756831951,150104.40663838145,138924.01775397174,0.0804784447294757,159219.93846176437,148092.01054040072,0.0751419869360734,162641.5973579106,150801.4964276161,0.0785144790388581,159977.27240338494,148555.52755137792,0.076885357551282,155170.64344167552,142917.70004143903,0.0857342610235383,149827.3490517506,137097.38637773957,0.0928534307644397,139400.10964053564,129901.09542434508,0.0731249739285133,131802.43489444628,121467.03167520056,0.0850881352471202,122223.24637221031,111756.74997310768,0.0936542660879207,113169.47887814892,104284.76949791088,0.0851966152201739,105592.45541146048,95157.74919142664,0.1096569255651747,97399.05452164638,88085.90330995453,0.1057280547935231,89984.0380763277,81049.28380166386,0.1102385345751868
2,27762.007967985293,27108.920611332265,0.024091234247815,31898.863614824742,28247.12812586887,0.1292781153780939,52053.584966242764,41930.23935074472,0.2414330509973166,79597.2730414611,67181.90250343182,0.1848023065050155,108714.7894015852,98079.0687214639,0.1084402698635507,132806.79396080674,120854.18262879128,0.0989010977694366,154735.09703594318,141760.63092478557,0.0915237610507075,167189.36738798488,157077.85561281696,0.0643726115035074,174531.6221672807,166704.96919268457,0.0469491282263443,178022.2631540182,170915.3141463742,0.0415816981827474,175858.35751820245,169366.85142700482,0.0383280791754896,169367.05547886735,163787.8380689453,0.0340636855318494,161148.59648185034,155851.4077517537,0.0339887127521763,154014.08017743495,145757.6025218533,0.0566452624956135,143304.3805757597,135485.59333346045,0.0577093626704312,133118.01663183747,125350.749999792,0.0619642613391493,122812.12381593432,115554.84832075436,0.0628037300091068,114101.87058786496,105901.53095539368,0.0774336268653688,104727.60462952116,98535.24163461792,0.0628441448173982,97499.29588490694,91091.16485248812,0.0703485463469049
3,29127.13810200218,27676.97752710914,0.0523959154670206,34425.482855508686,29060.36183384304,0.1846198974514332,53581.33751393138,33746.80975384188,0.5877452685088684,79597.3230541989,43991.70314443747,0.8093712533215158,106637.98195163172,58234.48767938609,0.8311826239244062,139358.72932308452,70477.56644151488,0.977348770104456,158768.07681845233,82721.28329036043,0.9193135128375564,172825.57131422954,99975.32100738624,0.7286823345279492,181856.9213927277,113726.59979372224,0.5990711207631332,185060.3645823013,124427.24401256742,0.4872977863562562,183325.70868659497,129713.73523722043,0.4133099193491649,175916.01159541405,134294.38447951502,0.3099282764295175,169862.4896390091,137016.15042873996,0.2397260403791012,158868.3094008165,138241.9233658903,0.1492049989809063,149275.45839966854,136168.31707596674,0.0962569091339322,140235.8612886823,128482.04169850762,0.091482198093924,129226.15111203009,119138.34273230708,0.084673062830741,119372.01107819752,109272.41937274722,0.0924258084832809,110429.95364220088,100418.36271580883,0.0996988066288786,102379.70162826008,94146.98461599943,0.0874453605268366
4,28151.17107445364,7859.77907230945,2.581674601215214,31001.356611191863,9146.5821774664,2.389392453890271,49776.22635348063,16383.125494855403,2.038261921945923,76167.19934992387,24732.70601762822,2.079614470638018,104339.93790583542,36242.00152890057,1.878978353958496,125889.6380105933,44376.66323991446,1.836843259935827,148730.37692974723,50595.41699915082,1.9396017614054544,164209.94497394588,52548.61809477364,2.124914620547896,175106.54811345157,53537.66265509307,2.2707170882962258,178614.25133020134,53061.32028329926,2.3661855825781086,176264.56582158676,51492.01778697767,2.4231434967414325,173449.68747905985,48777.94388315397,2.555904035121962,163430.5066432884,46407.734532005605,2.5216221668949763,154061.19212802895,42615.84391599758,2.615115364879489,147096.45202077954,38949.440540148775,2.7765998684667546,133900.62494031765,35968.616960528205,2.72270707787457,126473.93470505772,32543.68672524976,2.8862817164144485,115427.4313637612,30274.35552770704,2.8127130818068853,106440.78553795251,27770.94025751365,2.8328117287693964,97651.75270126264,25671.71667132211,2.803865318066146
0,21692.64984844873,20922.798052854705,0.0367948777046571,24717.392747998256,22415.01073060822,0.1027160791962538,38515.49036014111,32202.72966937251,0.1960318505785725,63266.79685753045,53744.508356227816,0.1771769580286653,83822.69494187042,77108.8241250517,0.0870700713310119,104727.2727272727,90863.65232416811,0.1525760856898452,121296.12093455692,111158.94883969764,0.0911952856758127,131419.80891450922,122188.67364239402,0.0755482075133386,136368.7219119258,129226.15111203009,0.055271868259108,138283.0595715664,132071.78209632475,0.0470295575379724,136610.9964346031,129375.7073940284,0.0559246336604661,131037.18293457218,125208.79766557424,0.0465493270254475,126177.48750469826,118475.61401999358,0.0650080908920627,117949.0865750951,110849.42938063356,0.0640477558985244,111331.83297166896,103790.12173111778,0.0726630927371778,102837.80673238296,95863.69617865211,0.0727502780691229,95108.98447225822,87847.15732220786,0.0826643385102976,87955.55389136361,81710.89232896513,0.0764238571432764,80856.1236623068,75418.46796889577,0.0720997898771111,74447.30190615996,69687.68813597501,0.0682992060361935
1,25647.31009611176,24216.40977378889,0.059088045490196,29969.393833324004,25940.17963726273,0.1553271508680442,45928.971174960185,32777.714853057805,0.4012255393903858,70607.56748843429,43825.74879259236,0.6110978005781096,99483.400246802,54340.03281516458,0.8307570881524999,122465.03424736772,69157.64841396964,0.7708096943132923,142228.26111298427,80529.22976373154,0.7661693962586553,151735.33010049895,93793.6402755679,0.6177571278254796,160382.7105598062,102338.23066399842,0.5671827577944168,162745.15431778488,109595.95983644352,0.484955782682674,159270.32685864705,116686.05868064844,0.3649473524043272,153343.80181333623,123219.43369284138,0.2444774108894885,147052.0194252509,124995.5448904982,0.1764580853987651,138860.67801930773,126105.87747079952,0.1011435850915167,129488.2285668857,119171.6973654638,0.0865686352505679,121981.79034805697,111756.37549263918,0.0914973737323046,111969.51174603248,103680.62491614612,0.0799463432689584,103790.10133034398,94891.18487764586,0.0937802227274589,95814.89570415144,87890.49194150143,0.0901622415303395,87739.25468433426,81691.57838839793,0.0740305967303385
2,27257.13293758704,26901.48734493095,0.0132202947776085,32335.82937845084,27860.838555310183,0.1606193874695038,50184.41607012556,39447.36947653176,0.272186630846996,76378.08672959552,68175.02719112673,0.1203235242645632,104119.5110909914,92846.71299173702,0.1214130014517327,131342.5239226528,112858.62787694712,0.1637792022942115,150846.80990991255,135325.89915916865,0.1146928329845302,162383.03379782388,145668.9234451876,0.1147403986885746,170748.4534620467,162124.0938533697,0.0531960389334673,173903.40672220016,168491.01605340498,0.0321227255646654,171641.15047699277,166008.7898437109,0.0339280868114542,165902.25271742448,160180.33638787203,0.0357217150280979,158768.07681845233,152537.15798249323,0.0408485310620132,149827.3490517506,143390.97742531044,0.0448868662590207,140319.9717890757,135047.08634194944,0.0390447923754158,129526.28024652349,124993.6993567432,0.0362624749335873,120955.33463054828,115363.79747986564,0.0484687334573787,111181.04739911234,105760.77165611889,0.051250342240481,102111.44071528949,98230.41469687644,0.0395094129490267,94290.37849369922,90659.5770193337,0.0400487360931678
3,29290.235345667017,27587.882261004423,0.0617065517590986,34484.403438497,29112.8122805042,0.1845095247493475,55363.80567367771,39808.31972441493,0.3907596717708836,82956.93624910031,55921.54007289655,0.4834522822683667,116645.97914188854,86054.49492424633,0.3554896724984773,139400.10964053564,104283.136160603,0.3367464268225513,161046.30176102577,134904.95367566208,0.1937760428591273,173276.31698691758,147731.7664110678,0.1729116979808618,182956.744608888,161160.72781849833,0.1352439709439428,185435.18886909992,168408.68530719605,0.1011022889398229,182589.07987741253,168334.18739087175,0.0846820999791382,177963.28351889306,163997.52050435977,0.0851583790509931,170304.6985923946,157623.21500724094,0.0804544151987451,161301.27055142127,146648.21486515776,0.0999197685409052,149827.3490517506,137749.74857221692,0.0876778404659073,139817.0963043244,128927.77453377625,0.0844606354986403,130165.55674402056,118277.2727807388,0.1005119891910268,119271.60301214569,109301.87430956744,0.0912127881205564,110190.9376943396,101048.64365544597,0.0904741885508813,102218.50694601516,93222.35434007132,0.096502096193862
4,29119.58496671093,7895.98308718342,2.6878985992228346,33886.63814653679,9143.786470832343,2.7059743525979494,52432.43434429838,15135.13252690366,2.464286437604454,82777.49539554247,23583.48367559605,2.5099774288732326,112849.60241406914,34502.05761316873,2.2708078943963264,143652.15125983334,42369.78163538378,2.3904387918739425,162647.12692961306,49269.98096323846,2.3011404459638025,173360.02536515374,51980.03206696252,2.335127326236067,183947.2182198809,54464.99427833036,2.3773476093628605,185561.3421652129,53635.42939307104,2.4596785047680605,184138.9316286571,51647.07248404316,2.565331446144378,179030.6041024443,49269.83418320009,2.633675799207169,169590.970271477,45883.850229194,2.6960928392965005,157969.45887145432,42133.53846134598,2.7492568780184024,150523.09126401768,39512.01352472344,2.809552534442023,138746.73572063056,36139.60015964334,2.8391884555371307,128297.5787232164,32979.53829218718,2.890217552063486,116259.2143758234,30284.146117468244,2.8389464218297285,109715.50360726146,27892.36356702111,2.9335319627406897,100131.4133357661,25434.594216562284,2.936819769295292
0,21773.941126762016,20824.07387865664,0.0456139011818881,25462.67470271707,23122.930316713973,0.1011871918461762,38896.38740434448,30669.7391483396,0.2682333950156943,59283.38798878264,43040.913959353325,0.3773728886140353,84475.36474968403,54243.75968124614,0.5573287184754259,104478.04444236468,69395.29325159463,0.5055494334979826,119138.34273230708,84166.70415781537,0.4155044316445933,128259.99584777949,95190.77158221343,0.3473994770281396,136409.2707605822,106885.00637778462,0.2762245649164692,138036.55551215354,113182.0157779933,0.2195979596521098,135727.28611154004,117765.60787110188,0.1525205751079532,130695.26285271689,119444.04537130792,0.094196554097218,124496.3634815666,117588.22378052032,0.058748567492102,117457.6716203881,111241.20864340256,0.0558827349396497,110789.33689760148,104119.5110909914,0.0640593269860942,103244.4257587443,96059.88394628678,0.0747923224274855,95229.96666175257,88544.12699972045,0.0755085615339934,87739.25468433426,81320.79432323184,0.0789276643756144,81320.80732769449,74619.68576807143,0.0898036689735077,75208.73766384032,69515.610290789,0.0818971069841225
1,25631.167499679606,24134.22319042056,0.0620257920649884,29386.621328767607,25502.533371698297,0.1523020438973219,44639.07409068811,38170.277423781976,0.1694720893717098,71506.69693348839,58356.9777746668,0.2253324222785571,98562.90222105438,82124.60708525675,0.2001628466694811,121673.11594951336,106580.8974237694,0.1416034100908041,141930.6979875455,120615.93137529676,0.1767160139561316,151360.5126914271,139754.0217975084,0.0830494231553171,160790.08028773847,148452.9449307548,0.0831046858837207,161507.58181654237,151500.75920496086,0.0660513034000283,159018.92978691345,150335.93832109575,0.057757257265206,155025.2022306396,144831.42610694835,0.0703837309187567,146737.8621175751,138159.7553719358,0.062088317415925,138902.05904709577,128927.80508954948,0.0773630944125549,129938.74682724055,120210.36814425244,0.0809279501691073,121227.85484627412,111908.84028645634,0.0832732654182066,110969.75271079985,102946.31062423276,0.077938121705533,104009.62602088603,94386.14514953576,0.1019586175079383,96651.84968018018,87696.02458862783,0.1021235014193986,88653.76330728098,80933.51660507906,0.0953899821241357
2,27717.19320397129,27200.33688372037,0.0190018352515428,32733.288325844707,28224.22038671405,0.1597588127271429,49956.08740461878,35791.26517842129,0.3957619870542472,77832.9088292004,53355.64991533005,0.4587566443799906,108714.7894015852,60787.21923324075,0.7884481437528208,134136.7162030795,85384.16800573481,0.5709787813833382,154013.22716609444,114478.11447811448,0.345350837303825,167838.58697858546,137586.24451871862,0.2198791206613026,175800.0462391933,146023.94774219306,0.2039124332508135,177963.3955430214,152631.14940330308,0.1659703555843767,176322.76811363976,158168.57440166493,0.1147775010342619,170138.56159864264,155607.74704864333,0.0933810483449577,161763.38384906767,151594.46331677865,0.0670797620823366,153105.71723500604,144698.92761538434,0.0580984929063697,143477.6861900924,134848.42012331437,0.0639923408734552,132187.44475564922,126285.88480217224,0.0467317464871217,122257.62547878423,116323.54891142104,0.0510135447456294,113229.67974343304,107209.07023607523,0.0561576505989684,104894.22775023148,99431.81818181816,0.0549362333737568,96453.95854762803,91273.7676639238,0.0567544324759119
3,28776.46873571473,27503.5952853294,0.0462802567148119,32389.11126198816,28617.228383812275,0.1318046187977275,51730.98119284394,36997.78125332053,0.3982184725793825,78440.52500036597,46069.38059535243,0.7026607257723629,109834.1124837758,65312.32217964575,0.6816752003040099,134491.95644873564,79579.17756114091,0.6900395376090069,156537.06040697405,93316.5985228116,0.6774835654635221,169807.2137560676,106248.13814908538,0.5982135472133856,179148.6144588202,118709.06482096594,0.5091401379415101,181735.3042993353,130584.84642520646,0.3917028604343133,179984.89445369947,137749.74857221692,0.3066077892646046,173162.83517214766,140319.82856296445,0.2340582007940941,165582.640150605,144523.55435323116,0.1457138657543888,156389.34766062722,145668.9234451876,0.0735944493986289,146827.27571844726,139775.32666454063,0.0504520305706832,137260.06403419017,128519.11001374366,0.0680128738793144,126575.72919900424,119873.89636533622,0.0559073579559226,117490.2711381259,110310.2741246194,0.0650891049857707,108422.91732388551,101154.14170222278,0.0718584083592002,100131.37516016728,93034.26708717628,0.0762848818526273
4,29974.72050748899,7893.17419428014,2.797549600414297,32861.52970595646,9358.755584299524,2.5113140213946568,45548.56451009684,15242.015058363331,1.988355826686068,71746.57530065505,26679.45283412499,1.6892071492892793,97952.18478717032,37133.12003079665,1.6378657302680972,123160.1062965952,44444.07555754948,1.7711253918898229,142524.34266221488,50286.5386172647,1.8342444435672995,162713.1438702423,54121.16335380376,2.006460574517684,169696.96969696967,55159.27185919592,2.0764903882370325,171026.69295114282,54640.94289437124,2.1300099136605657,168764.33372227004,52106.35289720069,2.238843717487212,164954.05933295656,49269.823698927765,2.3479734033744144,164433.66837286577,45778.31731860836,2.591955274992717,158668.3405416084,43186.60567595389,2.6740173963232827,153105.71723500604,39764.999490289,2.8502632766887364,143046.37308315808,35930.051827363786,2.981245943380914,133274.01696620256,32850.34682455786,3.057004867497204,123579.8386748598,30193.770451529293,3.0928919054096,112796.98901037096,27748.52618816452,3.064972252777947,103708.10605440394,25554.74276470845,3.058272353170646
0,21225.78560712816,20753.48798198836,0.0227575058973075,24457.59368836292,21721.879095072432,0.125942814676244,40129.66475617289,27997.72218007221,0.4333189142342359,62478.8063219288,37815.67470162701,0.6521933514316134,82162.99038455856,49493.87319552587,0.6600638640660257,104616.398807219,61193.67984070275,0.7095948320080234,118708.17439892064,71118.80111606405,0.6691531990983928,128741.976431378,82957.17905269182,0.5519088028488179,134057.93146097948,92871.62694977615,0.4434756433574309,136127.09213242197,98560.8260455915,0.3811480442488717,133430.27739220482,105901.53095539368,0.2599466333343794,129338.48739086086,107900.33147183798,0.1986848013031195,122016.22487957214,110012.30918564292,0.1091142962345506,114352.37481974773,108773.38607322008,0.0512900163167868,107209.07023607523,102272.13912323378,0.0482724929307742,99845.83666792132,95448.77472503678,0.0460672434565172,92380.14732520226,87437.00310767302,0.0565337790848352,84948.74822085278,80817.58179211154,0.051117174470376,79559.56763114262,75261.05152203128,0.0571147495574524,72325.3923468117,68941.02568487808,0.0490907500767856
1,25598.92240362492,24238.89401792356,0.0561093416513016,28375.937419361173,26216.681401691392,0.0823619124246013,49143.79902933366,37566.06556041882,0.3081965943517286,70994.39902843707,61177.94601889768,0.1604573812678691,98815.7623713643,83118.25326338847,0.1888575432189718,124354.7506787593,108978.69823997216,0.1410922747941889,140362.27792673616,127413.85815446924,0.1016248935541141,152017.35433227193,143174.63425409066,0.0617617787134567,160382.89468557888,151034.2569510336,0.0618974656695014,162331.4904313006,154157.20740279043,0.0530256299152589,159673.43468368324,152064.43454333954,0.0500379997676254,154349.53723135247,146023.98632909154,0.057014954265786,148089.47493078932,138819.3320833771,0.0667784717610109,140488.12157926377,129076.84033535876,0.0884068839480187,130164.9346131288,120922.1506934427,0.0764358214494387,121091.51320347124,111847.69949235208,0.0826464357610792,112982.43083522748,103081.40772502356,0.0960505228703856,104339.93790583542,94554.33672865358,0.10349182825177,95473.00903784436,88238.25132216612,0.0819911728447957,88238.31176763993,81320.79432323184,0.0850645582347919
2,27982.76357368572,27191.61298994013,0.0290953899659531,32565.889830473512,28399.56336278444,0.14670389169253,50625.79490401529,40742.84149272327,0.2425690759211562,79390.21122101328,57903.1519354236,0.3710861769589517,108306.47853397884,72915.80687311999,0.4853635059191181,134531.4311222043,90467.0177989782,0.4870771071633997,153870.09874172191,93647.51035075307,0.6430773030207368,169258.28999041143,111210.95413243612,0.5219569988478772,175684.19034831514,127011.973159072,0.383209676841137,178613.74373343412,138220.03257208114,0.292242089729561,177317.07409115668,148097.2403759873,0.1973016758515313,170138.56159864264,154690.70252903597,0.099862880037713,162485.97829862862,155705.1416512525,0.0435492147238387,153773.65800942865,146380.20682246037,0.0505085444778441,145182.78040940728,135605.54835588328,0.070625665171085,135007.3464513602,126141.37464840352,0.070285993217285,123650.01959331274,116323.54891142104,0.0629835553544768,115332.0550049344,107381.2976530966,0.0740422915871561,106580.8974237694,98357.24423245803,0.0836100406786053,98713.60960108109,91778.52465260933,0.0755632646604609
3,28673.299079333883,27552.35041884096,0.0406843207005087,32632.458847736623,28875.41135518276,0.1301123452871444,51358.61892591891,41681.84929456073,0.2321578767528664,76836.32500076295,55616.19743053017,0.381545818495389,108074.130511102,89053.5693648929,0.2135856123663411,137831.60432067112,120819.40020648982,0.1408068909885838,155949.02024127368,136740.5584898931,0.1404737699151663,169919.408102081,149416.0393873636,0.1372233449553705,179805.1826199696,166920.01460249568,0.0771936669677313,182344.55826630068,171585.14835051,0.0627059510640841,180405.17658548025,171473.24865994797,0.0520893375225273,173959.3956907119,162448.7312159752,0.0708572137718535,166705.0682148198,153157.39538894035,0.0884558841672344,156389.34766062722,147682.1749851604,0.0589588599730586,146782.4910341734,137219.5834863178,0.069690544927278,136853.883908624,128038.49468661312,0.0688495225095189,127304.06884005918,118343.1952662722,0.0757193816985,116775.53433101196,109007.77320530408,0.0712587818033689,108481.20306775866,100680.2721088435,0.077482219659495,99793.68601259316,92729.76568469383,0.0761774849288259
4,29541.848511251308,7896.89446260062,2.7409450830526274,32768.21512894425,9691.509092034668,2.381126181460846,46570.699989865774,15849.465008577794,1.9383136884848493,70493.52153910417,23839.845000331843,1.9569622427546367,103625.9478116119,34833.62882774247,1.974882356473906,129720.16879748824,44834.459623266,1.893313979637493,150451.2722423437,50474.59912643705,1.98073238512442,160763.65653829585,52846.80717206668,2.042069429376444,169873.6646644065,53777.35126159442,2.158832866982858,173968.78707683927,53996.9739233644,2.221824751211906,170968.46483204875,51854.82785590205,2.2970597319722725,165964.35816296283,49748.83185366675,2.336045329690096,162589.86596820623,46176.087267663854,2.52108365149562,159283.275488313,43251.572871732926,2.6827163710481523,153251.55107625027,39190.64558907834,2.9104114967414176,142102.77843346528,36434.608897166494,2.9002141846654093,132613.0062417558,32956.987707345004,3.0238206057952564,120075.64571614818,30415.32901660685,2.94786607932423,111818.71073271066,27833.89216840009,3.0173580488200216,102433.27402058378,25422.53184073372,3.02923181146176
0,21738.115593441205,20839.45940278907,0.0431228168294932,24915.15681923557,22812.00909556384,0.0921947608762232,40716.25005628262,28710.772468229712,0.4181523712515129,63170.96875135017,42433.08364339687,0.48871972827222,85655.34152696698,49867.11211721609,0.7176719864111678,108949.0872394009,61038.178762675554,0.7849334539126609,122154.1286105474,72873.22113303564,0.6762553749002764,130467.45210890622,82261.41133649506,0.5860103782467525,137995.52364632578,88719.58164661398,0.5554122447960441,139068.6742692765,96453.95854762803,0.4418140671811383,137056.76840323975,104229.6422530286,0.3149500030952785,132149.0718724925,108773.2970463615,0.2149036156931763,125279.22415681215,109301.87430956744,0.1461763574336638,117686.30503463476,106410.48003685368,0.1059653616248688,110429.7705149366,102057.84823980516,0.0820311462520739,102946.02930629876,96751.17085943412,0.0640287698002632,93932.61672626864,87847.15732220786,0.0692732649474403,87717.33321385938,80682.83294595673,0.0871870757514738,81126.72864722148,74653.89585971706,0.086704554570971,75000.04484955032,69656.353217951,0.0767150645236796
1,26108.933676059256,24423.49091630132,0.069009084963894,31134.87183083976,26454.980044734883,0.1769002198524161,47554.14949575084,39867.65211066042,0.1928003526205921,71215.12526800027,64152.371844679554,0.1100934107381168,101844.20981890132,93199.15270009793,0.0927589668826927,127599.03742616596,112829.95264434553,0.1308968446381828,144611.20309542032,133195.98432320746,0.085702424365236,157473.23394389922,146737.70634989953,0.0731613425141086,165369.9078502144,154350.17962005155,0.0713943336981466,166651.25739644966,157077.85561281696,0.0609468581442205,165263.71267664735,154061.19212802895,0.0727147466138571,158918.74236706563,147908.21571898082,0.0744416163399896,151500.71785370784,141248.24904979375,0.0725847497075862,143304.41782447346,132264.63855059637,0.0834673529890905,133509.32078607756,122811.98429875851,0.0871033600539843,124638.09053032976,113664.31322734416,0.096545494284002,115556.06879379236,104893.8948673889,0.1016472306599256,105901.53095539368,96602.32334701718,0.0962627738773078,97049.35043234796,89248.88336035881,0.0874012847924754,90523.88172843742,82479.11610501239,0.097537000920117
2,27955.602881416995,27340.423780535573,0.0225007156370189,31503.16786910908,28238.028165988995,0.1156291680115522,49827.64259256894,41389.473238978826,0.2038723543271241,80798.33013145183,65893.4078443828,0.2261974721700423,106017.91934898756,86394.28839655832,0.2271403737056647,132303.652335098,116581.39191505476,0.1348608055005813,155609.31251958164,127964.78170439388,0.2160323367647219,169037.65139113506,143651.21580427597,0.1767227339130075,176440.32995990576,152441.91002447158,0.1574266547275726,179089.18447297523,164207.77947425772,0.0906254566401369,177316.4065549919,165795.42121698323,0.0694891647395417,170138.56159864264,162124.0938533697,0.0494341559899262,162227.368383978,155219.0373174689,0.0451512339441648,152441.91002447158,145097.38272800093,0.050617917142163,143045.0366742076,136934.98296437095,0.0446201078611623,133979.2453663385,127230.9555591291,0.0530396850165384,124602.61581951856,117490.24544773952,0.060535837206525,114195.52982368977,108656.32622573906,0.0509791172806883,106127.3051754908,99638.37290267515,0.0651248317669128,97876.50239962497,92287.22986453296,0.0605638780500443
3,29151.04917653049,27641.29189301413,0.0546196353397623,34574.03021744912,29732.490401324267,0.1628366729720431,54262.16032282798,41573.86864829365,0.3051987242725631,82538.62586134876,52994.1936699676,0.557503193187074,113198.98048984275,69412.67587889073,0.6308113619960298,142915.84706177816,92829.48167382504,0.539552354325769,164418.03844415568,108374.9764391933,0.517121791822551,175164.20341513914,126780.0938403594,0.3816380640615764,185186.1513848128,140499.71517960523,0.3180535714829275,187898.437037814,144541.5791727033,0.2999611469119652,185685.67688646447,150191.6925039775,0.236324551582951,178673.3993176581,152372.69748168468,0.1726077064372688,172484.1209719713,147429.9195515114,0.1699397347341429,160739.1418100453,143469.90737467585,0.1203683389177239,150800.266646738,137178.69088748333,0.0992980445514482,140867.37403196172,128779.07513790758,0.0938685021701619,128630.37574203892,120109.29286607812,0.0709444096508151,119874.003048179,110250.66295270376,0.0872860066120739,110639.5885023419,101578.00356382564,0.0892081417294492,102540.97610152424,93694.93501407666,0.094413226137769
4,28687.48345330333,7882.022540351301,2.6396094157864125,33869.84096430492,9748.54346791434,2.474348868195716,48618.80668304137,16369.562473550171,1.9700736816637168,77522.95364563976,26123.68998343225,1.967534590052367,104810.66689529236,36090.765817141386,1.904085422468711,131001.92741429366,44041.6562471152,1.9745004747153327,147818.06008002337,50234.27849539285,1.9425735674412088,167954.1368093118,53755.6704905037,2.124398510460064,172998.61248186528,54664.22015861717,2.1647503976070914,176561.86733699957,53504.53453912772,2.2999421237443034,173969.91247457068,52294.88738288944,2.326709764203308,166867.9893241676,49503.658057266606,2.370821387201974,163528.29097036814,46497.31474940217,2.5169405341298914,159825.14738812143,42879.817022401294,2.727281469149589,149877.9420496536,39347.129255742766,2.809120128574023,138736.60511965846,36107.73906773395,2.842295549422372,126794.59179696951,32827.81198476177,2.8624137318632705,116487.94962270538,29512.65361945288,2.9470510217327206,109198.1085816492,27883.34677920609,2.916248269848414,100978.44720919651,25382.65816562089,2.978245562396024
0,21767.40930122533,20913.517829006523,0.0408296432575527,25757.47662355663,22742.89176649076,0.1325506399106002,40159.76637124478,33160.59537570107,0.2110689182822229,63750.0841610395,55113.83583678056,0.1566983715275263,83217.3299517553,76478.3490684303,0.0881161919080546,106183.87621574092,91824.60749358854,0.1563771315129769,123756.18254251782,111271.37033565305,0.1122014779651228,131879.309217457,121638.270445559,0.0841925714200408,138077.62211916503,129901.09542434508,0.0629442474531092,139400.2511111985,131725.6242568371,0.0582622166162412,136489.9951582861,130732.8498716274,0.044037480191948,131380.7705478246,124851.28323787256,0.0522981193353995,124993.81470178926,118409.1698300792,0.0556092478408491,118706.7078362384,110610.16218799076,0.0731989311658989,111362.36654928177,103708.02457097794,0.0738066510279074,102702.62905891408,96355.29795105898,0.065874230507585,95839.25197566672,88741.58214290024,0.0799813307513173,88653.82427828782,82064.31736671606,0.0802968588908821,81730.48166994608,75698.96625451618,0.0796776457309951,74895.93415940978,69499.97221444093,0.0776397712551553
1,26191.762193873416,24503.165914128684,0.0689133920760449,30253.980184726668,26047.02023304228,0.1615140585773264,49798.36908430925,39433.02376919727,0.2628595102364117,72922.95872572892,60813.65012361584,0.1991215553991334,100654.04267973018,88194.67590823374,0.1412711894815552,124993.6993567432,109597.09832369376,0.1404836557586204,146291.18086053774,128189.75932361383,0.141208015620242,157330.67170061468,142185.3701959878,0.106518001702641,166008.7898437109,152441.91002447158,0.0889970469214234,168709.82198486247,155608.13841485907,0.0841966474470226,165688.88397171258,154157.20740279043,0.074804654048977,160586.18773177068,147998.80575189085,0.0850505645361872,152253.00533099665,139650.12428478355,0.090246114070851,142615.60947900708,132148.94387425852,0.079203550916818,133705.35013134143,122603.60267287587,0.0905499285211595,124922.46249174868,113913.82229664634,0.0966400738132937,114635.6196787194,104506.4343645389,0.0969240351158466,105845.1933932802,96453.97635820993,0.0973647473090508,97349.27814217852,89226.77543191685,0.091032122038966,90909.09090909088,82400.25841580711,0.10326220641623
2,28023.58235301059,27270.26140747908,0.0276242656524337,32499.421798641742,28491.645115540217,0.1406649797457839,52633.57860209471,40499.10986940125,0.2996230971945768,77981.8966078006,68149.18987383519,0.1442820780726628,108568.9864368527,92806.54126938188,0.1698419632051417,134294.38447951502,117132.16251758944,0.1465201494879631,156047.59438738672,138040.37496728956,0.1304489315127128,167730.16687324425,153873.6751476824,0.0900510871158624,176032.08655341697,163892.63133865202,0.0740695607582329,179088.95773888408,171697.20494911473,0.04305109563059,176964.64832439748,170359.97447475843,0.0387689295563826,172033.84656607508,163578.58653047722,0.0516892841229099,164418.03844415568,156193.42280852364,0.0526566067107354,154783.40480694763,146246.70646631753,0.0583719014731878,145315.1282996729,136530.17025535487,0.0643444450987453,134215.53388799765,126866.28212270116,0.0579291175112117,123371.99862234115,116872.44036131247,0.0556124116253176,114164.13161188136,108016.15357321054,0.0569172094663035,105564.13944980197,99200.16938611816,0.06415281448677,97649.94877730172,92055.52654304584,0.0607722582700112
3,28908.491869486654,27668.04897638053,0.0448330452994734,34051.003045438454,28776.476887891025,0.1832929784315229,52954.72571397493,43121.77113292304,0.2280276139572692,78078.63976295848,67574.06512249933,0.1554527557490628,109243.3234068561,95734.90813007836,0.1411022952925735,139233.81067758682,118673.58995189842,0.173250179201809,157424.63398322224,138159.72059200428,0.1394394350876595,172653.44194919372,157371.69756728056,0.097106052855405,180887.2977063813,168820.51844596275,0.0714769707586282,184438.0678075526,174016.8328932872,0.0598863612272271,182039.58051094745,172371.59210007364,0.0560880612233414,175800.0462391933,168327.53129590803,0.0443927079887431,168219.26347395038,159471.60774684825,0.054854000976704,160281.11012308663,150196.92159256144,0.0671397817185663,148954.8070255696,139733.55702475688,0.0659916644015508,137423.01654389565,128112.26799456764,0.0726764789592422,127964.78170439388,119538.75812512392,0.0704877958532099,118113.01187725009,110161.14350784502,0.0721839671974609,109745.13884137895,100549.20199861452,0.0914570842928335,100523.184114967,93316.66554141948,0.0772264903780648
4,29338.339945651205,8024.6309493957715,2.6560360383751087,33285.85226112109,9468.471345849308,2.515440987811892,48321.24525883581,15986.732103693948,2.0225842871083417,78996.7726429057,26071.75806340245,2.0299749042929083,111150.58431513616,33758.343850500016,2.292536648343009,140994.1515993195,42601.24882563166,2.3096248463610376,158647.21469536878,50045.256137867465,2.170074986894234,176381.46607980985,53908.97463553512,2.271838636744256,183818.76740852324,54842.91019762364,2.3517325529615705,188347.60133695035,54252.048692171,2.471714080433066,185960.99283361807,52782.7675522349,2.5231383547591983,179089.01442237906,49827.64259256894,2.5941699246491656,172993.83393988298,46605.14568888743,2.7119041552772525,159572.4756208718,43710.08742017483,2.650701360693676,150104.40663838145,40402.94475817114,2.7151848098404794,141248.35780636274,36680.86189435906,2.8507371558814025,129825.85459581618,34074.87973538897,2.8100165166829227,121912.97638980045,31281.497145086803,2.8972871350867733,111665.91648583447,28394.402267680893,2.9326736105635507,101998.51033086573,26071.75806340245,2.912222186276094
0,21849.11169208621,20991.02287825104,0.0408788470581988,25058.907280112824,22846.67053411644,0.0968297215427034,39075.27708051621,29571.064727030367,0.3214024398924744,61073.79139806554,39561.62739476006,0.5437633742578238,83600.18134692135,52301.60710181783,0.5984247134925167,103844.90071980322,64686.32768432881,0.6053608921280769,118673.58995189842,76908.20082438174,0.543055079690228,130240.45487775968,87977.25121829077,0.4803878624782749,136449.5480158443,96355.24462040343,0.4161091962704726,138488.94982329704,105481.54757513714,0.312921103329925,137016.15042873996,109656.27837178744,0.2495057507258218,131725.6242568371,113913.82229664634,0.1563620779382373,126141.37464840352,115395.91254524403,0.0931182211410341,117981.78890768676,111756.37549263918,0.05570521938999,111090.26083693004,104395.23000506705,0.0641315779613496,103462.18071188364,97299.0306376674,0.0633423584369223,95692.60390247218,88500.33944755641,0.0812682132047388,87480.02433127601,82143.00404217796,0.0649723047182162,81087.9932882418,75945.73656579417,0.0677096168261235,75628.66274218308,70287.28387302313,0.0759935307616861
1,26488.65384630244,24344.148452149817,0.0880912059161898,29668.758599444256,25728.284693456942,0.1531572723536221,45769.5068363649,37126.31287683867,0.2328050724616477,68817.66464694968,50164.50904976644,0.3718396920555546,100392.26777848092,62183.46765314661,0.6144527085311375,120345.33181098892,76478.3490684303,0.5735869468535193,141207.86206038226,96850.31291679488,0.4580010926933753,153918.6178882985,100498.5689332836,0.5315503446668781,162434.19976190611,114021.0121316212,0.4245988237185503,164105.58179454104,124042.0234814516,0.3229837533171191,161403.79658578595,133132.32355769566,0.212356190236838,154929.49249288862,137097.69490140415,0.130066355997513,148726.3829418486,132651.5704894083,0.1211807172213148,140488.01391810778,129226.15111203009,0.087148481241343,130808.83888407527,122672.99814616922,0.0663213654256,123896.14840798652,112612.3579625756,0.1002002857373864,114007.6032437541,104422.77294485984,0.0917886973175428,106837.51084387054,96109.01918594226,0.111628354433332,99819.60944408303,88194.67590823374,0.1318099240814152,90863.65232416811,81320.79432323184,0.117348312696081
2,27874.329991391067,27209.06447756636,0.0244501428696022,32979.620874450426,28196.81966155392,0.1696220095139955,51831.66222782921,40012.40691696587,0.2953897608656928,76284.56206940401,60258.83255218336,0.2659482243261613,110369.9765840571,80702.05894855855,0.3676228094057625,137667.99654546776,106561.06785408773,0.2919164505180656,153677.98353909465,132688.83111979056,0.1581832641238298,168928.1215158872,151313.84623629902,0.1164088794100235,175106.54811345157,161125.51155063286,0.0867710918542234,178081.63533015264,165821.34582753727,0.0739367386112443,176032.08655341697,167135.75558025565,0.0532281733628772,170249.26803670055,161357.6549424964,0.0551049970165524,162850.17931217287,155122.11977405427,0.0498191976062152,153965.26220415992,147096.45202077954,0.0466959609767478,145846.281598519,136409.06700909106,0.0691831913841842,134373.631110964,125925.04925473924,0.0670921465286367,121913.00391318504,117229.55174869606,0.039951122346086,114541.05771324552,107871.45267642108,0.0618291945769104,104616.398807219,99225.8663914669,0.054325879045342,97700.287906564,91548.59729658412,0.0671959024129078
3,29003.28674233578,27703.79561818284,0.0469066095513659,34074.42078139094,28795.312768634514,0.1833321990691043,51419.85882988183,38699.74092836544,0.3286874174445189,81049.28380166386,56731.56384014338,0.4286453310196465,112982.04867663424,73934.29269268141,0.528141334174393,138571.43161374508,89356.35243684525,0.5507731440994503,161301.27055142127,94891.16759693272,0.6998554727092978,175279.67726566823,111634.84428873414,0.5701161978810316,183202.4443827176,120010.9973433852,0.526547136830501,186377.77518403908,132110.31499472883,0.4107738308812261,183079.7717812787,141587.97650545853,0.2930460361104219,177081.71587328508,147546.64522925738,0.2001744641373324,169531.80834851586,143045.0366742076,0.185163863704221,158818.19310963442,140825.13890238875,0.1277687659141408,149137.89872775052,138488.94982329704,0.0768938526722953,138902.19957151994,129076.84033535876,0.076120233580506,128519.71751329664,118872.45452500136,0.0811564211982034,118938.87395397112,110190.9376943396,0.0793888902542745,108802.61766114316,101631.16231550532,0.0705635474616994,101524.90359886445,93505.48925042986,0.0857641023294011
4,28781.439661634904,8032.186185150929,2.5832635098577565,33696.16323052322,9040.43709230322,2.727271467793433,48482.91238913826,13886.886099898182,2.49127313642284,74722.93819784552,23765.21968222838,2.144214074053912,102111.36154282012,35697.14091278518,1.86049131476096,129226.42730569026,41450.79424569556,2.117586276868741,147423.4107301318,49260.112583277565,1.9927542386530788,159270.14513120646,51584.96869255247,2.087530130733625,168600.34287351638,53233.62007036415,2.1671778596056512,170582.0068048259,53733.566851179385,2.1745893079696392,169972.88767735512,50807.38556304928,2.3454366091407666,167297.48697260907,49047.15813551405,2.4109516908273703,159776.1303664083,45848.65419292163,2.484859766965099,155821.8466880023,42911.970742319616,2.631197635356593,148637.11196734937,39533.87940588208,2.759740106487861,137831.60432067112,36791.54742683614,2.746284512625182,128778.95317846816,33828.24164816725,2.8068473826645124,118938.84766993874,30942.54805880716,2.8438608043491507,109805.70038233593,28505.526587020384,2.85208461408794,100864.18688707949,26212.819071747428,2.8478954366183533
0,21911.36506691931,21128.339858477582,0.0370604228106234,24655.880303683243,22598.637395139216,0.0910339359215757,40168.59200079437,32385.10961709468,0.240341393798807,60559.18648940715,46746.09453763691,0.2954918927109264,84762.96675037096,69635.69879787098,0.2172343814113124,106808.72086120992,87604.62218149414,0.2192133040643662,119941.08381498272,103928.32675719152,0.1540750010841789,130505.38392746577,115237.29814516772,0.1324925699235364,137709.06268975465,127305.53102003306,0.0817209714798996,139984.53092570062,131345.08638941657,0.0657766862375766,137954.7345821106,129958.90195203506,0.0615258555587567,131648.87723518786,125422.33382341891,0.0496446144953357,125565.704743452,120819.40020648982,0.0392842915032716,117588.27524118712,111878.30500865632,0.0510373323236263,111574.14878342736,105312.13820597796,0.0594614323108857,102973.0045097428,96974.64842442896,0.0618548887030849,94506.05886323431,89961.54102167375,0.0505162293792378,87415.45535039082,82459.28842127539,0.0601044106007189,80933.31034979054,76229.14989831638,0.0617107820007063,75523.36684322414,70796.92067387007,0.0667606178964577
1,26225.06774352445,24571.73334917329,0.0672860302875943,30523.1917738057,26329.416774382906,0.1592809683313272,49949.021426576015,38101.73690421857,0.3109381746070934,73628.85048835461,60012.36688388056,0.2268946270827965,103189.99218955146,79672.78388757368,0.295172418415339,125493.97568956728,106042.60802413244,0.1834297366678141,144570.10519817995,127670.65173995656,0.1323675662958525,156194.1235079774,145006.79945536662,0.0771503411883403,165688.932915237,151270.4369756843,0.0953160196256348,168273.07001322616,155219.7298132977,0.0840958827568465,165157.71233111658,152963.13653197006,0.0797223179102226,158918.47090822045,143012.29150351294,0.1112224637300969,153391.46944243644,134948.1947686969,0.136669295245865,144173.71543996967,129825.85459581618,0.1105162056419528,134531.4311222043,122154.1286105474,0.1013252900449912,123649.9913333284,113415.52878005028,0.0902386354264244,115715.45482835609,104617.41326526442,0.106082163730734,106325.46364642234,96355.22684352486,0.1034737515494468,98103.82460669946,87868.85462187261,0.1164800659900615,90750.23117286418,82459.62194127613,0.1005414412097625
2,27645.77233138698,27279.01867524268,0.0134445326098606,31662.78957720672,28459.316791269983,0.1125632357737911,45481.49057235252,40874.68397701741,0.1127056198874925,73628.85048835461,66855.32693291554,0.1013161383869352,104758.79962013714,89337.53109235363,0.1726180289428596,130051.7630804125,113269.71501697182,0.1481600625632908,149827.3490517506,138495.79734614657,0.0818187405158783,162693.28131696684,153078.05809411616,0.0628125502933869,171921.47531231405,166121.57253283093,0.0349136038808979,174646.39086260705,169927.6206192689,0.0277692951042418,172653.54774395275,168818.74387032125,0.022715510053654,167297.28759902876,163578.9687305505,0.0227310325852654,160484.40305937122,155997.8483055406,0.0287603630599004,151173.35204739665,146336.08130367543,0.0330558991372944,140656.41459556305,137300.78496418725,0.0244399886879822,131533.88376131264,126975.5949526308,0.0358989364088613,122326.9371556576,117555.5471915892,0.0405883863250797,113043.8307068158,108568.76464674888,0.0412187250598963,103462.1604305127,100001.3014547165,0.0346081393487001,95814.73736774756,92171.27177279312,0.0395292971972414
3,29483.50770011737,27690.37702840694,0.0647564556405606,34373.649814200464,29184.53719295307,0.1778034918607638,50969.534656164105,37850.26777840439,0.3466096185783118,81157.37935952548,49298.967533846415,0.6462287836719205,110369.9765840571,64969.83437096116,0.6987880245141573,137056.76840323975,82737.43762823389,0.6565266260611091,163161.08580837952,91065.60280093447,0.7916873198000205,174188.01720461212,102325.89048329947,0.7022868443352681,183387.4003098113,114985.03425886264,0.5948805989565247,187452.8206754378,133979.2453663385,0.3991183497331014,184686.6258831611,140572.16038594142,0.3138207834047881,177609.90915089543,147908.21571898082,0.200811653954007,170415.40503045247,148635.1571821657,0.1465349669701168,161097.6580041572,143912.12770980378,0.1194168314223504,152536.48782940814,138162.5377954957,0.1040365229479813,142442.49555257327,129115.86846554167,0.1032144789436797,129863.5369537763,119305.0105705372,0.0885002761639799,121091.48602517036,109804.47724965827,0.1027918811529808,112092.87679580937,101075.33866059556,0.1090032275054748,104561.02397692444,93980.07491233286,0.1125871529093989
4,29846.058735615257,8039.802433589441,2.71228758195868,35169.424642803555,9741.39227665042,2.6103078126832777,46229.78953237985,16881.06575359644,1.738558702819506,75243.606049907,27375.96111258177,1.7485283800803493,105957.91087277408,37532.50438909652,1.823097275212886,134557.38515627675,45945.69513842791,1.9286178988232583,154445.76633416055,51596.201819241134,1.9933553418376813,167838.38638693478,54978.78144209369,2.05278476504086,171083.474166249,56473.054008422434,2.0294709073239336,175789.71273242345,55638.28411914829,2.1595099582146213,174397.51917288243,53515.40892486584,2.258828114678741,168657.58752232703,50867.936470384,2.3155971958980834,164945.85746663308,47286.89957199742,2.4881935368905324,159673.43468368324,43390.0963555908,2.679951143116311,153391.51176956773,40350.96115326985,2.8014339035673164,143390.97742531044,37053.68863073225,2.869816547936938,130884.89068648554,33746.71305102351,2.878448561452296,122017.76863595308,30547.26988921468,2.9943919400480983,113478.51345567714,28224.425392442543,3.0205783422631693,105033.07960175828,26295.7983015499,2.994291346369489
0,21868.805523547657,20969.283453668337,0.0428971295975284,25023.61802316899,22923.33526705822,0.0916220406691412,41759.25608850346,33160.59537570107,0.2593035684486893,61601.38978466767,42687.50557852589,0.4430777565896584,85010.74109563604,69794.7656730279,0.2180102658971794,106980.38539866993,90706.3916889246,0.1794139685939288,124219.66522670368,109478.96371159196,0.1346441454629054,132341.89644957992,118740.06153954184,0.114551354729663,137995.52364632578,125925.04925473924,0.0958544345467649,139525.0283651061,130127.19004248852,0.0722204046636914,137667.96199721962,128482.52743586405,0.0714917019821297,132962.30818863242,122576.50863230192,0.0847291187537835,126720.82827614984,118475.19652630006,0.0695979579828705,118841.17372169036,108422.91732388551,0.0960890617495837,111029.98365105316,102057.84823980516,0.0879122533542562,103407.64581521964,95302.79221943428,0.0850431913592202,95716.99550918477,88478.49124015914,0.081810891749702,87868.82463185464,82498.94378874941,0.0650902980873984,80740.58793917138,76158.1583476605,0.0601699107611317,75000.0,69750.5052071772,0.0752610289664632
1,26539.270662567105,24431.06468820354,0.0862920221148408,30731.21920263547,26983.389911408754,0.1388939382164917,49182.52839002389,37967.05544994239,0.295400125376289,73257.91582351348,58399.32663972849,0.2544308306061331,101524.8840159544,86223.11767522659,0.1774670964504485,124108.22475213182,112550.9093028846,0.1026852250313272,145846.281598519,126291.64649843569,0.1548371221870605,156782.25172504148,142960.5542536868,0.096681896230115,166276.0656779643,153391.63875103366,0.0839969312006831,169092.5688690306,154880.06342685543,0.0917645895004894,166543.9821868486,153201.93919152368,0.0870879511430042,160179.64756106568,148044.93225881382,0.0819664348998978,152585.57880128117,140446.640080149,0.0864309656265527,143999.2484144666,132033.24919792067,0.0906286809514824,135645.5557408202,122603.63048800104,0.1063747068574414,127489.81363786988,113602.02666096612,0.1222494649532131,116710.61706357251,104533.48128048956,0.1164902922386048,107123.10825238322,96999.53709548456,0.1043672110201228,99535.0200310974,89849.66662670785,0.1077950956081852,91548.59729658412,82202.2076893365,0.1136999828833071
2,28105.479379996323,27432.87508012096,0.0245181847659401,31888.1016428892,28046.34478071748,0.1369788787882624,50911.70525507051,40012.40691696587,0.2723979679783566,79824.10635305107,57395.428100163015,0.3907746487010584,106781.11392715869,78550.54532926026,0.3593936678550653,135128.06733313395,95814.73736774756,0.4103056695182234,153105.71723500604,127011.973159072,0.2054431832442584,167243.32749350683,140403.86745027412,0.19115897966798,177081.9378291687,151500.71785370784,0.1688521370582718,180346.21128107613,163474.03248125868,0.1032101462460206,178851.12457081128,164418.03844415568,0.0877828628977213,172936.13750475374,158681.30701883248,0.0898330796092414,164312.76453553129,151128.8550622589,0.087236216193401,155753.88248887658,144656.6576036571,0.0767142354113048,144523.59219901648,136772.85318559557,0.0566686943563534,134650.3848093279,127267.51219959414,0.0580106618109668,123860.7886683916,118046.95989720427,0.0492501355075134,114101.48135093834,108510.50102654147,0.0515247858180039,105620.2658618596,99819.60944408303,0.0581113916401963,98154.42017533956,92473.19634983945,0.0614364383383829
3,28861.248641468417,27753.00670255559,0.0399323197947694,32444.203823866257,29454.39578296339,0.1015063443478339,49337.86446588555,41674.727406476326,0.1838797164686039,76287.31482669563,67062.8919541293,0.1375488381693379,109301.87430956744,95812.43474820488,0.1407900717356029,136048.8017368514,120480.51041130844,0.1292183380730571,158268.67069651216,146692.96060752863,0.0789111491174678,169696.96969696967,159877.27409528883,0.0614202090775464,180828.0501172553,170028.0095810485,0.0635191846497424,184066.18892146143,175800.0462391933,0.0470201394089579,181310.92399948923,174876.2527251222,0.0367955692902528,173845.27286079517,168600.140560966,0.0311098928054125,166543.9821868486,159774.48504397337,0.0423690750185306,158068.9718477676,149459.23365061946,0.0576059303052129,148225.87534132283,140867.5904462805,0.0522354707121111,136813.4368419288,129750.67567741654,0.0544333285945388,127194.42872687391,120075.64571614818,0.0592858191040182,117686.30503463476,110789.33689760148,0.0622529959124846,109125.2792576044,101844.20981890132,0.0714922277039631,100366.09612109048,94123.17930085238,0.0663270925037862
4,28984.36907440026,8065.476555880904,2.5936337888511303,33297.27065907563,9813.18747612057,2.393114697961418,47079.57891641345,16270.846975031433,1.8934928211579776,74848.6710007181,27008.5591515254,1.7712944841224814,100209.52623836472,37650.87485975913,1.6615457572134034,125279.22415681215,46337.40878460035,1.703630337621449,142830.17688810488,52719.58011150654,1.7092434459076973,157575.73061589652,54607.70643189392,1.8855951094086527,166184.14582707034,55926.19789223921,1.971490143980116,168346.69351584738,55638.28411914829,2.0257348187686066,165698.47718740307,53637.56582972367,2.089224401297868,160382.7105598062,50264.83162686847,2.190753959953096,160177.36524334154,47656.06568020394,2.36111181141582,155949.02024127368,44091.686609232536,2.5369257162555194,150104.40663838145,41389.473238978826,2.6266324476200285,140068.14125790924,37225.65145235318,2.7626780403611977,127744.124196659,34568.535348207275,2.6953872332136224,119271.60301214569,31376.24313705418,2.8013347388709624,111513.49994621536,28936.88708804873,2.8536798933106984,102435.26493484378,26640.889619184585,2.845039200983676
0,21650.545064824,21031.47279388686,0.0294355168087456,25466.65647613919,22132.95617117775,0.1506215563424235,39699.82491463332,33793.271208115184,0.1747849052594743,61810.369838665465,48113.695701357065,0.2846730839868134,86688.37976838984,75077.0821221371,0.154658350032347,106666.298992517,93034.26708717628,0.1465269984076624,121057.76057052336,109365.23539875633,0.106912632054738,131342.5555577336,122951.0262582957,0.0682509902911179,136530.17025535487,131342.5239226528,0.0394970812024069,138736.60511965846,133469.45655658693,0.0394633251603779,135966.28763069687,131495.573762474,0.0339989684846617,131304.3089325618,126394.60573620556,0.0388442463011684,125064.9938942404,120548.1804523285,0.0374689474777938,118014.1025409821,113539.81250741662,0.0394072346497245,110549.4270954788,105116.6404566974,0.0516834120190459,102084.60489131264,96330.5705912378,0.0597321729203816,94290.37849369922,89248.89879224564,0.0564878644966719,86816.05716615636,81710.87920973552,0.0624785586178415,80991.52941814136,76335.82211753994,0.0609898101763113,73985.37413389332,70223.3952304647,0.0535715895120458
1,25997.63899804153,24374.332925307903,0.066598994840517,30787.9728036732,26535.04816590986,0.1602757459180783,46318.3521752598,37579.6372432478,0.2325385653791043,70828.93143343039,61545.76571764702,0.1508335400094245,102272.13912323378,82234.20838300939,0.2436690415611087,121501.24659756296,97423.66770548216,0.2471430142095327,141508.16462125815,122886.11548413704,0.1515390820497129,154638.61052544872,137170.8240340289,0.1273433079842583,161711.9341563786,147803.6424161313,0.0940997901871012,164418.03844415568,153987.81277204963,0.067734098461065,163892.63133865202,153677.98353909465,0.0664678671877474,158068.9718477676,147456.44956394978,0.0719705534427324,151313.47493897393,139608.39017145953,0.0838422730406018,142485.64448350758,130884.89068648554,0.0886332542753911,133743.58080567053,121227.96378807005,0.1032403467526701,123229.9210896119,112951.18154641714,0.0910016115145349,113913.82229664634,103516.71560854765,0.1004389158502259,105508.05514285796,96355.22684352486,0.0949904701505892,97374.13014845348,88151.26644460029,0.1046254248615863,89827.31051080901,81671.75302778358,0.0998577498422377
2,28119.09262759924,27283.399168341726,0.0306301078579391,32350.84612809434,28306.84029972588,0.1428632014576216,48806.98130718706,40104.02979897606,0.2170094015946797,77878.56775221927,56938.96930065639,0.3677551369255554,104174.55613082644,79643.9219131541,0.308003845471362,131994.81210609293,96476.98456698866,0.3681481930484935,151735.24715709026,116313.1898217122,0.30454033106369,166062.30395678303,131787.41655379266,0.2600770870183961,175221.8587168267,150835.9220131104,0.1616719437800549,178376.81409281504,159050.19380368618,0.1215127113455987,175279.67726566823,160602.22366154002,0.0913901020141545,170304.59549792943,159020.97340527474,0.07095681689671,162020.9132778629,151876.19688421924,0.0667959601423082,153296.13418423603,146246.47428172472,0.0482039648281096,143390.97742531044,137423.01654389565,0.0434276661326853,134689.79297800697,127377.2716737678,0.0574083681346828,123509.74247649722,117164.50637767962,0.054156640905939,114258.35077395463,107958.22057471362,0.058357114128988,105424.43280398787,100313.86786790486,0.0509457470308363,97725.41188324426,91824.67254719746,0.0642609352406222
3,29425.32417825104,27856.311850905648,0.0563251996798126,33945.16992704356,29065.137779846307,0.1678998456556792,54607.39121340475,36791.2349933006,0.4842500183358438,84639.48705101533,49807.92388040452,0.6993177080467368,112951.32478287152,75088.6313514706,0.5042400260856452,144524.15988701672,107386.18711162623,0.3458356588895941,165051.7119855858,124517.11639736728,0.3255343262115213,180887.2977063813,145451.11453884465,0.2436295058988562,188153.58871642983,154211.92699907205,0.2200975137128142,189372.95391589016,164628.87580698045,0.1503021750444373,188729.7659134245,166490.3198715963,0.1335780125774284,179685.52707938658,163683.57107310407,0.097761527936947,172992.77206017924,156193.46660214473,0.1075544696170014,163787.8380689453,149092.72767639576,0.0985635625665466,150474.9550496301,139400.10964053564,0.0794464612520939,141121.18219847133,131495.60546657385,0.0732007484032939,129525.54053427016,120277.84997762067,0.0768860647107521,120143.2078129858,110549.4270954788,0.0867827266913023,110042.19429319736,102433.27402058378,0.0742817248141904,102756.61994761322,94891.16759693272,0.0828891934820574
4,28105.420671135194,8064.523112996429,2.4850691451106064,30284.146117468244,9957.917824776658,2.0412126963045587,51408.3194937606,17416.148214107383,1.9517617134263336,73904.20744910772,25752.848606648746,1.8697488413001229,106240.44725599102,36583.07321213601,1.904087544529938,129375.7073940284,46069.42244491137,1.808277172320372,149827.71352327237,52825.430963906256,1.836280003577147,162745.15431778488,56264.67477906318,1.892492580057434,173276.26372869062,57432.947569116746,2.017018472196018,178363.3252302708,55937.7553823034,2.188603547125851,176066.38326113013,54195.69605290447,2.248715231727231,170585.1091784588,50324.11236698243,2.3897291209924933,165476.1030237814,47213.53375168894,2.504844689111243,155219.0373174689,44075.00122785937,2.521702393495488,143175.0804800426,40484.24376719807,2.536563046684565,134848.42012331437,37132.91680262849,2.6315062681466754,126213.600360993,34520.23379487965,2.656220902528017,113573.57249665564,31694.84344565519,2.5833454325588283,106387.92900515212,29338.371552398523,2.6262383825613016,97751.70421844606,26675.39141525002,2.664489967429776
0,21977.230798485696,21106.41594146133,0.0412583007669122,25817.94987305259,22455.56286516545,0.1497351470580632,40232.70603337918,29319.05395880648,0.3722375247818867,59851.57220408269,39176.00379698653,0.5277610374513633,84393.282779057,50716.37813298651,0.6640242439585142,107842.4862208646,65069.06623628273,0.6573541385896093,122050.6594110873,74241.54842390615,0.6439670508244193,130656.92358091248,86858.91466718967,0.5042431059787025,137995.83596905362,97399.05452164638,0.4168087836867538,140403.86745027412,104893.8948673889,0.3385323104626667,136530.17025535487,111574.17211747477,0.2236718199585143,131687.25074601246,115173.41638487043,0.1433823435953169,126757.17692931482,116969.67674696914,0.0836755341601753,118872.45452500136,113353.45910805052,0.048688372285931,112061.02350793996,106155.62259843235,0.0556296573366319,103353.19196479992,97750.53582517078,0.0573158611595707,95108.88034790712,89872.02274260668,0.0582701651246773,88478.5519892096,83297.90821962798,0.0621941640589827,80933.31034979054,76585.68331921798,0.0567681431064752,75716.54782505352,70366.16122693071,0.0760363576018852
1,25752.563869986607,24336.609992991307,0.0581820507212418,30066.547758683555,26404.57514892858,0.1386870490852629,46051.66686797326,38245.86533213984,0.2040953046308469,70350.27618875902,61722.69297007421,0.1397797601421544,101286.3740500446,87803.85267930875,0.1535527309943776,122881.43549049617,107842.50812498326,0.1394526854668816,143390.97742531044,126285.88480217224,0.1354473831333837,155510.43941620432,140294.37924838322,0.1084580882665435,162330.7369824974,152347.41589083872,0.0655299667098521,164207.58698682123,155073.72579661384,0.0589001208508195,161814.83354175676,153058.26059938536,0.0572107177233043,156095.59181502237,146023.94774219306,0.068972550246422,149919.62046195977,139109.2805623701,0.0777111336920675,140740.7767489759,130961.00534717976,0.0746769725527825,130429.520358254,121638.2978533135,0.0722734752137195,122257.59781000752,113260.49868952137,0.0794372197243253,112673.9491566278,104478.91184462135,0.07843723836054,104339.93790583542,95961.71949102782,0.0873079229847579,96133.71070680386,88917.5865318185,0.0811551961366285,89426.30250562694,81789.21031210858,0.0933753017589376
2,28087.22789780958,27300.92858272744,0.0288011930692941,32169.98776379129,28311.43566965741,0.1362895241045392,51605.65856257728,32599.131379957744,0.5830378411341637,79034.11804447343,43162.32792645042,0.8310902548896193,108831.84920455336,57818.57725434742,0.8822989836950752,136086.9163586291,73257.92656439809,0.8576408416227912,156095.59181502237,88391.03756474327,0.7659662802429257,170470.83558614654,98918.0641494758,0.723353939969416,176380.97040569276,111331.83297166896,0.5842815634821812,180044.83652138466,120689.75920303677,0.491798788151484,178732.37768173983,125997.09915793664,0.4185435924814413,171361.45340311222,132111.46635373158,0.2970975051044235,163161.08580837952,135526.97616094747,0.2039011747345021,154157.20740279043,136490.19913607845,0.1294379257890765,144962.556705799,133313.45615101053,0.0873812808632985,133626.3697862001,126975.5355597141,0.0523788633548094,123020.67295100908,116323.54891142104,0.0575732437864993,114384.09078218824,108277.44610388832,0.056398122582618,106382.11990123932,99380.273799937,0.0704550896629425,98357.24423245803,91755.53196208629,0.0719489291730075
3,28710.759186084066,27623.47285872843,0.0393609569990065,32705.008681711173,29556.452354345987,0.1065268689766221,53224.66643065117,40745.47338817585,0.3062718875195771,80914.03300868766,61195.426455108376,0.3222235336172454,109360.82909949016,86174.21283229227,0.2690667602885153,139400.10964053564,112158.12709757165,0.242889064287467,160739.3267072965,130119.93918818476,0.2353166448596995,173049.61912231243,142679.45711714297,0.212855884223297,180766.551174328,147818.3364553762,0.2228966683635911,183448.6175181657,155662.18786999787,0.1785046839465844,181128.964208994,159729.98920494493,0.1339696766434548,175337.27810650886,160191.35803166337,0.094548921121274,167297.28759902876,158467.92059270572,0.0557170623133012,158568.06274302237,147998.80575189085,0.0714144748495477,148772.03576102387,138324.1957772425,0.0755315433071925,137586.24451871862,129488.0437393174,0.0625401430552488,127230.9555591291,119605.67942408792,0.0637534619740263,117099.51212226198,109597.09832369376,0.0684544929867572,108277.40196683456,101180.56479338786,0.0701403198127876,100157.4891762333,94170.8580236707,0.0635720145085414
4,29227.87407854645,8146.995444763407,2.5875647994050457,33950.1880862717,8965.588452915037,2.7867216708160707,52836.15471728401,14206.745061568472,2.7190893824240074,83546.65472421166,22414.90288137518,2.727281584326275,113602.02666096612,28807.05198569606,2.9435491947379555,143140.9246880155,34534.06439460715,3.1449197248374983,160790.03403584662,43170.08832792101,2.7245704204837784,178258.51811790152,50329.68245935353,2.5418168644688723,186389.87834306376,54130.73996656056,2.4433277368498323,189180.94094308704,54075.43777260713,2.4984634195401743,186203.7294973902,52849.951483496974,2.5232526099013453,181080.6581162999,50134.95948054461,2.6118640563890376,173450.5412111478,47186.05560306744,2.6758855766675325,163057.38797981665,44444.07555754948,2.668821680601228,151138.457626058,41236.76939905533,2.6651381722817584,140168.62407023498,37532.50438909652,2.7345928909277646,130430.6444583108,34514.05024223054,2.779059355332312,118851.40911185104,31769.86499044693,2.7410108336182466,109961.05502074168,28856.59190314512,2.810604363461122,100105.33753209708,26828.531085913004,2.731301471986288
0,22166.285371093232,21087.647740921988,0.0511502109397472,26450.778759341767,23243.1823706028,0.1380016013984311,42632.17936808015,33980.35410038589,0.2546125694315824,60348.55507234465,53289.94567845535,0.1324566821005981,87544.65280423204,70350.27618875902,0.2444109326499053,107612.6119046429,95352.95248234012,0.1285713667290304,123195.06982538078,110912.89099153689,0.110737162506936,133118.82764004063,125709.3667448424,0.0589411997455806,139942.54752877256,131495.85909965396,0.0642353948402076,141886.4539902882,134610.57892544768,0.0540512872236449,138571.43161374508,131419.0171729964,0.0544245010699893,133743.58080567053,123020.64495899277,0.0871637102069502,127523.7670223268,120887.34032564702,0.0548976152407896,119739.6814345474,112489.50807426476,0.0644519963185912,112796.98901037096,104782.79266276202,0.0764838972502117,105033.45501760456,97800.89321046976,0.0739518993100623,96999.53709548456,89381.9013246759,0.0852257074185289,88697.62695510853,81652.20304450401,0.0862857785571866,82261.41133649506,75734.24352582732,0.0861851588765365,75857.47438347156,70002.11851951995,0.0836454094217
1,26433.973603395345,24525.993802175,0.0777941891615066,30035.7012395595,26734.495702769706,0.1234811224229597,45681.81563964608,35428.813740905374,0.2893972678205367,69813.46999739445,46425.61663063512,0.5037704410656392,99046.19343925345,54143.537426096045,0.8293262344457615,124638.11921352596,68715.711413338,0.8138227291834921,142271.00512800366,82658.91794062783,0.721181557568827,155369.42103308206,96579.18480914512,0.608725744994796,163892.63133865202,106865.78419258785,0.5336305495432798,165688.88397171258,119039.3323072702,0.3918835124513995,164260.17576117627,126798.5309464594,0.2954422621073982,159320.48804214466,129432.58542520064,0.2309148234871372,150474.9550496301,131084.94710006067,0.1479194093488745,142271.15211302132,127817.53645758628,0.1130800675401155,135405.74624631455,121741.18905983688,0.1122426788501418,125566.40274371309,113602.02666096612,0.1053183330826785,116002.37953599048,105005.18427750024,0.1047300219904157,107037.31920778316,96850.60005626408,0.1051797216083456,98179.96640089524,89160.35908349071,0.1011616306856557,91916.87078609124,82221.91570556008,0.11791205540928
2,27552.348527553862,27165.4634886604,0.0142417978274129,32306.886648356376,28032.67288730442,0.1524725729235647,51481.68992217974,36014.84711035786,0.4294574058423148,75139.06848979653,49673.78727897316,0.5126502851052546,105033.91386103656,62833.28486119215,0.6716285658639638,134215.50094517955,78589.99016064958,0.7077938382588314,154735.48428240008,88831.1753954071,0.7419051767990055,167081.54674243112,102164.91443205815,0.6354102352187052,174531.83812412413,112144.72570485692,0.5563089305105433,176847.69161482312,122003.39336418564,0.4495309248237449,173674.3029053475,128853.33333333331,0.3478448590543317,168164.2482342062,134018.98264259275,0.2547793224387726,160790.03403584662,137913.52931964942,0.1658757108823974,150567.79604835933,138324.33520765067,0.0885127032949693,140235.8612886823,134809.411060668,0.0402527552440106,131227.91055302124,126394.48796426342,0.0382407703579954,121261.98789041552,116420.15160896536,0.0415893315249498,112581.9183640584,107496.33316351435,0.0473093830354962,103027.1759419224,98943.70491887144,0.041270650077225,96453.95854762803,91502.72514335733,0.0541102289195607
3,29285.411215658933,27748.52618816452,0.0553861858129942,32962.62148328484,29222.92023159044,0.1279715107887038,53061.2244897959,40972.64081716605,0.2950403838154647,83177.19025953127,54173.56618492285,0.5353833265398076,113353.45910805052,87674.11833696868,0.2928953408163774,141163.45333593825,114541.05771324552,0.2324266612705996,164577.59209370072,130051.7630804125,0.2654775928869224,178199.53862341662,143651.21580427597,0.2405014299789329,185685.67688646447,154445.76633416055,0.2022710708994957,188346.35428219484,167621.64683856157,0.1236398032981591,185685.67688646447,169917.56034217402,0.0927986284203772,179925.1811247787,166115.6214631364,0.0831322156219176,171809.73323989206,158617.99870557903,0.0831666938302446,162797.07463584995,148452.9449307548,0.0966240832190019,149735.32043506153,139233.81067758682,0.0754235606019018,140699.0095247968,129263.58623136512,0.0884659293992025,128778.98366831694,120345.33181098892,0.0700787619296583,117359.79604918696,110519.54162163514,0.0618918096038574,109834.08982192968,102111.38133593166,0.0756302420451195,102272.21852695852,94602.11672182608,0.0810774861167862
4,29386.87701501564,8081.703996204123,2.6362228842850834,31898.861179366395,10038.626804406653,2.177612018146124,47384.93785157692,17413.251940937982,1.7211998087603897,73730.46877086979,27734.662399498724,1.6584231568725492,101399.40781074672,39888.401278623234,1.5420775102633186,125574.08100764162,46885.56413498846,1.6783101221966883,150940.63549366663,53363.42236595015,1.828541139257553,160596.5699119078,56684.44089372305,1.83316845645542,168928.9337402049,57337.22917084694,1.946234692242447,171650.67178920086,55753.43900132099,2.078745900950323,170919.51782724404,54129.399576046366,2.157609712391494,167297.28759902876,50807.11417457591,2.2927925609824347,160439.63670387506,47637.523366740985,2.367925646946813,159020.19810678874,44766.21743019063,2.552236647082549,151500.71785370784,40828.04473340214,2.71070225975731,139986.13501323853,36896.11571873042,2.79406157765746,130127.19004248852,33711.855555269554,2.859983020784749,120751.51421627252,30989.161907251884,2.89657243967011,112458.97322816396,28832.951884681606,2.900362809813839,102675.8935775311,26295.7983015499,2.9046501802335194
0,21940.959528526728,21097.03184119166,0.0400022000103024,25655.38641271076,22509.93787748555,0.1397359936017987,39822.85057228964,32665.83192066934,0.2190980064123726,60298.71317038617,41450.79424569556,0.4547058570933864,85259.41844655934,54877.37674292989,0.5536350953135476,106694.72325010013,68312.43035889915,0.5618639636966287,121432.8167528382,77413.97038490475,0.5686163123925867,132729.66617181728,91686.45643058402,0.4476474644028494,137545.62723320062,100470.66768905697,0.3690127715572231,139733.5925512166,109478.87360840812,0.276352121150111,136853.883908624,115300.21325763734,0.1869352193028921,133040.11382092978,117686.30503463476,0.130463852882257,126213.600360993,119941.08381498272,0.0522966472079413,119672.65384206612,113353.45910805052,0.0557477008971736,111695.68003465858,104671.81504376556,0.0671036896413439,104671.81504376556,96949.75975337336,0.0796500714394345,95619.25365062196,89983.94407403174,0.0626257232285121,88631.79337998354,83036.91804805437,0.0673781670062869,82518.81154197587,75963.75396257965,0.0862919120956724,75540.90289343006,70796.89039981629,0.0670087692668783
1,26312.494685378693,24480.36589086784,0.0748407439120144,31319.19442488116,25805.55664880623,0.2136608735518204,48151.31825828839,37014.17264448298,0.3008886817699925,70957.50022376033,48600.18543300365,0.4600252980840311,101604.70060818813,59863.44529653405,0.6972745237914126,126433.5760288682,75173.89181683649,0.6818814747136881,143304.3805757597,87016.22298103076,0.6468696947119796,156782.25172504148,98764.6673780756,0.5874325898843151,164789.9825589253,109249.448532436,0.5083827403485643,167189.36738798488,118574.3409710196,0.4099961763974478,163997.52050435977,126872.95326206714,0.292612146937327,158068.9718477676,131228.1000537843,0.2045360085452923,152158.67824757376,133431.0919658528,0.1403539910061866,143434.76088721358,131495.573762474,0.0907953536619097,133665.15695305762,122603.60267287587,0.0902220982012702,125530.00008145484,112674.23432238886,0.114096766100779,116678.3488237595,104699.54388551916,0.1144112428162844,107209.07023607523,96010.8017186573,0.1166355068071662,99071.796831537,88675.67226360308,0.1172376177428882,91572.0430502006,82083.91961746768,0.1155905258539069
2,27883.34484874121,27296.5443681213,0.0214972442191332,32743.880233774977,28636.1927825218,0.1434439096862176,52825.430963906256,39764.770231342096,0.3284480372093263,75928.0749611601,52569.8405493886,0.4443276633077626,107209.61188080849,65485.56509726196,0.6371487628086614,135805.78697482753,76654.69155211799,0.7716565578049759,156782.25172504148,90727.52786047856,0.7280560313088473,168709.36622475527,104450.39837250614,0.6152103663892166,177140.30513667283,116744.02764455034,0.5173393338459298,178970.21099199838,127757.24944633036,0.4008614913643871,176497.4851394604,137586.24451871862,0.2828134509874487,169696.96969696967,141758.29502279987,0.197086700779494,162537.80403902743,141758.29502279987,0.146584078292459,153105.71723500604,137749.74857221692,0.1114772899548239,143434.53701395623,129295.95318976912,0.1093505517797277,132884.5025563351,116775.53433101196,0.137948143997874,121432.8167528382,108454.98201786648,0.1196610288758686,113229.46390242668,102459.18489812016,0.1051177502047853,104037.02559533795,98918.0641494758,0.0517495109702801,97199.16934695026,87710.91621979809,0.1081764224577839
3,28729.5115584557,27596.77469368297,0.0410459873425719,32231.66099494321,29338.35680257919,0.0986184813223645,52435.028940839344,41635.49868952608,0.2593827524883236,79691.70544186693,60929.39078633239,0.307935372623868,110849.42938063356,79976.38846559706,0.3860269450441234,139150.7671013588,99974.50393127267,0.3918625412436931,158271.13995717256,121643.82267076436,0.3011029782050014,172596.96638031115,135000.57623475222,0.2784905901452053,180165.06448574725,146088.4065128811,0.233260522078879,183449.15140460344,155774.78629304018,0.1776562547131526,181371.151757822,159044.41947977064,0.1403804820758969,175742.22769098275,157128.02502352907,0.118465198456267,168928.1215158872,150709.51402633725,0.1208855831514801,158218.68973208003,141804.94650027307,0.1157487354065984,148817.68858019914,138406.53790377182,0.0752215237380313,136815.28081522847,128445.00374180144,0.065166233248378,127670.53173586288,118211.50625984932,0.0800178068556285,116581.39191505476,109982.58325853328,0.0599986694348673,107871.40884635127,101286.33505460156,0.0650144344565319,99406.04599087758,93505.48925042986,0.0631038539849209
4,29747.242349233427,8141.210038907094,2.6539092109244744,32688.36012703997,9786.839841672088,2.340032191786143,47131.17209708627,17585.153631947313,1.6801683444756548,67003.49645370789,26279.32691969462,1.5496656234179724,98766.17464943934,37372.182081546445,1.6427724887439177,119736.01789789824,45022.80923434535,1.659452396110335,144265.62574352184,50705.965117313295,1.8451411073578616,153223.22390371806,55227.26542980108,1.774412651274194,162206.93009018857,56707.99561907604,1.860389056594052,164066.85605882702,55352.41119191794,1.9640417196998745,161072.2053410359,53843.10456301963,1.991510364201084,160586.92599730444,50444.26651525741,2.183452493034728,159774.53074713878,47351.211533885325,2.3742437747934164,157374.96691350418,44672.69349472406,2.5228448208991585,150801.4964276161,41115.05039615213,2.667793058128643,141928.94210620289,37714.21327004301,2.763274633092752,129002.30743456753,34670.30766019149,2.7208296130203715,119338.3123885054,31925.836712510256,2.737985427387162,111514.33912583809,29079.4200043373,2.834819921071511,102756.63997324402,26935.913583501104,2.814856312732787
0,22046.62182058924,21131.473912141097,0.0433073391971177,25850.23334157825,22226.67642524118,0.1630273841671652,41481.5009868417,33607.572248788,0.2342903164728793,61520.0247991324,52542.45934182583,0.1708630614128883,86794.7898323843,77117.31756589969,0.1254902604491505,106666.89994306816,94698.32920020793,0.1263862925982219,119874.13640186832,111452.89772992056,0.0755587234021908,131994.74824666284,123844.046604212,0.0658142386811644,138241.9233658903,130467.45210890622,0.0595893545195811,141078.7662969979,133586.83113554062,0.0560828870463718,138819.29699151972,131459.06994220312,0.0559887351443499,133430.27739220482,126939.0979603562,0.0511361710942348,127817.53645758628,119605.67942408792,0.0686577516472395,119974.70423839666,112920.31441620002,0.062472282854223,112796.98901037096,105284.1381367105,0.0713578608005043,104671.83576724584,96751.00964979034,0.0818681494500834,96552.83273642586,90028.85994164732,0.0724653494335827,90909.09090909088,82777.28042815388,0.0982372269163271,82538.62586134876,76105.11630910293,0.0845345209922019,76371.42196932006,70828.93143343039,0.0782517881283986
1,26337.70729205491,24655.880303683243,0.0682120032891475,30826.246890053782,26129.6278331138,0.1797430520991965,49946.17978030537,39620.24463884997,0.2606227002276058,76335.81053704418,61719.01274933987,0.2368281204864322,101657.76131226652,90797.31040609734,0.1196120331934398,127414.2168152408,114038.87974453215,0.1172875172105498,146469.465190442,132923.45389086826,0.101908360812646,158068.9718477676,146380.20682246037,0.0798520871027606,167567.8369929818,154831.71257795207,0.0822578540466478,169366.85142700482,158168.57440166493,0.070799633035208,167405.35740090787,155122.07654401872,0.079184608216636,160841.15752118942,149827.3490517506,0.0735100002712763,153966.79672869534,142872.66025660955,0.0776505207655537,144786.76597472405,133586.79848109125,0.0838403766014208,134216.32451811177,123509.74247649722,0.0866861336355868,125029.40432872732,114730.2062216408,0.0897688450693625,116387.9591241324,105788.91928045228,0.1001904539319611,107438.8154083055,97449.17520327664,0.102511285336081,99071.796831537,90028.76585298464,0.1004460173687094,90546.47382584376,83217.3299517553,0.0880723267417673
2,28339.05545202755,27561.22580795541,0.0282218813303878,32610.235473647102,28556.712168186736,0.1419464286219947,47814.15755833505,40335.98866544261,0.1853969405564435,75541.243716826,56920.59667013422,0.3271337290190754,106694.74472319092,68159.83049120875,0.5653610631697861,133352.1146320826,82371.02240949542,0.6189202310630817,151970.27412120433,98492.50693307912,0.5429627984234453,164893.56075287814,114160.11894188168,0.4444059999343956,176439.3379909893,126651.14552810063,0.3931128475410588,178613.74373343412,139442.79904067446,0.2809104877573045,177316.18404351425,147909.6387156785,0.198814259727609,170692.91955844074,151886.83257311565,0.1238164406139168,162124.28176365688,152583.8186163556,0.0625260478720162,154157.20740279043,147998.80575189085,0.0416111577361217,146023.94774219306,138943.5455074506,0.050958842376473,135565.54097094637,128259.99584777949,0.0569588754067731,125136.34616570597,118079.81725342647,0.0597606693202663,115522.98164055609,109508.41851303227,0.0549232945666913,106552.47312366578,100313.86786790486,0.0621908554455903,98637.65419096692,93081.23883922031,0.0596942565552249
3,28767.06915725358,27802.349869093603,0.0346991996252952,32923.21597091472,29590.569246957315,0.1126252995048444,54529.14179481218,40399.21326475676,0.3497575172430895,86858.67980198695,51996.27526995294,0.6704788824014078,111452.89772992056,66413.53854196191,0.6781653285873563,140235.8612886823,81416.438839565,0.7224514273465557,163945.0759215059,97563.73040863064,0.6803895795583792,176264.78584643867,117009.01497008244,0.5064205599158929,184066.12922257857,132538.43586166814,0.3887754750228867,187579.9008108044,144335.6291029762,0.2996091261498268,185247.6558739509,149312.9077299323,0.2406673923262887,177316.4065549919,151026.89550130547,0.1740717172687906,169257.016222174,148800.0920588447,0.1374792439996568,159370.83095308286,144658.47733795858,0.1017040541685816,147863.0392395818,139900.70671649234,0.0569141694132042,138488.94982329704,131075.30322587088,0.0565602093984924,126684.56834694894,120412.89421631578,0.0520847386939011,117067.04052593732,110879.49867507824,0.0558042011805184,107726.9271000189,102648.99796921948,0.049468862154135,100811.82483123375,94554.06204944367,0.0661818503209077
4,27554.050734148263,8128.692231097933,2.389727394123097,31609.46259594463,9201.560080644213,2.4352286263322007,45712.3645023453,13246.834003681925,2.450814322096862,74294.3367167842,17265.421674696707,3.303071081412744,106070.79794087369,25744.447258595043,3.120142758375241,126798.8030086136,28120.97489711368,3.509047195999885,151876.19688421924,33630.70000508515,3.515998681599096,167513.427202787,38316.3065694625,3.37185736832716,177198.89440006058,43378.71746215354,3.0849270049226467,183574.0202426989,47414.66692989908,2.8716716182801973,179685.52707938658,48951.19694518184,2.6707075269396987,174649.03963934004,49788.263929222805,2.5078354988961817,162086.87073086933,46533.22050899176,2.4832506531446445,151876.36306097225,43129.91887127819,2.521369087529453,144267.43622221472,40276.89260685188,2.581890927645,133393.54071151855,37053.69179427853,2.600006753770103,125925.04925473924,34514.21786346311,2.6484978379893693,114541.05771324552,31566.947119207063,2.6285123575840648,108016.24145202668,28612.563066582683,2.7751333636440814,97625.17083215214,26983.344291036592,2.6179789198547034
0,22106.33976493727,21216.330206286897,0.0419492697368861,25704.803098142685,23364.444234197355,0.1001675383538489,41790.52374704125,34736.741980060135,0.2030639998140926,62505.75152017102,56875.97054955039,0.0989834708089238,89160.37448717275,77632.15133004247,0.1484980508670901,109243.05417854727,98994.9304905064,0.10352170194234,125709.2501631177,112735.39776802826,0.1150823312992188,135325.93261429569,127377.24180146203,0.0624027550009518,141036.67585000597,133274.01696620256,0.0582458536218051,142786.36097473087,134531.4311222043,0.061360603865338,140530.14102291857,133274.01696620256,0.0544451515898716,135605.61552539543,127085.17548138017,0.0670451137336913,128556.17832897972,122257.59781000752,0.0515189291446771,121982.03831976705,114793.3211972235,0.0626231304014002,112920.31441620002,106070.79794087369,0.0645749500172934,105088.7659785688,98866.96919190306,0.0629309954327526,96751.2962448996,90163.45093186352,0.0730655852781692,89182.48244381952,83418.43590432678,0.0690979934711744,81750.03163014668,77088.30163489646,0.0604725995564019,75383.30536748511,71281.50247081595,0.0575437210845621
1,25801.341125527324,24602.28857507357,0.0487374394782365,30163.72208486872,26632.40014380311,0.1325949565941502,49513.42177213318,31281.497145086803,0.5828341444939427,70796.88030846787,38648.153082722274,0.8318308809462291,99329.68853416122,51980.03206696252,0.9109201088256582,124425.6714476752,65094.94185064709,0.9114491527337976,145538.8769908591,79024.77197791729,0.8416867692010366,155802.62332650064,89559.69202390841,0.7396511734867104,163683.14057969573,102756.61994761322,0.592920637747171,165476.29832417995,113353.45910805052,0.4598257488238186,163161.08580837952,118118.14904823076,0.3813379833928529,156487.4417261301,124532.89783047528,0.256595200564224,148863.38138479687,127341.90929014373,0.1690054139648344,140910.51139736193,128482.04169850762,0.0967331273269973,131533.88376131264,122119.583636972,0.0770908305118922,122292.14284185412,113945.2201112121,0.0732538207613739,112889.75732845443,104921.70680710404,0.0759428221654787,104395.14751721355,96825.69338783238,0.0781760900906949,96256.63735448994,89738.12001289926,0.072639334773825,89426.30250562694,82439.50074808534,0.084750655864493
2,27605.66902183635,27309.698874230948,0.0108375470915453,32576.938364304704,28325.24159413768,0.1501027539707544,54685.71628424784,37080.07267077954,0.474800677166477,80760.50731879933,50264.17423413794,0.6067210602646123,107438.79365625976,65743.9638537786,0.6342001205649055,133508.50531802364,80702.05894855855,0.6543382790657819,155413.6090976356,95424.33078592057,0.6286580981772647,166651.45532047102,110131.34932135044,0.5132063335953645,175339.238708012,121364.44155096971,0.4447332057666524,177668.72106509216,138984.89136485662,0.2783311863638802,175452.80641788492,144086.44429603018,0.217691277448776,169202.14957029815,149000.5398617446,0.1355807819709804,160688.11088380864,147276.29394899655,0.0910656873227455,151735.33010049895,144611.20309542032,0.0492640048114241,140994.1515993195,137504.59605985988,0.0253777374680663,131419.5238870033,126322.11524142584,0.040352464299979,122395.83333333334,118343.1952662722,0.0342447916666668,111817.2112858898,108510.36808546586,0.0304749053824919,103625.9478116119,99767.81946908245,0.0386710701212136,96207.3958565382,93363.77086249558,0.0304574779678794
3,28785.890742987736,27874.331920783963,0.0327024455615414,34163.497530774766,29093.7291987877,0.174256393786683,52434.472284723866,38184.00550878543,0.373205130945722,80499.85224468527,47186.05075031895,0.7060095296095772,108486.18598149772,62721.893491124254,0.729638248195577,138241.9233658903,84006.09039608271,0.6456178678723117,158968.63241562436,100470.66768905697,0.5822392353120478,172540.54367614124,111530.49458152364,0.547025719948028,181978.65518824628,127600.11632300216,0.4261637091896715,184128.1786602472,135645.5557408202,0.3574213888147088,182039.6974348265,142751.0874750752,0.2752245930638617,175568.44378655145,146112.89653063353,0.2015944379676462,167513.62706248788,149827.3490517506,0.1180443899106056,159522.04168386,147097.07795692465,0.0844677807303135,148089.63340508426,139943.61631783802,0.0582092795768911,137260.06403419017,130884.89068648554,0.0487082451936744,127121.40483858956,119739.6814345474,0.0616480962334711,117034.56892961268,109982.6286962165,0.0641186732577046,108190.76726979832,102245.32303462448,0.0581488136446151,100575.39291935276,94842.90623676711,0.0604419129489239
4,29115.145298665782,8193.453823935848,2.5534642562591374,32680.597485376144,9582.30676138817,2.4105146390285013,51584.96869255247,15143.3207138994,2.406450254018912,78661.77123821607,25604.34132795663,2.072204444967604,106980.04012051134,37270.58516473684,1.8703611614268223,139609.8797852291,44851.52015654438,2.1127123294361367,159370.83095308286,52347.62698526778,2.044470974738448,176847.69161482312,55398.59724002126,2.192277429852757,184313.96862793725,56590.35674749104,2.2569854516089243,186823.8733015716,55471.069669834906,2.3679515180354667,185457.0457350461,53493.81202955093,2.4668878268124983,180108.0442703458,51389.09596233241,2.5047910631150785,170692.86778919998,48207.827581570746,2.5407707908093693,162083.7718195335,44041.6562471152,2.680237884562987,148319.36545947433,40782.98095777087,2.63679559405069,139028.8764009997,37951.65055969226,2.663315675357205,127911.4768768764,34454.187601701095,2.712508864105711,120142.96677048576,31577.52396328947,2.804698775944506,111030.07614232956,28673.29705385625,2.87224656912614,102065.1511867419,26636.64398882354,2.8317571549016227
0,22073.13429805402,21251.02755798208,0.0386855053398653,26713.45781977864,22469.13754726947,0.1888955578993709,42102.17466776082,33572.89394087188,0.2540525920080227,62317.47236978661,51730.03728238442,0.2046670685661291,88412.85548059782,70081.8885355232,0.2615649681840835,108568.85336273536,93624.16045791592,0.1596243195316775,124815.7223858422,112095.23042430804,0.1134793328260619,135405.71275421607,123790.4662701132,0.0938298952583165,140319.82856296445,130771.22091339856,0.0730176531416597,142442.49555257327,133783.21838950156,0.0647261836522781,140110.053402493,132033.53672252133,0.0611701911533666,134373.3339720236,126430.63012185866,0.0628226233034625,128334.70785384724,120616.57888479388,0.063988956082275,120548.1804523285,112704.67348647329,0.0695934491731311,113260.49868952137,106637.81033693477,0.0621045043185097,104727.2727272727,99457.83542176876,0.0529816206350957,97302.01723367526,90614.3135253016,0.0738040542182807,89116.1431701972,83680.89616520493,0.0649520649762387,82518.81154197587,78107.83262244563,0.0564729396711318,76264.72655949258,71005.69841681179,0.0740648745092213
1,26666.372335846176,24655.880303683243,0.0815420908683837,30405.53392386138,27087.2141306971,0.1225050231136075,46968.00171477501,39735.77306526768,0.1820080016469816,70223.3952304647,53428.48670394687,0.3143437061876797,100759.84856843992,75875.1130725583,0.3279696660495872,124354.63643280344,91640.4709893974,0.3569838204693538,142791.68855974346,118872.45452500136,0.201217633894414,157176.5671488663,138736.60511965846,0.1329134586600531,164628.87580698045,144786.72799944927,0.13704396861297,167190.16391374054,150567.79604835933,0.1103978958424976,165689.66706989188,152831.48467225544,0.084133072614001,160688.06468715702,147682.09615707275,0.0880673342843894,152963.38916265534,139193.77018895396,0.0989241038231041,144611.20309542032,132149.51986730885,0.0942998751764232,135486.43156402552,124851.28323787256,0.0851825311710281,124993.6993567432,115173.29261231776,0.0852663540451319,115810.68058748284,105760.81390693774,0.0950244831643249,107526.69318791718,97049.35043234796,0.1079589168695451,100183.50772569807,89560.45305148275,0.1186132306421987,91525.68547242798,82737.43762823389,0.1062185160203115
2,28486.965869389944,27659.126141524768,0.0299300752897733,34010.207858118374,28771.781171309893,0.1820682096676042,51565.746187265926,41322.09184373029,0.2478977681544909,75698.9548502302,62948.90478657175,0.2025460189797978,109537.96341765644,94943.35541722934,0.1537191090023202,138736.64017233538,111591.16061692516,0.2432583316217704,157424.63398322224,138410.76044541656,0.1373727987377395,171249.76245152252,150211.60952597955,0.1400567705248132,178970.04115484768,164734.48790784716,0.0864151364282865,181492.4196290599,166938.87569992448,0.0871788783057079,179805.1826199696,169092.5688690306,0.0633535454726952,173162.78197975905,164945.85746663308,0.0498158889185087,164945.85746663308,158318.1576535223,0.0418631691483895,155025.2022306396,150289.51791625825,0.0315104099077627,146558.95658617996,139483.36518540196,0.0507271343172219,135445.65304383828,129226.15111203009,0.04812881818647,124744.6294260782,119171.64460536976,0.0467643527045635,116581.79705620464,109863.77035699238,0.0611486996794543,106467.2430420535,101048.7407204964,0.0536226605390839,99535.18993126444,93980.07491233286,0.0591094976686659
3,29031.97327809958,27969.17934618001,0.0379987527973257,34109.78209109943,29242.08662739232,0.1664619739942678,53955.93553563691,43636.25802134951,0.2364931820972915,79525.90631742314,71295.97411256641,0.1154333369772437,110849.42938063356,101738.85576776513,0.0895486148739943,141078.7662969979,125855.97863856202,0.1209540287486321,161609.12827654366,149000.5398617446,0.0846210921550913,177610.02075507143,165583.22676337627,0.0726329244017081,185310.12656271664,174933.7994431642,0.0593157363104304,188153.7131806145,179446.55810027357,0.0485222741105759,185623.14588809083,177198.89440006058,0.0475412192415314,178495.22258426264,170916.6115673532,0.0443409856269174,171361.45340311222,161609.1749733297,0.0603448314824448,160739.04936150182,152820.72424929566,0.0518144718336044,151219.97729522898,141502.92653568383,0.0686703165612248,140068.14125790924,130732.88123249388,0.07140713137664,128260.02610828154,121467.19569005795,0.0559231682235961,119706.32724523006,111362.0875295469,0.0749289089383247,110669.29006327948,103380.40876912816,0.0705054408367549,101154.14170222278,93980.07491233286,0.0763360403424033
4,28383.203455386807,8274.555713841102,2.4301785421432784,31755.41837853481,9849.45025340535,2.224080284841856,51431.83423975292,14876.106145850184,2.4573452041480808,80242.32118184718,26700.40175237032,2.005285161101506,112061.02350793996,38824.59354264822,1.8863411895051176,137423.01654389565,46922.24524559553,1.9287391475964208,153938.89727529898,51771.58829080646,1.9734242729932872,172033.79402652997,55546.687495456776,2.097102667744153,180649.6654199652,56637.43248419755,2.18958076834377,184828.471229628,56309.39248799232,2.2823737402075808,181570.91165960632,54373.18354207665,2.3393467115843567,175512.19848930737,51358.58697651173,2.417387603938089,165563.57344818738,48340.11699796967,2.4249725430979243,155581.08533478808,44766.21743019063,2.4754128060384923,147006.6484643744,41008.991684313245,2.5847418438382954,134652.57226275356,38156.55600475881,2.528949841436422,125586.8791778276,35046.8030302272,2.583404713677059,116646.89165271804,32334.16618436748,2.6075429002128727,108167.92362552322,29232.5369433363,2.700257826927356,98386.00589174112,26992.09684261523,2.644993068356546
0,22199.66290874948,21326.99847274689,0.0409182959860823,25704.11789078645,23268.260880240312,0.1046858217330157,41237.1704683572,33607.56158116932,0.2270206027521744,60969.12756363367,49513.42177213318,0.2313656657425344,85824.10806081648,65255.06724975108,0.315209863049277,109538.77516281891,81671.75302778358,0.3412075913878742,123934.60180746988,99582.22576377136,0.2445454081481082,136006.53094652365,112628.62418596038,0.2075662996820788,140656.4505633411,125211.82440580471,0.1233479843523497,142014.32047758266,131359.3648594721,0.0811130263115174,139233.81067758682,130087.1054637646,0.07031215877403,135565.54097094637,127857.04011179922,0.0602899993023988,128630.37574203892,119677.14717287692,0.0748115139829395,119873.89636533622,114101.48135093834,0.0505901846851912,112428.15422857773,106751.7005612646,0.0531743629138292,104977.39318391457,99123.28447329646,0.0590588653485868,97298.95823648604,90614.3135253016,0.0737702957857528,89204.62122192475,83985.16713270346,0.0621473322899284,82757.52018239323,77305.39061537213,0.0705271588904816,76764.83543306291,71571.80893182493,0.0725568709068755
1,26316.67489934252,24453.80449417409,0.0761791649071308,29655.365591382728,25842.5592013005,0.147539814473574,50045.256137867465,36219.33520343412,0.3817276285380977,76549.75769617909,46417.68511118146,0.6491506957493487,103244.3449497143,60817.94527677167,0.6975967287264906,130014.70143806135,75000.10091152572,0.7335270200693986,149735.15863512302,85442.26695547177,0.7524717446127394,162279.1468076379,95814.73736774756,0.6936762680337223,168437.51402979437,111213.83481004738,0.5145374162979337,170304.90478151827,121324.04260440214,0.4037193381103088,167297.28759902876,128520.38576618936,0.3017179072539062,161868.9529317554,130732.8498716274,0.2381658710163665,153439.17939866794,131115.97762635013,0.1702553889803859,145226.870911284,128233.39271281328,0.132519914189034,134927.83336243388,121501.24659756296,0.1105057531577642,125136.34616570597,114415.22019697091,0.0937036694093507,116323.54891142104,104782.77189849864,0.1101400240117886,107813.62928592844,95400.2185494747,0.130119311309713,98969.27100573052,89648.8358716115,0.1039660475621464,91365.23783085396,82757.52018239323,0.1040113047066872
2,28256.30503150777,27472.6229692448,0.0285259279079501,32477.31953544791,28748.28221942516,0.1297133960060768,52063.73222488318,43809.20450765031,0.1884199407407956,77450.27434773301,68879.30677109591,0.124434579533744,111271.37033565305,100785.30555510789,0.1040435877312642,135327.10354907095,121296.14819862192,0.1156751929787036,157721.34640767676,144830.89414838463,0.0890034708070321,171473.24865994797,162848.99495391507,0.0529585933795508,179208.10105701163,173333.05786138336,0.0338945338420477,181735.3042993353,175858.02891730366,0.0334205689567659,179565.985620626,173446.69945093535,0.0352804993641384,173049.61912231243,167351.89603362192,0.0340463611332244,166115.67064462957,158467.92059270572,0.0482605566055234,156095.63555703213,147727.27272727274,0.0566473791552943,146157.409555907,138489.2642427744,0.0553699621054395,134848.42012331437,128556.17832897972,0.0489454639685429,125029.40432872732,118211.4023194088,0.0576763482671172,115586.78974901405,109066.50386311764,0.0597826615408851,106666.68531747811,101074.98905703674,0.0553222544232578,98662.589004771,92916.98757981544,0.0618358555804459
3,29561.32101122564,27987.2981245934,0.0562406159974797,35416.40365273745,29551.579429031364,0.1984606013289598,54989.44777897615,43211.94974854031,0.2725518774082551,79446.55125192639,69418.30176449788,0.1444611756918141,115078.55933854458,94435.6212546328,0.218592706964366,145447.7439724088,118881.9335699686,0.2234638149353851,161770.68182225103,143217.8582236365,0.1295426689711005,177375.55244594387,157078.96215542918,0.1292126584744766,187579.9008108044,172484.1209719713,0.0875198235858834,190668.8,175510.95247801,0.0863641118003115,187770.8612782957,176207.07819979257,0.0656260985463454,181310.57587891092,169312.95346225525,0.0708606292154152,172936.13750475374,162434.19976190611,0.0646534889711725,163369.62164184838,152915.63771741273,0.0683643875831363,153105.71723500604,142958.73730846634,0.0709783824170555,143045.07379650557,131725.6242568371,0.085932024262781,131879.309217457,121775.51355566636,0.0829706676389578,121912.97638980045,111878.09393654,0.0896947927889482,111726.02778731196,103735.34274243236,0.0770295333647272,104229.72449841342,94891.18487764586,0.0984131416717875
4,29078.40131441896,8301.092178735586,2.5029608981945017,32126.40107883369,9942.898204541776,2.231090213129085,49108.73202439909,16297.466213494698,2.013274050154856,76995.82256111209,28598.57114995556,1.692296134565161,110044.55945700852,39585.500023427565,1.7799209152816498,137546.11010356637,48188.98106605286,1.8543062555116343,157077.85561281696,54317.67193245232,1.8918370398524047,170475.99988875742,57649.308632899694,1.9571213242871228,183943.8792734049,58158.557829163634,2.1627998722686024,186950.40524776332,57565.03309413696,2.247638283157773,182956.744608888,55500.81121164162,2.296469738274956,178910.8940178455,52506.30248048511,2.407417501629274,172710.39388909732,49163.17937525598,2.5130029441509865,162439.90465347702,44868.607278529176,2.620346485129456,150847.17905721744,42314.522573357055,2.5649032503133324,141928.94210620289,38515.49036014111,2.684983386660507,128778.95317846816,35304.97546594294,2.647614861046857,120142.96677048576,32191.81075293877,2.7320971998916823,110220.75467976063,29717.766500760263,2.708917851445562,103218.01665342992,27104.57710894869,2.808139718931532
0,22152.936718674424,21181.705695239,0.045852351902601,25997.72118779856,23321.74357833404,0.1147417473516223,42353.97618374337,29835.82554098244,0.4195677651206944,64139.93966217628,39576.80280932422,0.6206447997124476,85697.16710854654,50319.65463490124,0.703055550168816,108714.7894015852,61810.369838665465,0.7588438588111905,127157.93167084476,74191.17103133559,0.7139226932694998,135485.72744999442,84929.40784564993,0.5952746037771177,140235.8612886823,94747.10742656291,0.4801070459842482,141971.68620414624,103959.22584647524,0.3656477820814765,138571.43161374508,110524.99802680717,0.2537564721795828,133822.07011077582,114133.09855819705,0.172508867290055,128482.04169850762,112811.87257770036,0.1389053187643369,119873.89636533622,111878.09393654,0.0714688832054257,113477.64656348553,104977.35151215969,0.0809726567576933,104893.8948673889,97298.95823648604,0.0780577384235017,96949.7777336678,89916.76623665933,0.0782169087186446,90073.61899481414,82538.62586134876,0.0912905085931878,82498.94378874941,76962.24278735157,0.0719404840721167,76800.71500581072,70748.90445129135,0.0855392829253753
1,26345.92941701449,24694.25394526444,0.0668850120117434,30746.615448636643,26241.94852605181,0.1716590106909479,51183.850087277,31869.02106528664,0.6060691033597219,74310.01532342761,41606.037914704175,0.7860392156486828,103380.44927244644,52911.00715560108,0.9538552529991438,131075.3662553757,66577.22334468814,0.9687718963099944,149643.049118431,80817.8903636921,0.8516079601313002,161148.59648185034,92589.73017286412,0.7404586467741883,167351.29754792276,104429.08655441013,0.6025352999782168,169366.85142700482,114352.37481974773,0.4810960567629292,166973.82554129683,118774.07087235234,0.4058104122805157,160790.03403584662,123442.51974173212,0.3025498375458746,153105.71723500604,128333.95052330317,0.193025825283893,144392.459267695,125422.33382341891,0.1512499796964705,135725.63771733042,124425.6714476752,0.0908170005287631,125243.49019474955,115078.11444212405,0.0883345699736675,116227.07229908058,106582.26898905732,0.0904916305639307,106042.56556408334,98866.89461659944,0.0725791072462704,99949.34056005596,90659.5770193337,0.1024686397857468,91732.73404133768,84148.08085947536,0.0901345949235425
2,27605.66902183635,27340.423780535573,0.0097015775406383,31545.63796062165,28412.88304952232,0.1102582552301747,47796.01770473261,35046.8030302272,0.3637768233384784,76264.68031647937,47369.61147289495,0.6099916791616136,101897.5454638357,64932.804455271485,0.5692768288489238,133235.00064470503,80780.32451960104,0.649349658311611,155122.07654401872,93694.91813374676,0.6556082190347454,166866.20366369453,108364.6758273439,0.5398579139346145,173845.27286079517,121091.48602517036,0.4356523201363578,178376.81409281504,128793.71112643636,0.3849807768773983,174646.39086260705,133588.8883822991,0.3073421972253507,167675.8066822543,139483.36518540196,0.2021204568686654,160790.03403584662,142356.7135524992,0.1294868364360595,151219.97729522898,140784.02068029382,0.0741274227324004,140740.7767489759,136772.85318559557,0.0290110462051707,132691.00513525485,127817.53645758628,0.0381283258364608,122395.83333333334,118014.1025409821,0.0371288744142219,112061.02350793996,108627.11685006616,0.0316118733282178,104119.5110909914,99845.53287557291,0.0428059032019456,94939.4808154972,92916.98757981544,0.0217666681665118
3,28880.13362612188,27883.34484874121,0.0357485367264203,33160.59537570107,29275.73148719209,0.1326991228283598,55215.92248477337,36791.2349933006,0.5007901337051548,80243.34905277929,54500.41868461562,0.4723437175250615,112827.80844365904,80168.62749817535,0.4073810661935932,139609.45417963402,97760.74138838513,0.428072784605753,159121.20281833957,129469.43388282978,0.2290252459305932,174589.11456038198,141781.76744123042,0.231393272289051,181796.11284603152,159534.66698419512,0.139539864799679,185497.78056394207,167041.82676813682,0.1104870208431276,183448.85480082835,167933.39647992834,0.0923905467650945,177551.0972366987,165051.90634268062,0.0757288490086705,170028.0095810485,159372.46845550596,0.0668593592657904,158368.0486675924,149459.23365061946,0.0596069898083277,148909.07418939465,141205.90553032357,0.0545527372254046,137913.52931964942,131572.19376015128,0.048196624060689,127340.65532076062,120548.2074035598,0.0563463203933154,118938.84766993874,111210.95413243612,0.0694886002713348,108656.41507476728,102433.353656404,0.0607522959683377,100785.32487448576,94794.6794055468,0.06319600959153
4,28166.87008379204,8318.86260329638,2.385903990364116,32490.48265510423,10196.936241086238,2.1862985005428603,52425.89537447294,16532.426598306265,2.1710950030677245,78445.97820959639,26910.419028568576,1.915078287198604,109924.42509623262,38893.07672879414,1.8263237146998723,133986.6332934007,47360.948832556,1.829052977107968,155510.43941620432,53558.942953572,1.90353824852387,171921.47531231405,57039.18343905812,2.014094258484584,178495.22258426264,58097.657449938844,2.0723308033214085,182039.58051094745,57229.65943010377,2.1808608040604818,180284.94847668856,54764.31324093574,2.2920151428453863,178972.7585692611,52368.71463083902,2.4175511052903933,168284.40886931185,48539.3835700224,2.4669663372742785,156199.66476381797,44494.768980918976,2.5105174909617407,146342.66756839395,41914.65618025296,2.49144382669038,135781.85751019162,38074.36724039717,2.5662275528541447,126288.8244096328,34574.03021744912,2.6527076425674045,116277.58012711382,32444.203823866257,2.583924597390766,105869.65342071209,29454.40426902996,2.594357314231253,97499.29588490694,27130.649164634106,2.593695650010513
0,22320.40189285569,21333.33333333333,0.0462688387276108,25887.24141074797,23232.522998841283,0.1142673317073268,41100.41995034328,33162.36818931788,0.2393692668662419,60671.10312997838,47388.02118485933,0.2803046342302862,86688.36514228542,75698.9548502302,0.1451725497901215,110131.34932135044,94266.45392082162,0.168298421555715,124571.2671675923,108763.39862421996,0.1453418037991707,134058.0629427486,120751.51421627252,0.1101977794054269,140110.26763972838,133118.01663183747,0.0525267066382852,142873.10471753913,136530.30631570623,0.0464570729605346,140068.14125790924,130581.05994379336,0.0726528128826602,135725.77227935544,124649.56434561526,0.0888587777413263,129226.1818001848,119672.65384206612,0.0798305013836044,120819.40020648982,113602.05079036776,0.0635318584999877,114101.70029654374,106865.78419258785,0.0677103168111856,105676.77192745384,98179.74554470106,0.0763602140254009,97800.96630426862,90140.9536466353,0.0849781630629469,89337.53109235363,83037.32343845736,0.0758719981932658,83257.49677794996,77160.51869361366,0.0790168105083115,77778.0827476566,70974.1441271572,0.0958650323180998
1,26751.560638876577,24930.042837645244,0.0730651693257733,30675.475794647027,26417.5344820585,0.1611786033810351,46407.715688157085,37089.43011570993,0.2512383054518872,74362.45261146169,53679.2858657024,0.38531002065686,100209.52623836472,82519.02625348323,0.2143808620637322,127230.9555591291,105732.64516762432,0.2033270836781033,151126.56206607557,124654.40109071096,0.2123644311290768,159573.20513278502,140825.13890238875,0.1331301099826449,166758.6809889195,153110.82097306498,0.0891371356323367,170581.79998198804,156733.0726897358,0.0883586792155015,167729.966525947,154061.19212802895,0.0887230210873541,160892.0958883199,148635.1571821657,0.0824632539065586,153869.41753122935,141928.90552557836,0.0841302338056786,145935.07612754955,135645.5557408202,0.0758559344648905,137913.52931964942,126866.4007176109,0.0870768662116305,127707.26789964522,116387.93388108697,0.0972552191718016,116742.96139801838,107842.50812498326,0.082531957275326,109242.964435927,99046.2682651226,0.1029488172488271,99949.34056005596,91296.64727594444,0.0947755864238772,92870.63052471774,84107.31094771673,0.1041921264424743
2,27860.81542186618,27641.29189301413,0.0079418693490056,32599.131379957744,28311.44359641797,0.1514471619554667,51896.51654482898,37505.68522452667,0.3836973310619982,77215.38802028156,52953.8666970121,0.4581633568344956,106183.87621574092,64165.96454050455,0.654831762853229,134531.72891621618,74584.94246511733,0.803738455374359,154500.63791774426,91870.72286136352,0.6817178868929956,167786.98305113142,107958.22057471362,0.5541844072449553,175279.56841166777,118044.76957780973,0.4848567118946467,178554.48315884836,132239.49684584414,0.3502356513575901,176614.60707299213,141014.8858757005,0.2524536397431933,169917.61166855803,145324.7388298742,0.1692270224374785,163578.53875553273,143843.2347963106,0.1372000844333647,153582.39402070933,141125.09088313248,0.0882713559978707,143651.21580427597,137872.63610927135,0.0419124480250365,133196.1142265062,128593.27703550932,0.0357937622954105,123055.55229622668,118938.84766993874,0.0346119430861815,113788.95887148584,109715.50360726146,0.037127435324052,106410.48003685368,101286.3740500446,0.0505902796389698,97298.95823648604,93222.37106348,0.0437297091513591
3,29060.36183384304,27960.12772295601,0.0393501103352866,32772.213934682375,29280.53669371953,0.1192490860904125,51585.33294608878,43208.82536351359,0.1938610344554399,82301.0531753015,67244.83447819119,0.2239014909315202,110820.3508782432,94866.54425970024,0.168171052746149,139984.38834105278,117984.68873463722,0.1864623269540992,161711.9341563786,143912.12770980378,0.1236852427230301,174876.7404420537,160382.89468557888,0.0903702716233494,183325.4717050968,172936.98648302368,0.0600709277601116,186692.49712057904,178081.2988362854,0.0483554328307664,184500.1773246328,174991.4004192869,0.0543385382513794,178258.51811790152,169807.2137560676,0.0497699960731612,170249.2165211004,160790.03403584662,0.0588294078173088,160078.1849990447,151829.4489300591,0.0543289600740461,149551.02040816328,140530.069208508,0.0641923201949801,138736.60511965846,130353.87546500214,0.0643074831856989,128223.0487705197,120345.76167874082,0.0654554591860663,119271.60301214569,111180.76922378616,0.0727718817278031,109508.5537356388,103489.43801953018,0.058161642688336,101950.9402386929,95060.35907666906,0.0724863784331635
4,30134.59842524509,8258.820517995215,2.648777493055402,34293.71471424992,9909.905099081709,2.4605492556561126,51112.22687613413,17907.462630787308,1.8542417164260736,76425.50640914637,26014.084550168827,1.93785108070045,110849.42938063356,34962.79023600131,2.170497223831166,131572.7015799639,45097.677172431424,1.9175050652142087,155074.15784377995,51605.93764459166,2.0049673530160503,167273.0737786953,56707.99561907604,1.949726435445132,173987.781781752,58000.51352834524,1.999762781354048,172709.91751807625,57195.95476708452,2.019617702360105,172822.97451593424,54607.36599600208,2.164828981653995,165690.64594798308,51854.82785590205,2.195279066558976,166499.30926464364,48701.39711911184,2.4187789080758115,163109.59339952178,45787.07262774331,2.562350332497352,156291.3413892671,41145.60275441535,2.7984943937294835,145846.6280878891,37965.15701351675,2.8415915950502533,134651.57796123746,34706.57505304112,2.8797137935809887,123860.7886683916,31492.56465836982,2.933016888653842,112489.50807426476,29556.78102554987,2.8058781833185784,103000.92495275072,26991.97999028421,2.8159825618508165
0,22317.04472476672,21307.964494632462,0.0473569509836775,25695.818251469293,23275.12936329586,0.104003240986956,39968.554869444415,33149.239713345785,0.2057155824709065,62237.021625616784,46948.87178849317,0.3256340196202676,86476.12979534378,62667.76109091215,0.3799141422954748,108510.36808546586,87797.47108494362,0.2359167837588693,124213.25236502064,109947.93033978548,0.1297461623984126,135053.15183581063,120740.7231994334,0.1185385366024078,141461.16501591052,129351.4323159373,0.0936188527885453,143045.18516345893,131636.48061677325,0.086668258625808,140994.47676918196,131127.32983753874,0.075248591913434,134849.61656559614,127377.24180146203,0.0586633425127935,129188.80809036596,121501.24659756296,0.0632714618827392,121432.84407426634,113788.95887148584,0.0671759833167429,113851.3663559822,106297.08218608196,0.0710676531710987,106353.759765625,98713.60960108109,0.0773971309064582,97499.29588490694,90863.66827489,0.0730283922716192,90954.56142489552,82697.62167544596,0.0998449481637409,82857.04666445158,76982.47558146427,0.0763104984428661,76800.42225866084,71215.1354683669,0.0784283671379781
1,26594.303518567904,24709.62535089801,0.07627303696053,30667.02564929067,26129.61574301412,0.1736500816124575,48377.90083941585,38377.02212806906,0.2605954854436745,76532.94688229338,57505.44150459562,0.3308818240475062,102945.90874170754,68663.8944707217,0.4992727915484563,127818.61882462076,82871.78206188985,0.5423659977429223,148361.95825533225,104395.14751721355,0.4211576091778501,163789.03532899014,117686.30503463476,0.3917425250184163,169092.46715477866,132033.24919792067,0.2806809510633601,171082.53829894838,143217.8582236365,0.1945614912897304,169586.8791773445,151594.46331677865,0.1186878166055978,163318.03545903036,148361.95825533225,0.1008080331344682,156193.42280852364,137834.40899574233,0.1331961586845009,147006.6484643744,130923.01090932373,0.1228480573685406,136127.05830528276,125064.9938942404,0.0884505253356253,127670.53173586288,114763.52191737432,0.1124661356051897,117164.50637767962,106865.87034088797,0.0963697390377336,108248.32539969032,97826.19986955778,0.1065371602293605,100287.77289360196,90140.9536466353,0.1125661404331661,92566.37718320296,82976.95194737962,0.115567335395792
2,28519.45815284641,27681.440849476232,0.0302736157386849,34454.19874259993,29415.642118174703,0.1712883439424262,54842.96737795291,39779.27955855911,0.3786817656468246,82087.49164099788,53363.42236595015,0.5382726219856511,110700.57799015893,68305.65036541242,0.6206650166999039,137749.74857221692,83419.10364488157,0.6512973953618952,157128.54001838175,93749.1183706686,0.6760535218808281,172597.1778392621,109486.17220968216,0.5764290079363907,179387.58358123538,120295.96741011614,0.4912185956297485,182652.7694554467,130961.00534717976,0.3947111124508491,179805.1826199696,140572.16038594142,0.2790952499151593,174187.9634160111,144743.05552951508,0.2034288123791321,165582.44461349078,146023.94774219306,0.1339403376891881,156144.50731177302,145668.9234451876,0.0719136492453531,147051.6284395826,138407.41031892275,0.0624548794081296,137341.81544822908,128630.37574203892,0.0677245919242315,126902.69004152868,119739.6814345474,0.0598215104730901,115874.26337278089,109893.4508920551,0.0544237389232642,107553.91621814897,100680.2721088435,0.0682720056802634,99328.7670649926,94123.1112083282,0.0553068825481386
3,29022.29522155234,27937.5151475092,0.0388287959152966,35062.08446387768,29425.32417825104,0.191561535617436,57951.67816218114,41191.02799295336,0.4069005068796794,81562.06217565667,68069.44577695479,0.1982183965903519,114226.92808534302,95761.07924138854,0.1928325055465063,144000.18812874352,125350.749999792,0.1487780338688238,164945.85746663308,143131.4102845448,0.1524085254153593,179685.5841202978,159471.60774684825,0.1267559577472754,185310.12656271664,173845.4872166724,0.0659472933672145,188858.1524949811,177023.1820988413,0.0668554833091392,185999.8504564224,173788.2650347805,0.0702670310863506,178376.81409281504,167675.9067948609,0.063818991663757,169696.96969696967,152253.00533099665,0.114572217001891,161302.01502234925,141587.97650545853,0.1392352585541096,150567.83692217217,136248.8388471571,0.1050944594917098,138653.983353151,130202.6791837691,0.0649088346135617,127927.95534369418,120008.99282652752,0.0659864092736242,117359.79604918696,110789.35992729416,0.0593056600941162,109331.3517045288,101738.08905923352,0.0746353967870807,100890.49355643988,93458.21619495712,0.0795251360883968
4,30198.904394879297,8416.397069649427,2.588103572700996,35679.1041543453,9653.70757520625,2.695896511924645,52975.31435942818,16651.925801143752,2.181332597325741,76229.14989831638,27463.78342069372,1.775624491739852,110880.19061395749,37720.96516337717,1.9394844520470995,135485.59333346045,46461.44680727399,1.9160864037546257,154165.58183275,52761.37357760873,1.921940263855753,171138.17567689513,56227.80845337967,2.043657229123405,177963.95566475688,57589.093971056885,2.0902371159754307,182909.5646616586,56944.53156055455,2.2120654898557457,180951.80378713028,54753.23711727039,2.304860375644421,171027.99196832825,52011.41095680141,2.2882782609065773,165376.88153911772,49357.349728672,2.350602948663778,161456.03845001908,45490.06833271463,2.5492590881404853,153487.94877534366,42369.81770218848,2.622577511524572,143912.12770980378,38647.778341704776,2.723684358707584,134770.7000521741,35565.71152404871,2.78934356370307,122326.68787370076,32159.08615531989,2.803798630436672,114793.3211972235,29766.88212049762,2.856410649007014,106240.44725599102,27766.45974312257,2.8262150896750726
0,21783.705262402786,21200.58253363011,0.0275050333097062,26236.45217292034,23126.4519561396,0.1344780523479782,40291.65561768063,33678.50547672277,0.1963611522348758,63818.2801514332,56007.17936478461,0.1394660626591013,89806.68708716484,81030.01949850601,0.1083137785598169,107900.3533977891,96800.64335412216,0.1146656639776793,124922.46249174868,115812.30626359727,0.0786631103556128,134057.93146097948,126141.49198005444,0.0627584100731644,138653.983353151,134255.3382442714,0.0327632790353293,140909.60916153467,136894.43343649746,0.0293304528478126,138077.5873779813,133979.27820064855,0.0305891271573734,132574.05547227533,127744.00406342756,0.0378103962237599,126575.6111114181,122257.59781000752,0.0353189771331914,118409.1698300792,114541.05771324552,0.0337705290492211,110489.5644458161,106297.103510808,0.0394409706053922,102702.62905891408,98790.21487471994,0.0396032561438968,94003.897298427,89827.31051080901,0.0464957345808034,87630.93332779127,83539.42633811194,0.0489769581744508,80471.8456430069,77124.39245847352,0.0434033005360239,74653.89585971706,71053.94725046132,0.0506650052328001
1,26522.384221417604,24798.25552259381,0.0695262091018027,32543.68672524976,26396.249918279573,0.2328905365725093,51835.47041961207,38557.28385395144,0.3443755689834429,77344.47030042813,64138.65806798359,0.2058947385280041,102299.57088193232,90028.95403040855,0.1362963391463949,131227.97371991118,114525.50540763742,0.1458405990248519,151126.56206607557,131500.1392332491,0.1492502057204212,161917.82654481634,147636.9195868728,0.0967299168656816,168273.07001322616,155122.07654401872,0.0847783485252378,170748.4534620467,159069.0459704459,0.0734235087684549,168491.47070132455,155025.2022306396,0.0868650276014504,163161.08580837952,149230.36884931507,0.0933504156458324,155510.43941620432,141588.12216926372,0.0983296976726406,145580.35964514466,132110.31499472883,0.1019605823432734,137097.38637773957,125100.72779471509,0.0958959935285945,126648.19014025362,115363.79747986564,0.0978157178152654,117882.82848822794,105957.91087277408,0.1125439102869099,107987.84583847882,97274.17842471103,0.1101388630288973,98867.192918154,90275.84308197608,0.0951677607527459,92124.94424041694,83257.49677794996,0.106506294395527
2,27703.786072357365,27349.21272062391,0.0129646639322116,33228.83888602277,28431.37978273113,0.1687381738049014,53039.7290177064,39735.77306526768,0.3348105479308636,79316.36633874492,54978.92872646869,0.4426684581898625,110639.31284124978,82833.6247224228,0.3356811706840599,135405.84672266082,115955.88722439871,0.1677358516572977,155900.19217700677,133822.07011077582,0.1649811727464314,168164.2482342062,145050.5852013489,0.1593489816037112,176555.7976499261,160790.03403584662,0.098051870618826,178911.23347970092,168381.99257858988,0.0625318701831887,176614.33101025794,167784.17645644088,0.0526280531353293,170804.2464665654,161590.5369681739,0.0570188680059042,161660.53121646112,150739.9637215549,0.0724463985879588,153200.883481358,144100.02980980804,0.0631565009636834,142356.86070371477,137260.3732442999,0.0371300714033757,132574.18424238122,126902.86802935512,0.044690213082609,122811.87268513416,117359.79604918696,0.0464560847878616,113726.59979372224,108103.1409716587,0.0520193841873459,104174.55613082644,100105.35661070248,0.0406491686149081,96330.5705912378,92032.387315644,0.0467029423115177
3,28804.69193680358,27820.321806855765,0.0353831324016258,33400.27279052823,29595.461418524414,0.1285606369908565,53558.942953572,43693.59829226316,0.2257846697660444,81790.27484796991,70957.338093885,0.1526683081001663,111219.32710906188,100971.23566148012,0.1014951573133153,140530.78735430574,128075.44169882692,0.09725006988278,161405.47365685477,147998.96404393305,0.090585158480853,174187.9634160111,163947.76265145736,0.0624601433953311,182772.79442711425,175221.8587168267,0.0430935715759668,186440.0593444436,178140.39063595986,0.0465906057511942,183572.11955681,176148.27124985348,0.0421454508425254,178022.2631540182,170804.03913489342,0.0422602653642409,169587.0325915362,161301.27055142127,0.0513682379053146,160484.81783761684,151126.56206607557,0.0619233021885963,149459.07241094293,141928.94210620289,0.053055636102081,139109.2805623701,130581.0912365687,0.0653095271684567,127670.53173586288,119672.65384206612,0.0668312904997636,117850.10043883655,111030.00677386494,0.0614256799863313,109242.964435927,101790.87417396692,0.0732098070915865,100759.07616328128,94650.20576131686,0.0645415438120589
4,30040.99902553768,8346.60089143147,2.5991895882283584,32599.131379957744,10491.358616999514,2.1072363999774284,50534.87623513663,16212.373606086,2.117055988406672,76140.56607741944,24312.51356484841,2.131743901112109,107209.07023607523,35255.603122639135,2.0409086993389627,131419.0171729964,44344.91874725543,1.9635642794165693,149928.7430740397,50705.965117313295,1.956826533666496,170859.98782944158,53039.7290177064,2.2213586116249373,175347.95276658167,56192.89135772652,2.120465036232227,178280.9946923018,56744.97603291772,2.141793461836712,175166.48652286915,55409.42238473344,2.1613122639432443,168480.43264006148,52315.95169756186,2.2204409395827422,163161.08580837952,49221.29955502149,2.3148471755808013,161096.49754736197,44868.607278529176,2.5904055712567424,151502.206506122,41312.99495664434,2.667180427492972,139400.10964053564,38211.48169360955,2.648121021798764,131242.50292963025,35181.86005623198,2.730402619982637,120887.58416171768,32323.16521190276,2.739967400135732,109487.88429862916,29629.888975672024,2.695183751397972,103353.19196479992,27353.66229530223,2.778404180362714
0,22253.22000462318,21219.4811970259,0.0487164977314416,26670.659103137405,23088.05400665165,0.1551713754417589,40154.87362896877,32482.894113220475,0.2361852207197823,61454.38479918877,43941.82714563792,0.3985395872481221,88303.67490228568,56566.86934931904,0.5610493548260804,108949.0872394009,69406.37790525852,0.5697273150908293,124001.63203545404,80082.62299426281,0.5484212104832984,135246.1524743753,91456.85299013054,0.4787973569238186,140656.41459556305,103081.40772502356,0.3645177893842244,142571.3896957924,112061.02350793996,0.272265639138042,140615.36592203734,118409.1698300792,0.1875378074504257,134927.83336243388,118574.49777532878,0.1379161277839935,128259.99584777949,119271.60301214569,0.0753607112559597,120649.8473343005,114226.83057711126,0.0562303683358633,112336.50168321232,105760.81390693774,0.0621750867203114,105508.07617465797,98969.27100573052,0.0660690444870391,97049.35043234796,90818.2456406891,0.0686107152555164,89515.25989440939,83337.92553171354,0.0741239276509844,82538.62586134876,76478.39554888752,0.0792410754562356,76335.91476156877,71150.56659053739,0.0728785225404093
1,25981.205430056245,24434.855425548245,0.0632845980701481,30209.484987422264,27108.920611332265,0.114374320561988,47132.26171353514,35982.02434677136,0.3098835479434132,72889.59111785686,47092.67267675214,0.5477904942490062,98433.46010287997,62721.893491124254,0.5693636563572373,123020.64495899277,72127.71953497484,0.7055945446790381,144611.20309542032,82479.11610501239,0.7533068966367362,155997.89199601457,96454.24351733508,0.6173253379772567,163057.38797981665,109537.96341765644,0.4885924741735101,164948.96344938452,119672.68042931768,0.3783343270798418,162641.4083161488,126177.83968829896,0.2889855201034266,156880.69800542443,130165.55674402056,0.2052397111006949,150893.39418940851,131918.41615537382,0.1438387344772689,141631.26663760294,131151.76463491627,0.0799036294468333,132380.55748614238,124319.44742824984,0.0648419070760828,122569.11347639796,113726.9866532308,0.0777487128022482,114226.83057711126,104727.2727272727,0.0907075836356112,105564.13944980197,96577.6851587126,0.0930489716783058,97298.95823648604,89049.91158164573,0.0926339679436643,89961.54102167375,81906.90415859305,0.0983389244877919
2,28251.719540172213,27570.106873022887,0.0247228881008174,33549.808807107685,28804.89608623932,0.1647259100210785,53471.923531990185,34925.397027718616,0.5310326605464808,84722.12935051895,45316.00451749404,0.8695851554567737,109715.50360726146,56793.35572820017,0.9318369587515556,137341.50589418432,70847.39206137409,0.9385541499566749,162072.50356561632,85488.7527512796,0.895834227891346,174130.79462371336,98877.63404405792,0.7610736372001388,181796.11284603152,109141.60334605188,0.6656903258935667,183942.3886925571,119305.4864035144,0.5417764449694131,179805.1826199696,129003.04156803366,0.3938057617435624,173845.27286079517,131189.7587298202,0.3251436281609619,165529.37152796966,135485.59333346045,0.2217488771707612,155122.07654401872,136611.54128072824,0.1354975947841221,146380.24558635548,133352.1146320826,0.0976972205519004,135966.28763069687,127633.88554287716,0.0652836200385087,125494.00474180627,117555.5471915892,0.0675294168575402,115236.70342600509,108248.32539969032,0.0645587633851263,106268.76472103648,99819.60944408303,0.064608099679714,98764.6673780756,92823.34344933492,0.0640067865254558
3,28984.2947895019,27878.83742006614,0.039652204745098,33584.44449249085,29532.106932696726,0.1372180308377371,55657.08185650781,43106.7772340877,0.2911445816110711,82739.70624175502,67979.51411855093,0.2171270612123452,115682.86387824152,93043.77744749976,0.2433165016705809,143651.5525675571,119138.34273230708,0.2057541617003098,163369.81228195614,138437.87407323593,0.1800947780773547,176790.3749325505,159270.14513120646,0.1100032261972945,185310.3684205428,172994.3648822595,0.071193090865506,187579.9008108044,177316.18404351425,0.0578836998024467,185811.1029070817,174188.01720461212,0.0667272404210008,178258.51811790152,159422.12961310934,0.1181541643591446,169476.83973315862,155979.67598200322,0.0865315539744593,160078.1849990447,146477.07181927835,0.0928548953828571,147908.373829031,140110.053402493,0.0556585358235204,139483.36518540196,130392.05681170047,0.0697228695980327,128075.3813405904,120311.5774750142,0.0645308126492527,118376.33886427688,111150.60748468307,0.0650084740255652,109685.89098952446,102972.98440585188,0.0651909490863613,101870.98603351836,95157.33230104634,0.0705531940642498
4,30158.76301347673,8445.55950905828,2.570960926997196,33781.6215794874,9896.716822526098,2.413417013468188,50570.832143828135,17889.043637198574,1.8269164729785148,73851.88944609916,27892.36356702111,1.6477458343981604,108192.88271135117,38494.70032767841,1.810591634442688,130739.9062601912,47758.27822511189,1.7375339128420788,152915.63771741273,54196.591612934615,1.821499160122788,164840.10000871387,57517.20213703295,1.865926955486942,171697.15260347558,58797.68116264185,1.920134760562061,172202.48232086824,57782.08141402301,1.9802055950008888,169702.08984792972,55386.60756200732,2.0639553010706075,165746.56024172736,51865.25864763747,2.195714521887906,160841.15752118942,49425.56931363852,2.2542095064306484,159320.76079565886,45108.92262066588,2.5319123477063226,151877.69248172274,41282.45732951453,2.6789886626525776,143217.8582236365,38682.74653722701,2.702370463426332,135805.78697482753,35397.85860794876,2.8365537440824653,123931.28128716028,32483.8995098903,2.815160222664375,114919.74796958108,30304.27899313293,2.7921954188589124,105817.04576894682,27463.78342069372,2.852966801697636
0,22293.496957877986,21365.099527397928,0.0434539249063412,26362.6677952092,23310.712690537017,0.1309250019589114,43892.64245074785,30224.65501045301,0.4522131827664482,62171.14291351048,40129.66475617289,0.5492564737647625,87286.58449714884,53471.923531990185,0.6323816076099946,107268.19266969655,64814.17632652144,0.6550112760717641,123299.7920446016,77090.61258148945,0.5994138315383892,132656.21136896417,87927.06408440754,0.5087073900433874,139109.35102122172,98103.8062283737,0.4179811810501228,140783.15599263046,102702.62905891408,0.3707843439126761,138653.983353151,110733.79983774124,0.2521378617578493,133586.79848109125,116076.55862320524,0.1508507838755437,127744.00406342756,119941.08381498272,0.0650562759669686,120412.89421631578,113539.81250741662,0.0605345522166527,113386.6578766735,104980.1018838475,0.0800776132045215,106014.333187293,98053.22903805936,0.0811916570962036,97700.21495194524,90954.62534561985,0.0741643383246617,89248.88336035881,83944.50775241251,0.0631890727573403,83096.99218082897,77522.95364563976,0.0719017822859064,76478.3490684303,71441.75979262148,0.0704992330876064
1,26606.9602597615,24663.548767485423,0.0787969124231677,31556.255476524537,26547.72630197712,0.1886613232928504,46677.22276451527,37027.32989905827,0.2606154127711604,73358.8210306179,48923.68508837192,0.4994541171236029,100843.46907126444,61757.32325015568,0.6328989626507209,129039.55859056218,76546.71747032777,0.6857621444130835,146916.92306012256,86180.22263880282,0.7047637910600257,158467.9655945812,98053.22903805936,0.6161422438527941,165902.05646801786,109301.87430956744,0.517833591747439,168600.59576455667,120785.45721138116,0.3958683409170391,166169.0864543423,128274.64278229934,0.2954164817777378,159875.6725682665,132966.48850865802,0.2023756839894011,153248.59333872126,130202.6791837691,0.1770003067481045,144304.77289468213,129450.57776561491,0.1147480017892421,136449.41210625632,123474.7225774771,0.1050797220511099,126358.22803480992,115268.49553711922,0.0962078358532887,116645.97914188854,104782.77189849864,0.1132171541986082,107554.00339961928,96800.80471677677,0.1110858397748304,98713.62819142333,90096.19473767604,0.0956470301419254,91045.59836707154,82817.15009896478,0.0993568150832759
2,28178.481639714748,27402.028655823084,0.0283356022155922,34157.01353581744,28640.71869189768,0.1926032270091147,54306.53214927109,36339.82817242315,0.4944080608086683,76514.04175226277,47021.84973042152,0.6272018687253134,110490.389350992,62344.32127718459,0.7722606820876059,135325.89915916865,78239.89438410672,0.7296278353189867,155364.73836683662,94724.30278946809,0.6401782202836213,170028.06097040832,107842.4862208646,0.5766333560057753,177433.58494265267,121912.97638980045,0.4554118043622568,180766.551174328,128407.83516151793,0.4077532803738226,177904.30388376792,135533.6188325553,0.3126212183824248,170470.83558614654,141630.97514461385,0.2036267872341164,163892.63133865202,141078.7662969979,0.1617101257720565,153486.88935489944,137343.70718290622,0.1175385644024789,145935.07612754955,134848.42012331437,0.0822156907296118,135926.3480113066,127523.7670223268,0.0658903135092354,124993.6993567432,118079.81725342647,0.0585526152066948,115268.44595187248,107295.27073686173,0.0743105931906795,106240.46855962626,97649.93055601878,0.0879728019742867,98306.48290741176,92403.40135097149,0.0638838123936464
3,29536.99903867994,28114.53465627603,0.0505953379557848,34460.250753224376,30093.76901492177,0.1450958747020858,55712.319976264975,39433.02376919727,0.4128340829846306,85094.38740159039,53331.18630876264,0.5955839967431749,113820.21104518427,66904.3382779324,0.7012381255809614,143564.39495487438,83985.16713270346,0.7094017891043887,164207.58698682123,97099.65058917372,0.6911243860349157,179208.04430225692,109249.448532436,0.640356511722348,185685.67688646447,120659.0255262212,0.5389290281157781,187834.55606940857,132305.57652730326,0.419702487223931,185060.42489264533,139171.0721117108,0.3297334143125645,178495.22258426264,144848.22182918293,0.2322914311972641,171361.45340311222,146337.24356358268,0.1710036982393799,161301.31708075054,145624.7183231365,0.1076506717961724,153200.883481358,141417.98564966657,0.0833196553999935,141886.30775019125,131342.5555577336,0.080276740068629,131687.44148996548,121741.24396193608,0.081699489871643,121091.48602517036,112305.6121131933,0.0782318331796432,112673.8541015368,103571.31138900464,0.0878867187298981,103135.67979445188,95521.72224394346,0.0797091737004478
4,27811.956621151738,8340.643561412244,2.3345096713907045,33787.47734959538,9897.76320940694,2.4136477742247258,50264.17423413794,17098.806705792886,1.9396305308901467,80718.16654072903,25590.869472657607,2.1541783536105257,108423.71377873176,38598.96878197003,1.808979545313075,138863.20606840725,45892.73465981254,2.025821126105334,155802.62332650064,51823.62737103737,2.0064013507007794,173959.3956907119,55250.04785932923,2.148583619938676,180044.83652138466,57685.47634651371,2.121146741336841,184438.0678075526,57516.95292737622,2.20667313583933,179688.3221060632,56426.226748590176,2.184482331357603,176388.90136434825,53320.10664021328,2.308112314076248,166993.69146356807,49279.53481457797,2.388702675297325,156613.12668661817,45673.08774782333,2.4290023821321776,147908.84816022252,42448.99355344464,2.484389988516466,137203.71139207398,39034.1935670876,2.51496211023967,127602.18423461668,35478.61815540829,2.596593973183402,116701.98525393316,32638.41385483617,2.575602226657866,105721.07916421536,30128.745549895248,2.508977132457576,96552.83273642586,27139.354586543497,2.557668714211046
0,21731.61291000043,21134.60917168872,0.0282476829101452,24694.25394526444,23211.25802688564,0.0638912340150215,41145.416321566685,33092.53945524696,0.2433441796514321,63004.7016780362,53755.71161301759,0.1720559506606709,84949.45274878733,72292.3945176028,0.1750814634878721,106014.333187293,96256.63735448994,0.1013716674608922,124744.6294260782,111150.58431513616,0.1223029567923812,132612.81298084182,124330.12422948792,0.066618519065144,137872.77468760047,131995.3868423839,0.0445272216386984,139900.70671649234,133586.79848109125,0.0472644625606084,136853.883908624,131572.98722948832,0.0401366328327317,131917.77825643102,125853.0578294912,0.048188900067541,126285.88480217224,120345.33181098892,0.0493625544239089,118508.75810641708,113136.59941318212,0.0474838268173103,110250.93681572952,105958.25005039744,0.0405130017086003,101711.01824473611,98306.48290741176,0.0346318496668307,93980.09188769427,90501.28963103108,0.0384392561790674,86816.05716615636,82996.98116462726,0.0460146374957162,80109.00019212282,76424.87972368319,0.0482057738495591,74207.28196570366,70828.93143343039,0.0476973245805418
1,25931.986768031737,24495.56281246387,0.0586401695100871,30239.07262100446,26220.865006587668,0.1532446627297485,47944.89079600157,37318.67314587162,0.2847426436785167,75839.83569438482,61206.3562693133,0.2390843094903891,100001.3014547165,82103.70708035625,0.217987652577533,125208.21909065798,105882.19657645863,0.1825238155145734,147501.54739660356,129076.84033535876,0.1427421605097782,156880.69800542443,142918.96008167585,0.0976898930398715,162124.51665183145,150011.97295953138,0.0807438463299703,165052.149289381,155171.0759970782,0.0636785768791654,160892.0958883199,153680.70202578662,0.0469245244684217,156536.53270779212,148544.64876809862,0.0538012241165959,149459.07241094293,140698.64964416507,0.0622637302414306,141036.45894815872,131725.6242568371,0.0706835495663888,131879.309217457,123299.7920446016,0.0695825761794626,121432.92603858828,113477.74288450832,0.0701034665641553,112550.9093028846,104422.77294485984,0.0778387331498733,103680.62491614612,97024.44376391626,0.0686031364263828,96404.57490185618,89782.62951259218,0.073755306847359,89381.9013246759,82857.04666445158,0.0787483373218478
2,27556.7909513747,27261.50785610344,0.0108315026751224,32148.20676439647,28449.892485177745,0.1299939632863473,51930.23373375478,40203.24581205699,0.2916925657326119,78717.61681777266,63373.14167205258,0.2421289956733667,108890.44592070112,95375.68745523196,0.1417002469503856,132962.30818863242,120379.65062996776,0.1045247888062259,153010.63534652742,141928.94210620289,0.0780791646571443,165531.32572713104,157426.94516445318,0.0514802631418132,173959.4493461054,167731.7696605105,0.0371288021237701,176555.7976499261,171026.69295114282,0.0323288990939139,174130.79462371336,170859.6766406338,0.0191450554478083,168436.60528709608,164051.45414411958,0.0267303399768961,160943.17312177084,156684.99497869497,0.0271766811088378,151594.46331677865,147276.29394899655,0.0293201930330859,142014.32047758266,135685.66397288695,0.0466420424928628,131380.96046186145,126430.63012185866,0.0391545176610406,122188.56308386772,116969.7022256247,0.0446172022236688,111939.02349206495,107669.2131429788,0.0396567433200805,104561.02397692444,99586.6775709566,0.0499499182751987,96109.01918594226,92264.02512944333,0.0416738165401364
3,29449.552637429057,27883.34484874121,0.0561700110651737,35785.59957369497,29826.1802794608,0.1998049779890187,57537.21093320024,36639.99109646764,0.5703391079357345,87544.65280423204,51564.290205412326,0.6977767454082617,117786.8381038794,64517.04655887911,0.8256700265469463,142271.0418742435,80702.05894855855,0.7629171266241237,164418.03844415568,92519.77027511087,0.7771124804488023,179566.04258983006,107900.33147183798,0.6641843462426882,186566.2782325113,120277.82313903948,0.5511278252587204,189372.95391589016,127216.9536723585,0.4885826806041247,186945.4869404809,132457.9116814381,0.4113576498932407,180525.51964131507,136530.17025535487,0.3222390282211975,171697.20494911473,139443.7191247145,0.2313011014540829,163317.74967033177,138241.9233658903,0.1813908957131065,152441.91002447158,137341.50589418432,0.1099478561267668,140068.14125790924,130505.25889222493,0.0732758392026302,130770.84437785132,120176.721050355,0.0881545380411676,120683.92536847774,111665.26213803329,0.0807651641859414,111392.34208742484,101817.5321478244,0.0940389119400302,102622.56176454284,94987.79403406168,0.0803763031673669
4,29356.802642877665,8378.419542039292,2.5038592297244016,34074.41804953924,10023.30869420618,2.399517972467059,49867.11211721609,13711.227383260912,2.6369546447822314,80586.7797837877,22280.06032787583,2.616991094183038,110340.1139319138,32275.439628334905,2.4187021215675464,137016.15042873996,42259.31148932087,2.2422712438976813,162227.368383978,47535.65152149609,2.412751549447412,171361.45340311222,53930.95595466071,2.1774228802317968,177786.45656749024,55500.81121164162,2.2033127568088315,182100.5058336485,54887.93696442543,2.317678089298082,177668.72106509216,54165.93674368036,2.280082128106482,176032.08655341697,51709.42184460021,2.40425555486653,165216.0427960831,50144.6020294073,2.294792183198346,157055.08764772618,46354.37024808573,2.3881398195504984,148411.03170603263,42615.79533103965,2.482535772315763,138944.17822235916,39289.954208830335,2.536379235360161,127349.79167182876,35715.86733559996,2.5656362611945385,119773.2218458202,33200.569884561555,2.6075652394604045,112428.15422857773,30113.73355169402,2.733451185505797,102460.7671898357,28046.28238424898,2.6532744620505744
0,21692.64984844873,21156.57167941184,0.0253386123782315,25595.07933804747,22948.002366683417,0.1153510849906116,42290.834419752005,32923.21597091472,0.2845292652185891,62667.76109091215,51624.82179318434,0.2139075528815817,86391.43968422561,71223.09866080721,0.2129694061143854,107266.43598615917,94602.13390538028,0.1338690953149697,123167.28763942464,112214.7846242327,0.0976030302234056,131994.93982504774,124780.88014325438,0.0578138227067421,138736.60511965846,133040.11382092978,0.0428178474531077,140110.12481486754,135126.6660831406,0.0368799059148008,137627.1723160384,132264.63855059637,0.0405439717237094,133508.50531802364,124482.46039810091,0.0725085678018975,126213.600360993,118872.45452500136,0.0617564924130313,118409.1698300792,112920.31441620002,0.0486082193647496,110012.33191590077,105621.2984604707,0.0415733712748611,102540.89631050498,98103.8062283737,0.0452285212237564,94602.39165906997,90569.17690420334,0.0445318693702232,87329.47228748961,83016.90234977506,0.0519480950944712,80337.95301630505,76944.1739460649,0.044107031061495,74826.71346357775,70097.08019508256,0.0674726144845472
1,26649.37909456606,24717.31576370888,0.0781663894788256,31743.585728159705,26845.66809570787,0.1824472244456794,49203.60303880354,36493.10507529741,0.3482986152392389,72556.96571137372,48720.51838858766,0.4892486392010462,104699.95855966264,64898.85024056233,0.613279097727748,127377.24180146203,81030.32956030118,0.5719699338834654,145359.37174525709,96404.57490185618,0.5078057435888172,157969.45887145432,107842.4862208646,0.4648165524293293,166008.7898437109,116066.51285421132,0.4302901479622381,167784.47716069818,127744.00406342756,0.3134430722665442,166383.14344381395,135325.89915916865,0.229499633681474,159572.52121526573,142014.32047758266,0.1236368323887073,153725.8207742617,137790.8840825222,0.1156457976000511,144261.06193188144,131879.309217457,0.0938870000752587,135565.54097094637,124001.6036252198,0.0932563532055377,126577.05769208953,114226.83057711126,0.1081201942886875,116775.3057324642,105228.2637336484,0.1097332749691988,107065.89396898753,97149.24766598531,0.1020764086315646,101207.1631095048,89939.15362916654,0.125284806734985,92055.57555995598,82558.64070539782,0.1150325971141774
2,27748.52618816452,27397.607036912348,0.0128083869069068,33263.879907807794,28748.28221942516,0.1570736523983145,53216.09666982031,40738.01075897897,0.3063008153408932,75226.39734339909,54418.739143110615,0.3823620048521965,105957.99566707696,68163.04022771472,0.5544787220919027,135525.63424751814,79587.18799058103,0.7028574280518278,155510.43941620432,93508.3314245116,0.6630650664721405,168276.29520761955,108016.15357321054,0.5578808320883806,174876.2527251222,119844.48784060296,0.4591931249913912,177668.77690209448,130851.01124348656,0.3577944504493722,175221.8587168267,136610.9964346031,0.2826336333818264,170028.0095810485,140279.34796357283,0.2120672932212424,160892.0958883199,143045.0366742076,0.1247653160784592,151266.72611710144,139942.97504339556,0.080916895401105,142228.26111298427,135846.29963811458,0.0469792809364024,131879.309217457,125925.51707916486,0.0472802675453711,122881.4075575986,116355.741396254,0.056083748709238,113229.46390242668,106980.12643994528,0.0584158728396115,104450.39837250614,99277.37309035318,0.0521067905115191,96035.36933848503,92009.2644272064,0.0437576035015898
3,28748.28221942516,27838.30912843074,0.0326878003544073,32923.21597091472,29377.032216471707,0.1207127979542694,50645.40819699506,42928.059895833336,0.1797739827955928,81594.05033637924,68881.76408205964,0.184552274810722,111032.78154671488,99123.11587277632,0.1201502350796208,137341.50589418432,118522.64785431985,0.1587785826637571,159825.14738812143,144786.72799944927,0.1038660075855113,172034.26688303275,162641.4083161488,0.0577519505280337,181859.02204320324,173788.2650347805,0.0464401725099652,183695.2652189391,177434.4761040827,0.0352850767918622,181492.4196290599,174761.26767043967,0.0385162687839599,177081.71587328508,167513.427202787,0.0571195326265696,168600.140560966,154935.17813812234,0.0881979327552169,159522.13281838305,146626.83494140592,0.0879463699951668,148727.02197251178,139276.07392260229,0.0678576569810656,137913.52931964942,129825.85459581618,0.0622963334153463,126720.82827614984,118773.1271014165,0.0669149778968691,117882.82848822794,109597.12089472194,0.0756015078303486,109685.9361995951,101471.80363390328,0.0809499020568051,99793.68601259316,93980.07491233286,0.0618600390102199
4,28984.313360710024,8376.427399136333,2.4602237898818897,31270.99574474804,10529.70319148774,1.969788908202812,44889.698959076246,17044.158051522187,1.6337293296260662,72956.35827871766,25702.898806853285,1.8384486445266228,106353.759765625,36145.96874263512,1.9423408326079228,128853.33333333331,44249.17618670552,1.9119939496646887,145063.0221189309,50224.27345115263,1.8883050395943908,162372.26338421827,55045.93199627143,1.949759546177121,171624.56310016086,56473.054008422434,2.03905227216089,173599.98244353867,57578.52001308114,2.015012931977044,170674.07882650103,54910.49490124299,2.1082232847010367,161632.22975130173,52921.79056664459,2.0541715996505774,153275.97578058252,48739.64993427683,2.144790247514459,143821.18323223863,45151.83143800801,2.18527906071098,138406.53790377182,42117.85259924135,2.286172712097504,134452.48170248134,38682.69194292235,2.475778828962333,125422.33382341891,35200.95734120654,2.5630375789978443,117229.78200713763,32373.20819731113,2.621197543741573,110220.75467976063,29737.40196206755,2.7064688710989646,102514.02064994232,27552.348527553862,2.72069990866378
0,21614.995631915182,21106.41594146133,0.0240959759280967,26034.735436565377,22711.95466050965,0.1463009602530247,43154.17184493665,32104.63733650416,0.3441725378367306,64984.16067445831,42925.78045968035,0.513872548817071,86752.18186234994,56699.63149362216,0.5300307881561495,106268.76472103648,68028.79614551939,0.5621144389166985,124213.28086588184,78242.7076209159,0.5875381187943074,131266.09394247082,90554.14466024628,0.4495868127844766,136572.01277801106,98560.6592119762,0.3856645630208615,138902.05904709577,107067.40682095918,0.2973328034307518,136409.06700909106,113516.18159352182,0.201670678965788,132651.5704894083,118825.23666271188,0.1163585633407384,125529.8838103778,117850.04876438522,0.0651661592550265,118211.4023194088,112612.3817022107,0.0497194050295819,110969.75271079985,104616.48161974797,0.0607291603835833,101498.3829717776,97549.47105717128,0.0404811207258313,95132.99347010402,89381.96322194955,0.0643421786772993,86688.37976838984,83036.94507401975,0.0439736154926602,80625.18056256391,77016.19070975528,0.0468601448545999,73798.33382649242,70334.46095488254,0.0492485877418162
1,26329.205052139,24579.367485309944,0.0711913179977012,31344.459245866103,26047.22809271933,0.2033702447834533,48797.10630078711,34325.234433316706,0.4216102848644709,72226.46174419286,44460.95152040575,0.6244920379412906,102648.67818246472,58010.950794480654,0.7694707081448329,128455.38118918832,72673.14251940922,0.76757708193066,143477.64885680386,84639.48705101533,0.6951620792588762,156880.69800542443,95621.374394384,0.640644667565438,164998.88184587777,108132.50364959094,0.5258953254293022,166920.6101824869,119071.79171878193,0.4018484795854258,164470.7236366323,127891.12898299449,0.2860213600780845,156782.95740474676,132423.84419727832,0.1839480899767527,149551.02040816328,132342.69862873133,0.1300284938854652,143651.21580427597,128002.241129583,0.1222554740963537,133430.27739220482,121775.51355566636,0.0957069569754742,123369.71922103396,113043.8307068158,0.0913441136031458,114070.47232621167,104064.5070932596,0.0961515651439643,106243.02502722372,95790.4865708249,0.1091187531307766,98662.66329502592,87782.30513923505,0.1239470544608403,90118.503528342,82064.40993207657,0.0981435631223288
2,28055.36316801992,27463.78342069372,0.0215403587431604,34443.03848438858,28894.370216211308,0.1920328502285253,54273.2626309916,40321.20364222695,0.3460228794894691,78328.75192460466,54041.04766912335,0.4494306698898109,108949.0872394009,64236.30725399288,0.696067098138315,135805.78697482753,81359.68539402046,0.669202459634985,156487.4856750407,97006.03436672856,0.6131726927774845,168381.99257858988,112281.40391707057,0.499642743182606,179088.95773888408,123439.702678457,0.4508213634100007,181008.04423843467,134610.57892544768,0.3446791900262431,177551.0972366987,139362.40555598965,0.2740243434257206,171866.41728285106,144846.6257696827,0.1865407037933484,164155.1425199455,148089.47493078932,0.1084862215674988,154783.40480694763,142700.2838390115,0.0846748208403551,144655.2928183382,134927.83336243388,0.0720937942416601,134729.43316546216,127744.00406342756,0.0546830291820679,124177.94911451115,117686.30503463476,0.055160573509092,114919.74796958108,108132.1514322154,0.0627713075848732,106155.58005433068,100470.66768905697,0.0565828066642071,98053.30248125494,92659.69007061736,0.0582088328433543
3,29319.056063533448,27932.996119939256,0.0496208834040823,34640.18865006488,29208.51089286755,0.1859621593555356,53385.83077580469,41697.31506115574,0.2803181858953238,77887.78291003339,64539.06104976055,0.2068316712878852,110071.80650037792,82007.9401582191,0.3422091359448218,139817.41640135972,116645.97914188854,0.1986475438753474,160027.61422499068,135642.90003992413,0.1797714010677251,171473.3008768111,154172.63209818967,0.1122162120680598,183571.9413685524,167729.966525947,0.0944492816085711,186755.6985064168,172258.7468219004,0.0841580004033404,184189.98915036576,172596.96638031115,0.0671681722638728,178732.4341521227,167031.26400341897,0.0700537723791889,169476.7886577193,157870.21409753847,0.0735197239487484,158467.92059270572,149092.0856896913,0.0628862012335689,150289.55864817815,140783.01187854886,0.0675262351812051,140827.44604138032,130089.4765614505,0.0825429524643948,129976.39823013608,119405.07466264196,0.0885332855187397,118806.11389342535,110370.79982979884,0.0764270448038293,110369.9765840571,102352.66681208096,0.0783302479719059,101684.36030902772,94266.45392082162,0.0786908394203174
4,29305.0432068334,8352.550490700885,2.508514344146674,33851.58403969938,10196.905987617767,2.319789755912802,50364.11648072512,17442.358199233164,1.8874602794786848,79353.67475874221,27241.72164135429,1.9129463916949865,110669.29006327948,38766.67447923603,1.8547532526308257,137831.60432067112,47602.71600566452,1.895456727810862,151745.20069880813,53789.58732554628,1.8210887691034543,170211.4975280533,56837.871118587,1.9946846033857009,180600.11521084607,58268.477881128536,2.0994479653180926,182674.0018470447,57975.962321831765,2.150857606002272,181158.81044075816,55753.43900132099,2.249284953282718,174434.43315102515,52697.42286769077,2.310113164148153,163369.62164184838,48998.967684954594,2.334144153653505,154061.19212802895,45629.31090426718,2.3763646453319858,140403.86745027412,42362.04716595342,2.314378714990841,131190.01126008807,38411.72857261599,2.415363383401975,119605.67942408792,35597.54383021592,2.3599419104461976,114106.24959615096,32867.07367012436,2.4717495917463355,104811.1654844603,29875.317170294653,2.508286284862447,97902.61476843078,27525.739373434724,2.556766030521863
0,22159.603858737893,21213.18042925561,0.044614876710191,25960.68484591998,23838.42511908552,0.0890268428485796,38537.49712648773,31802.003205101944,0.2117946431847794,61719.720467381885,44020.152998679536,0.4020787358288664,88763.52155685521,57241.734652480845,0.5506784009210353,107843.27477197356,71086.06901409027,0.5170802981185734,123723.62364417806,79541.83250772963,0.5554535235551052,132496.60484017138,94266.45392082162,0.4055541428498084,140572.16038594142,106865.78419258785,0.3154084953197906,141502.92653568383,116387.93388108697,0.2157869103532395,138160.9726751853,121159.6432288706,0.1403217192889811,132767.9719614322,121743.16555128568,0.0905579082014438,126939.0979603562,118541.27540914496,0.0708430251169998,121125.619012173,112643.1060320562,0.0753043242406936,112858.62787694712,104395.14751721355,0.0810715877223893,103982.08308035598,98357.24423245803,0.0571878451027374,96999.53709548456,89916.76623665933,0.0787703023058403,88456.58228374277,82221.91570556008,0.0758273086278999,82618.07021636092,76621.25944381091,0.0782656251813205,75593.53377521064,70429.7613151622,0.0733180457185047
1,26396.188409856262,24625.23772141572,0.0719160849724676,32788.59134565794,25891.06330290538,0.2664057463402265,50015.50631927233,36589.59211760122,0.3669326009024476,75121.8929905768,48142.46336391853,0.5604081665434391,101899.51711806004,63349.921769307024,0.6085184365204732,128781.42288009128,74344.30384914178,0.7322298577361406,146782.56896264016,89872.02274260668,0.6332398502148457,158567.92757691332,103735.34274243236,0.5285815170112897,166223.33930671646,114295.8253780627,0.4543255517591322,167838.38638693478,121009.87514495284,0.386980907020092,164418.03844415568,127049.03503880596,0.2941305567093502,158768.07681845233,133591.5008058063,0.1884594144147213,152253.00533099665,135966.28763069687,0.1197849701135971,143999.5867108819,130089.4765614505,0.1069272512820103,134689.79297800697,123369.71922103396,0.0917573115060068,124142.6458640017,113539.81250741662,0.0933842774832174,114951.53962440888,105452.01289951398,0.0900838823621799,106155.58005433068,96355.22684352486,0.1017106547496484,98560.6592119762,89961.54102167375,0.095586603927013,91917.91358055855,82837.17910147895,0.1096214837054667
2,27494.74255199189,27191.61298994013,0.0111479066050221,33182.3491902409,28463.788002606925,0.1657741825227834,53526.41102419295,44250.62864336745,0.209619222713931,79824.10635305107,69002.82151367629,0.1568238023024901,110489.6561016386,97977.65669290464,0.1277025786394423,135966.28763069687,120557.9102452294,0.127808928954765,155802.62332650064,145359.29522977877,0.0718449279780384,167838.38638693478,159119.29807172815,0.0547959199221468,174073.8407193019,169917.56034217402,0.0244605699891058,176614.11016039184,172484.1209719713,0.023944170426515,175106.54811345157,170028.83181272948,0.0298638545391802,168382.04303331557,163945.0759215059,0.0270637412369372,161969.36991133963,155997.8483055406,0.0382795126385531,151360.26501605852,145935.07612754955,0.0371753592931096,141290.62878063624,135765.71234607897,0.0406944900821037,132187.5728237503,125350.749999792,0.0545415390332297,122050.6594110873,115554.84832075436,0.0562140938673729,113043.8307068158,107209.07023607523,0.0544241308864292,103325.99538246696,98129.1132018566,0.0529596366566575,97049.3684468258,91433.97340793906,0.0614147545992915
3,28593.950183340152,27690.3732132496,0.0326314478729452,34257.68077009577,28946.70833017845,0.1834741408017144,55410.51616249114,42576.03007557761,0.3014486335182205,81243.09018561452,68894.78931200184,0.1792341771696446,109331.3517045288,100209.52623836472,0.0910275281061234,139192.2888894728,127450.59412519132,0.0921274227466364,159876.77075644454,143477.64885680386,0.1142973977501375,172258.7468219004,160994.29671784097,0.0699680071512194,181613.8037605438,172879.6620668405,0.0505215106813803,184251.97888915148,175337.27810650886,0.0508431571364269,181008.04423843467,172654.07671875256,0.0483855792950109,175337.27810650886,166490.41865341502,0.0531373488315292,166973.82554129683,156832.00443749822,0.0646667823967039,156585.62368945417,148544.0112091055,0.0541362281447246,146246.47428172472,138077.62211916503,0.0591613038897043,136772.88731405535,127011.973159072,0.0768503465634584,126358.22803480992,118541.27540914496,0.0659428760040312,116581.39191505476,110012.40010670276,0.0597113761901442,107611.54286350528,100654.04267973018,0.0691229085145948,100053.37667414673,92964.20884625622,0.0762569586281805
4,29249.13568708075,8341.634656031993,2.506403348165117,35373.05007736688,9849.322385250696,2.591419662568648,50705.965117313295,16163.366577384662,2.137091822706025,73734.07765986166,28477.741564174787,1.5891827655539823,105400.73561645774,37086.67343105514,1.8420110477797311,125566.40274371309,46930.69477011346,1.6755709319623504,146737.70634989953,52633.57860209471,1.7879104983384062,159875.62681059432,55845.3743666729,1.862826664226,166543.93276594506,57015.43884983755,1.9210321997972235,169324.1698948522,56873.935483270965,1.9771839851781952,167145.905419123,54753.066081632416,2.05272229266434,163687.01506238268,52718.727932403126,2.1049120773980934,161048.7140921017,49066.47068909314,2.282255924062229,155369.45189687947,45194.97330413148,2.4377595678915127,144705.33827669668,42031.72296525934,2.4427648468348684,135934.69696059584,38689.68080285197,2.513461319395934,126575.6111114181,35305.02197080001,2.5852013126094624,114478.11447811448,32104.63733650416,2.565781269484973,108539.53310317306,29954.58793238173,2.62346941136983,98154.42017533956,27235.26947985987,2.6039452537058048
0,22132.95226101434,21187.99555171318,0.0445986835798044,26283.30655161145,23478.91335134484,0.119443057619444,42225.25850371365,34582.99783807401,0.2209831750683548,65240.783963299895,53298.46690075503,0.2240649263848844,89470.73466355613,78278.0508322622,0.1429862357620288,108890.44592070112,96900.01837185108,0.1237401989217084,126069.20760161862,114541.0822153048,0.1006462062637423,136772.85318559557,125927.97318647028,0.0861197057707465,140319.82856296445,133547.65189955744,0.0507098145649196,141587.97650545853,135805.92168575854,0.0425758667068958,139400.10964053564,132651.5704894083,0.0508741745478706,133743.58080567053,127013.04280944726,0.0529909200452809,127084.90778256045,120649.8473343005,0.0533366646575976,121262.04238992016,112244.37650864077,0.080339578353711,113726.59979372224,105033.03788897024,0.0827697844362258,105396.01267830752,97149.08522718574,0.0848893989257451,96281.27584672032,89316.75222456978,0.0779755583212384,89760.30461595338,82777.28042815388,0.084359188314484,82916.94536157478,76087.99579072802,0.089750682744083,76069.55149374466,70700.84796317073,0.0759354899586293
1,26450.78581374706,24602.28857507357,0.0751351742352273,29970.92404988747,25936.7303972046,0.1555397920594368,52106.12109843327,39278.05523925828,0.3265962579112975,74602.24188266211,65055.22235963029,0.1467525461715459,103736.99360137145,91686.45643058402,0.1314320308573699,128482.04169850762,115427.4313637612,0.1130979887580254,147231.5490141621,131342.5239226528,0.1209739589050862,158368.0486675924,147101.18573071144,0.0765926044777536,167027.686141864,154253.3081285444,0.0828142888363487,169147.28291842228,157671.50092427194,0.0727828550301048,166920.31239221728,155171.0759970782,0.0757179540042649,160433.64892742864,148134.84913879598,0.0830243515292556,154831.71257795207,141333.04476364926,0.0955096370907213,144874.60433406377,133430.30997505313,0.0857698251705354,135725.63771733042,124178.00608598469,0.0929925676480085,125207.78516125906,115395.66410899756,0.08503024033029,115300.21325763734,106127.32643702211,0.0864328456070038,106580.8974237694,98053.22903805936,0.0869697864044845,99457.60921431008,90140.9536466353,0.1033565232091655,91571.55762565476,83358.03611490679,0.0985330496441381
2,28178.50129683616,27565.670126201643,0.0222316804862294,32755.091161335,28362.10370130965,0.1548893377687812,51194.01461857186,38794.70514696532,0.3196134478824994,79882.92232995783,55458.29176307452,0.4404144049591123,110311.71335976558,74520.14669962748,0.4802938298606034,134927.96644660196,96586.3250188944,0.3969675978479052,155316.0846527114,121744.11767062094,0.2757584319015684,172936.13750475374,144214.74839221442,0.1991570864474072,179805.23973270043,157725.09314308118,0.1399913365059111,181492.4196290599,164002.1786991839,0.1066463937772252,178140.33451855258,161615.85275686064,0.1022454262983212,171249.76245152252,159774.48504397337,0.0718217142392347,162693.28131696684,145491.87257923017,0.1182293445867179,154206.11277901637,138406.53790377182,0.114153385486958,144918.5805199314,134769.07335291736,0.075310358040644,134929.9627252307,127854.39288391072,0.0553408426704935,124283.915867762,118079.84318463186,0.0525413357250934,115810.28042460931,107323.84511079028,0.079073157554675,106552.47312366578,100759.03754318017,0.0574979249678009,98918.0641494758,92706.41266429612,0.0670034715686063
3,29377.008985500725,27991.8249041174,0.0494853081615116,34845.81633254366,29541.839981661607,0.1795411644695981,58140.717439869804,44117.40350266224,0.3178635373761589,83662.03274185344,66126.39445827882,0.2651836445526814,116775.40733176265,97348.98826155256,0.1995544013052923,143825.11959984305,119006.58264945095,0.208547597938328,167621.64683856157,143217.89543015225,0.1703959643807997,181434.22563305747,161212.2690426066,0.1254368337505778,187962.3181657988,171421.10837436822,0.0964945912921413,190538.6437568385,176556.90121335103,0.0791911414813062,186314.02402638024,173788.2650347805,0.0720748261632795,180887.2399421827,167243.32749350683,0.0815812065758234,172936.1905657695,160994.2503552218,0.0741761906664288,161403.79658578595,148044.93225881382,0.0902352017265812,152064.43454333954,138612.77747147775,0.0970448563057595,140740.74074074073,129226.15111203009,0.0891041753516925,129675.55860210366,119271.62943346894,0.0872288675693673,119538.75812512392,110250.93681572952,0.0842425613572592,111452.89772992056,101471.80363390328,0.0983632274048045,102299.37227515508,93956.26950160012,0.0887977227896734
4,28534.2241512208,8470.712598697364,2.368574227817483,32082.9269935311,9827.622369874189,2.2645665234226766,51419.85882988183,16634.325953746044,2.0911898067202475,79532.73823388433,27061.197211263607,1.9389955519329587,109280.09648224492,35778.684007694384,2.054335270093884,135534.51898743398,43529.17161555019,2.113648019412714,156585.62368945417,52211.23497860247,1.99907910153106,168818.6931684429,56778.74080988921,1.9732729320943232,183702.46142430097,57951.67816218114,2.1699247933804258,185143.41536939543,57540.98608306014,2.217591980473568,182772.79442711425,55546.589982247264,2.2904413121584706,170841.82962386496,52718.75160386442,2.2406273750105608,163341.48868789867,48825.88085702743,2.3453874424958623,152682.29837814247,45524.548107775154,2.3538454465639345,145281.3942232933,42322.71326316301,2.432705113207943,135125.49265366374,38794.70857652623,2.4830908031469274,123103.73365109456,35955.72666313126,2.423758746539928,113821.17967858078,33070.105754052,2.441814807762886,107151.74781746368,29786.560761405613,2.597318558384894,98390.40322168537,27668.096599897013,2.5560958400749403
0,21660.249947038687,21219.4811970259,0.020771890976984,24568.850852500967,22857.718458294505,0.0748601570768554,39591.21580643279,33115.64322838094,0.1955442185855571,59635.543799218176,54776.09925938882,0.0887146877111084,86349.1527647133,77851.62436684532,0.1091503031179761,105676.43442059528,94170.8580236707,0.1221776740531823,120853.4244234104,110042.33074355568,0.0982448627433114,131457.48558882932,122811.87268513416,0.0703972076532115,136975.63514318175,131648.87723518786,0.0404618559600609,138077.5873779813,133508.50531802364,0.0342231534168846,135206.31255018496,132651.5704894083,0.0192590411960531,130467.38962523946,128001.6381955035,0.0192634365036008,124851.28323787256,121229.5979269657,0.0298745964091107,118145.5838282816,113415.52878005028,0.0417055327353315,110161.1890827798,105144.5776170443,0.0477115565959751,101737.59758247294,96949.75975337336,0.0493847312389341,93885.31077954064,91000.06390105389,0.0317059873894587,86264.6224622533,83257.49677794996,0.0361183773315145,80013.82518757036,76193.642581941,0.0501378130271303,74138.91403591397,70287.28387302313,0.0547983924069248
1,25948.37762305632,24453.80140867504,0.0611183590397146,30259.250105082705,25764.8163470875,0.1744407449852931,47535.65152149609,39779.27955855911,0.1949852297228969,74207.98575330814,62410.2684117545,0.1890348758591724,100660.6341890486,89116.1431701972,0.1295443295476031,123966.55606705743,110012.30918564292,0.1268425959304888,144349.42785462653,129450.57776561491,0.1150929593839873,153965.30482962914,145935.07612754955,0.0550260356534233,162020.9132778629,152678.6060393519,0.0611893668724161,163997.52050435977,156488.1449102234,0.0479868657043922,162434.24690892425,154977.32610065775,0.0481162050984362,156291.3413892671,148544.0112091055,0.0521551162992068,149413.13872223516,139650.08879810883,0.0699108035530196,140656.41459556305,130771.03264548656,0.0755930556645159,132264.76675871684,121535.81724511166,0.0882780875366739,121912.97638980045,112458.87851031523,0.0840671541875461,113602.02666096612,104588.71139207172,0.0861786625815301,104148.51186168256,96330.60612817308,0.0811570283603049,96602.32334701718,88807.4920221974,0.0877722267269012,88895.54004927623,81750.03163014668,0.0874067969962046
2,28073.552042674448,27349.210853195385,0.0264849027406006,33190.70407374433,28965.32758896538,0.1458770480603384,54618.53727011534,41099.888324800704,0.328921792645289,79278.3624721492,61801.84451707176,0.2827831125695581,109360.82909949016,90776.30206640429,0.2047288401271401,134373.3339720236,109242.964435927,0.2300410801359753,154253.3081285444,134895.10999197655,0.1435055587835558,170083.59411541303,150960.470816286,0.1266763623332842,177492.45255430322,161746.02062236663,0.0973528243313031,179209.46317670186,166185.91761051372,0.078367323497958,175452.80641788492,165477.323655172,0.0602830801367093,167513.47716768918,157077.89987436746,0.0664356812872353,160586.2338732641,150335.93832109575,0.0681826026872909,151923.31863945758,144919.03700335216,0.0483323777258013,143304.3805757597,136449.41210625632,0.0502381678578816,133196.01679902,125925.04925473924,0.0577404383584716,123579.8386748598,116613.68552847166,0.059737012125282,113633.64070234844,107381.2976530966,0.058225623883318,105788.91928045228,99225.94146888448,0.0661417540051847,97374.02139159948,91319.47860681264,0.06630067185179
3,29522.3781461015,27851.81020719624,0.0599805874906336,34997.96107235493,29683.96623683958,0.1790190297723881,55363.80567367771,43780.01774928768,0.2645907544105208,79209.91536875776,68941.02568487808,0.1489517973059706,111817.42214436708,101684.85130921124,0.0996468078056576,141121.32696259196,125949.64167750235,0.120458344168514,162330.7369824974,147908.373829031,0.0975087669487688,176032.08655341697,162537.75683535112,0.0830227387211666,185247.7767257006,172596.96638031115,0.073296829085129,188025.888652562,177668.9444132103,0.0582934979073448,183695.2652189391,173276.26372869062,0.0601294214570677,176730.84560620273,163683.14057969573,0.0797131884218349,167405.3074968168,157176.5671488663,0.0650780236106223,160484.40305937122,150474.9550496301,0.0665190297378042,151219.97729522898,141078.7662969979,0.0718833263460916,139984.95868053666,129601.27467108308,0.0801202305749422,130505.25889222493,120075.61896167052,0.0868589312363543,120480.51041130844,110609.35857937916,0.0892433692655874,111453.2703209044,101924.24285126432,0.0934912755108279,103190.9811382893,94099.35691475825,0.0966172832803404
4,29119.58496671093,8498.025039925167,2.4266296968886496,34192.48991858201,10111.806821915592,2.3814421616991046,44801.745513441216,18114.827814954,1.4732084660753362,67350.86560902462,26522.384221417604,1.5393971012092051,92287.22986453296,38418.40694919939,1.4021618071401103,121638.270445559,48151.725799554246,1.5261456038338932,133743.58080567053,53435.9128415123,1.502878189848575,152615.50513850013,56755.14556703978,1.689016187232382,165988.62568821368,57420.9586499072,1.8907324013908977,170172.42554447413,57039.18343905812,1.9834302541566005,168908.15572166297,55512.2899929016,2.042716410064535,165099.3352326303,52368.70293581179,2.1526336528707275,159774.89637294644,48567.83536216588,2.2897265274748144,154397.88747569727,45787.29799537012,2.372068111363757,147186.33381904263,42110.13255380817,2.4952712065431872,139733.55702475688,39069.58181418187,2.5765306547006603,129077.60588445772,35490.9519859682,2.636915852116061,119806.762257093,32565.849436353543,2.6789079459217686,109598.92659223404,29885.20094206932,2.667331091555482,102919.15442668296,27574.553086742504,2.7323961009603885
0,21582.746297673963,21050.17619930523,0.0253000304285486,24771.364460754405,23239.686323357902,0.0659078662286862,41352.52384120944,33608.62835871788,0.2304139103755731,62384.72289448843,54955.572579521584,0.135184658556996,84311.43769824412,78624.6714933167,0.0723280122755209,106155.83531919953,97599.6826026582,0.0876657842359447,120995.871613035,111150.58431513616,0.0885761182324089,130732.8498716274,124461.68977103996,0.0503862683539317,136049.3761723821,130278.23057175027,0.0442986182365547,138201.0307750488,133822.07011077582,0.0327222606902444,134057.93146097948,131995.13140371672,0.0156278495678263,130467.38962523946,125101.53650395593,0.042891984153319,124036.84996471358,118409.1698300792,0.0475274013212851,117164.6086089112,112000.09400004,0.0461116988783005,109597.09832369376,103462.1604305127,0.0592964410143106,100575.39291935276,96453.95854762803,0.0427295513194474,93245.90701624689,89671.06736777094,0.0398661436003022,85801.85282872774,82518.78482504908,0.0397857046809306,79616.39466870457,75278.5985921608,0.0576232310067936,73934.29269268141,69813.31260242965,0.0590285711511753
1,26312.494685378693,24442.427654297742,0.076509054564068,31155.76208620599,27340.610421080884,0.1395415686177747,51010.2440604371,35968.616960528205,0.4181875304356437,72610.33962120526,44885.7032734244,0.6176718715733227,101312.79710347208,60030.83133637473,0.6876793948726008,126720.82827614984,73224.32374203885,0.7305837978452792,145009.31299946213,86011.77003168853,0.6859240653463785,156487.83726678256,99535.94504665551,0.572174124568084,163370.81314628356,110910.39871556593,0.4729981592190868,165902.05646801786,122672.9703016589,0.3523929196468993,163213.2911134896,130290.69403645722,0.2526857142062668,158318.1576535223,135716.86877910342,0.1665326431248968,150289.51791625825,134057.93146097948,0.1210788968499287,142872.84544849128,128630.37574203892,0.1107239998662124,133586.92909893766,121638.270445559,0.0982310798206098,123439.702678457,113260.45070045738,0.0898747260411396,115236.70342600509,103598.62960030828,0.1123381059247348,105538.41196115498,95011.97660508126,0.1107906153750175,97952.18478717032,88281.87208395495,0.1095390534312528,90051.24733415453,82340.4823139647,0.0936448852799844
2,27565.66634048915,27248.38495670377,0.011644043648441,32645.162620419425,28589.24858335545,0.1418685078496717,53711.69608927023,43619.587323638494,0.2313664430328661,82221.91570556008,69753.96230136433,0.1787418663090325,111695.58650937266,99020.5152211434,0.1280044974510776,134769.07335291736,125207.75623268697,0.0763636168230792,156193.42280852364,144087.38507875358,0.0840187204671198,169752.1941907432,159775.62762714655,0.0624411038889989,175337.33256735583,169586.82803931242,0.0339089102292211,178376.81409281504,172203.11396401533,0.0358512688109102,173503.54690779463,168818.6931684429,0.0277507996977401,166973.82554129683,160688.06468715702,0.0391177830561189,159875.62681059432,150939.97846890445,0.0592000107084336,151313.47493897393,138241.9233658903,0.0945556257813819,141460.4379257057,124922.49129730788,0.1323856613541152,130127.31440094316,114889.1638678759,0.1326334879640289,120683.68229826502,104064.5070932596,0.1597007055451844,112397.54828400856,97499.29588490694,0.152803692210129,102272.13912323378,88675.67226360308,0.1533280381479709,95278.50542599184,81906.90415859305,0.1632536524821872
3,29649.185531376566,27928.47709236932,0.0616112519603651,34257.862768561106,29595.45286219997,0.1575380491074043,54395.425683938025,42238.48877771778,0.2878165686797356,80780.59428770242,67835.3196383978,0.1908338416964872,115047.26130490964,95846.51206902304,0.2003280956333533,141248.2127976232,122986.15735453722,0.1484887066634759,163369.62164184838,147863.75032756873,0.1048659409755863,177610.24396364109,162748.18265017454,0.0913193688031059,184128.1786602472,174073.62583141564,0.057760345835325,188537.4363337608,177082.2152744277,0.0646887155866029,185060.3645823013,174646.39086260705,0.0596289088383557,177786.45656749024,161311.73999894422,0.102129681129556,169366.85142700482,158268.2666394522,0.0701251427289344,159724.05121573305,148910.5153331376,0.0726176781968941,151594.46331677865,140615.0064440009,0.0780816866594551,140403.86745027412,128223.0487705197,0.0949971069675186,130240.45487775968,120649.79334703808,0.0794917360789417,119171.64460536976,110549.4270954788,0.0779942306027887,111544.52403448807,101951.11785839353,0.0940980969862386,102919.0138363184,94746.48707082878,0.0862567786748669
4,28581.219701107624,8432.44790035248,2.389433298474684,32137.29034567856,9568.48751902338,2.358659378693394,50176.68691937976,16664.58458539704,2.0109773611368,74722.93819784552,26662.49856736524,1.8025482311438736,105005.18427750024,38253.0170714157,1.7450170552943032,127817.53645758628,46569.46751236996,1.7446639028808932,150105.86960143875,53244.54233308855,1.819178511525232,158418.07458051108,56627.23000921705,1.7975600175874016,164418.03844415568,57709.85742776214,1.849045999636452,168273.07001322616,57277.38112507504,1.937862498387852,167081.54674243112,55091.18841597802,2.032817979544125,158667.9345611209,51667.796551883526,2.070925124546205,156114.88326484693,48672.79729859412,2.2074360203118264,147456.44956394978,45316.00451749404,2.25395963598302,136862.63078147534,42433.08364339687,2.225375556762604,126358.22803480992,38273.44185963691,2.301459756303419,121965.28432800906,35398.798840545336,2.4454639231518662,111740.86203004429,32676.966426814284,2.419560450334558,104285.77799727312,29855.56484069379,2.4930097137244345,97442.10569989776,27410.82505322087,2.5548767872073945
0,21647.31261500284,21075.14762619241,0.0271488009934193,25631.167499679606,22742.89176649076,0.126996855230363,41712.78861872794,35267.93750125374,0.1827396659429006,64573.61866863977,57181.9377351325,0.1292660099723384,86986.72396438888,81010.6001648203,0.0737696522110666,106524.04882356216,100785.30555510789,0.0569402775220679,123685.09592254704,115874.26337278089,0.0674078291625279,132729.14996205762,127048.44047081622,0.0447129415378089,137545.42028928926,132962.27581941866,0.0344695098036313,139775.32666454063,135565.67523577326,0.0310524874489506,136409.13492622017,132149.0718724925,0.0322367988920733,130885.67641734787,127230.9555591291,0.0287250916426566,125136.34616570597,118972.0705264398,0.0518127961629131,117099.51212226198,112275.0297161305,0.0429702171384804,108656.32622573906,103353.1717230367,0.0513109991139277,100706.63656853592,96751.00964979034,0.0408846060941767,93695.99848102505,88807.4920221974,0.0550461041913643,86306.88035302816,82737.43762823389,0.0431418089212882,80204.1751966753,75910.41335652604,0.0565635418158361,73493.66289333736,69797.51734083513,0.0529552581999903
1,26275.000206266333,24427.27549238984,0.0756418665868872,30808.65875548204,26691.88902661207,0.1542329853374375,46821.8342803303,38795.5831239346,0.2068856944553561,73207.75298136374,60899.43199122792,0.2021089620656679,102057.84823980516,89568.63839059227,0.1394373083439066,127230.9555591291,108055.29758538867,0.1774615257395151,145846.281598519,128705.73045824068,0.1331762857741574,157738.02900509193,143390.97742531044,0.1000554695796991,165955.42315586438,153249.35389419517,0.0829110788319642,167893.65003770334,154543.66937408934,0.0863832256454255,163474.03248125868,150848.81972313463,0.0836944749139976,155951.4654859495,145632.70345880272,0.0708547035251998,149919.62046195977,138902.05904709577,0.0793189207593274,142185.3701959878,129600.53415756176,0.0971048161200172,133979.2453663385,122846.69595766035,0.0906214800641851,124496.24899249796,111939.02349206495,0.1121791588732514,115459.42237687632,104395.66306737848,0.1059791085608328,104949.51874681914,96503.37781456368,0.0875217129548062,98255.75847969028,88763.52155685521,0.1069384895545753,90637.00084316116,82657.8325460572,0.096532513027824
2,27842.847358917406,27200.33688372037,0.0236214160855332,33429.07188207153,29310.34600634549,0.1405212301087937,53646.15720311288,35441.2296779022,0.5136652337026995,80971.94235506853,46025.12414477364,0.7592987278071961,110047.51598420212,58646.79211243411,0.876445616551808,138159.72059200428,72061.99582636335,0.9172341677145108,157770.70122713974,82123.5608248297,0.9211380953593338,171592.67701292707,96552.83273642586,0.7771894635276861,178258.51811790152,109538.0536112625,0.6273661274877109,180405.17658548025,118409.82148700242,0.523565987347451,175858.13845086604,126394.4290783343,0.3913440626554521,170083.28558984556,131725.6242568371,0.29119361968799,162124.0938533697,133782.82545822315,0.21184534186712,152536.48782940814,134532.6223022959,0.1338252776093029,143001.96119391307,130353.84427401908,0.0970291055882186,131380.96046186145,124570.00641260188,0.0546757140454843,122223.13575533638,114667.0912460581,0.0658954930064821,114572.55383287033,106637.78888511728,0.0744085659568702,104727.2934711321,98535.31574743646,0.0628401875685544,95863.69617865211,92148.09982194858,0.0403220073325758
3,28551.99859970001,27552.348527553862,0.0362818462152669,32840.40373717609,29242.08662739232,0.1230526793670419,55891.538579386885,41917.96269714825,0.3333553203240309,82538.62586134876,71409.33226089488,0.1558520889089518,110459.9308642306,98306.77808642849,0.1236247694652084,138653.983353151,116939.54805150512,0.1856894067358796,159976.86009255963,139817.0963043244,0.1441866861857559,172709.91751807625,158971.52972281916,0.086420428986317,179327.47167975502,169645.58310337167,0.0570712682244358,182711.51699676795,171250.23124844208,0.0669271256731813,180044.83652138466,170526.4211319792,0.0558178335428658,174818.76019778094,159474.52234210377,0.0962174874727688,165104.68783431372,146338.4058329621,0.128238939699619,156585.62368945417,138202.28355843906,0.1330176293595155,145536.19280253613,133861.3475255467,0.0872159551117719,133861.3475255467,126867.02334274184,0.0551311443944668,125386.7159464403,117359.79604918696,0.0683958235057697,114761.8006007969,108481.22521352928,0.057895505649989,107467.56340988708,100418.36271580883,0.0701983233288512,99020.5152211434,92659.7066081058,0.0686469755396479
4,28932.193637032244,8373.449169362644,2.4552301031325725,31260.49434440927,9573.96344114566,2.2651570623366104,50949.18831345145,16524.864129554902,2.083183493311044,75849.45999303114,26531.08094489004,1.858890678091274,104978.0329400935,37802.12512823355,1.7770405125104407,131613.3935680327,45533.26694146633,1.8904886999921096,149217.41204588328,52633.673013588384,1.835018031277429,168421.5538720874,56007.17936478461,2.007142223234064,175538.23601165315,56660.89965397923,2.0980488676255127,177967.31643344933,56944.34799673288,2.1252849965664726,176555.7976499261,54640.91764907921,2.231201181206761,169876.33986104248,52000.93977602004,2.2667936501289936,159370.83095308286,48510.74803367163,2.2852684696278547,149551.02040816328,45646.80333209592,2.276264918709183,143209.22099223023,42212.08691448018,2.3926117247499694,133005.91164986487,38280.40970293295,2.4745164088375544,124761.86804267368,35709.7191083542,2.4937790371329456,116949.02179351328,32444.203823866257,2.6046198707297137,105857.38037414922,29762.484623242755,2.556738683418951,95870.7402568638,27463.790944165456,2.490805054982078
0,22199.661598742627,21320.64401784881,0.0412284722805718,27091.59070373888,22881.48894968625,0.1839959699873621,40012.40691696587,31780.532581799867,0.2590225419910126,63089.33225427334,52069.79373712349,0.2116301549566808,89470.73466355613,69002.82151367629,0.2966242930489895,108481.20306775866,84598.38316982251,0.2823082309976759,125207.75623268697,95407.4716850834,0.3123474925105129,135246.28614725132,112324.6463287968,0.2040659870083923,141502.92653568383,120608.71973326794,0.1732396036424601,142442.49555257327,126950.03195180147,0.1220359173021219,140068.14125790924,126971.42425136788,0.1031469646320855,132496.60484017138,121227.96378807005,0.0929541394574695,126539.41013105614,118673.58995189842,0.0662811345164997,120311.5774750142,112920.31441620002,0.0654555656971656,112735.39776802826,104092.41931281931,0.0830317761107559,104838.31259825134,95644.01348228632,0.0961304192621301,95716.92527025136,89760.95962156783,0.0663536316210728,89116.1431701972,82618.07021636092,0.0786519575780342,82518.78482504908,76016.49780625556,0.0855378398958341,75981.08271988948,70302.72074778355,0.0807701595572309
1,26283.296084300026,23031.53689342664,0.1411872427758593,31942.03568813349,25004.08412205002,0.2774727333429978,50164.55235930483,35605.01431501453,0.4089181910018382,75280.12257857795,50444.26651525741,0.4923424955700102,101206.98788455292,80127.95927593492,0.2630670841875382,130051.7941363123,105998.8482301578,0.2269170496449901,147727.27272727274,120955.33463054828,0.221337390190337,159875.62681059432,130429.520358254,0.2257625909491958,164945.85746663308,142958.73730846634,0.153800464190758,167189.36738798488,148089.47493078932,0.1289753540291909,164050.5895119257,143564.99296672014,0.1426921432716843,157870.21409753847,130169.04073311995,0.2128092302778279,149874.2951636006,123918.21099941648,0.2094614177758451,141503.25391021153,116484.91571969796,0.214777493171014,133195.98432320746,110909.59104571668,0.2009419840733555,123299.7920446016,104450.39837250614,0.1804626307395402,112673.8541015368,96850.38470158185,0.1633805528879484,104147.27998456552,89604.23282854143,0.1623031267267514,96651.84968018018,82996.90015849279,0.1645236086602219,89984.41408649646,76371.41037893608,0.1782473786985996
2,26862.826804347776,26497.08113150125,0.0138032438754813,32323.16521190276,27601.27782099617,0.1710749560773838,50324.1069224135,40626.78382250805,0.2386928569652846,74447.31296790476,65169.31531809532,0.1423675790442629,104758.79962013714,86607.60285235362,0.2095797155213636,131037.18293457218,117949.0865750951,0.1109639484248503,150011.97295953138,132962.30818863242,0.1282293080134466,162952.930338365,152301.9646480088,0.069933212713126,169257.22002442717,162537.80403902743,0.0413406347226537,171305.92065082642,165426.49436974464,0.035541019614069,169366.85142700482,163369.62164184838,0.036709577489896,162848.99495391507,150289.51791625825,0.0835685496353444,155413.6090976356,140913.97603793797,0.1028970544113661,146558.80117502765,131037.18293457218,0.1184520140989715,138241.9581846234,123787.09570062086,0.1167719656252508,127560.44321632512,116843.121795332,0.0917240249688475,118277.2727807388,110193.696399145,0.0733578838512989,109037.13853421086,102379.52262185888,0.0650287844859567,101658.35022711458,95132.99347010402,0.0685919418593843,93742.35967740024,87458.4914267978,0.0718497214860147
3,28500.885405614143,27174.17629444212,0.0488224223173006,33194.6936401444,28757.673652587426,0.1542899485250179,54484.67652328564,39881.04583802479,0.3661797322109579,79183.7466936884,61889.14212433995,0.2794448909083646,110819.38313911752,95215.31264138168,0.1638819436166421,135967.94150478547,118376.33886427688,0.1486074228117331,155559.61474723782,142829.51057373892,0.0891279688795594,171026.69295114282,155025.2022306396,0.1032186411645308,180044.89377809255,168110.491289676,0.0709914199694536,181070.24044240772,172258.79949121302,0.0511523415768622,177492.34108967567,168654.75339286064,0.0524004661536514,171026.69295114282,156144.50731177302,0.0953103371715446,165370.0541482662,143651.36547674544,0.1511902695769127,155510.43941620432,137341.5402890429,0.1322899036149147,145714.39674623223,133391.84731330015,0.0923785799591623,133822.07011077582,125243.66385882968,0.0684937344344656,124283.915867762,114793.3211972235,0.0826754951556192,114667.0912460581,106495.77432537114,0.0767290249068621,106639.93408847446,98815.7623713643,0.0791793892932359,98484.42489301792,91319.73618595056,0.0784571770167865
4,28828.18272968039,8430.446591312768,2.419532099211287,31705.537698642933,10223.6377307707,2.1011992534924104,48816.90292402482,18476.768729958083,1.6420692729066575,73921.39927514744,27088.36219381997,1.728898807031313,100105.33753209708,37926.20584620624,1.6394767232459833,129801.25988521612,48170.14462730336,1.6946412739571342,145725.00469448313,54395.58219417645,1.6789860282088194,159119.57017694967,56508.81474572678,1.815836270729468,165989.8894884112,57746.33212262064,1.87446636672858,168912.46779437517,56885.17006190869,1.9693585799347364,168536.4871121834,54921.74203234896,2.068666085152857,164313.5354165936,52337.132801915344,2.1395211510436494,158268.67069651216,48787.55599643969,2.244037694941348,148726.3829418486,44954.621255718805,2.3083669439864027,142099.80867346938,42456.85603244172,2.346922545675296,131189.72716357163,39498.10325378535,2.3214184063635743,123160.1062965952,35497.20981504937,2.46957146599112,114730.79608198452,32395.00576150433,2.5416198696381027,104249.40359163952,29855.562669045827,2.491791621791307,96453.95854762803,27235.26947985987,2.541509241131412
0,21499.18999530651,20963.077633796223,0.0255741247003722,25374.69461877666,22000.310394452103,0.1533789371069729,38847.25955162784,32621.50668450878,0.1908481091118801,62573.7674254743,53996.9739233644,0.1588384103576356,86454.97910137207,74016.68122973779,0.1680472248279747,105200.38929670394,96779.08811859868,0.0870157111605074,120548.1804523285,108920.0343295948,0.1067585609415677,128667.56575372392,123615.47990565115,0.0408693624126099,136368.7219119258,130505.25889222493,0.0449289405612618,137341.50589418432,130810.84817838274,0.0499244352188277,134215.79743083997,130202.6791837691,0.0308220865517423,128778.95317846816,123931.16776670076,0.0391167573026771,122465.06200383828,114856.50995553569,0.0662439773875078,115682.46453767028,109982.58325853328,0.0518253082466559,108949.444417584,102245.32303462448,0.0655689784528259,100183.69878790349,96010.78405911777,0.043462979390068,92753.15182627105,87674.35727898104,0.0579279358858508,85197.14300337547,80741.8200747238,0.0551798674407937,79635.01595045975,74792.0696299829,0.0647521367497416,73224.32374203885,69250.77649554302,0.0573791002437578
1,26262.44742205401,24450.00912898716,0.0741283278670883,31098.457283223208,26438.164320597527,0.1762714273999319,46641.16521358197,35244.4336292838,0.3233625968904459,74412.94712187463,47760.46486559167,0.5580448668430855,102084.72359235404,62735.454932821056,0.6272253656511986,125244.06907597114,78184.47281060214,0.6019046311071057,144786.72799944927,92021.44038313867,0.5734021049509554,155853.2395217995,105760.01376028045,0.4736499550299058,162124.0938533697,115938.2963927218,0.3983653279171979,165212.7326485634,125846.05333471372,0.3128161612597084,161866.8920871294,133696.5761238768,0.2107033461885468,155851.49497839654,138920.64466556435,0.1218742567283017,149827.9970017522,134769.2061439408,0.1117376238139133,141503.5085353807,125709.27930853852,0.1256409177883926,132226.10572215437,119840.38262476509,0.1033518320462185,122188.56308386772,112214.7846242327,0.0888811442541519,113353.45910805052,103436.36267831628,0.0958763066773344,104618.46914032006,94794.95537794389,0.1036290773407742,96900.01837185108,88457.12877742386,0.095446118488327,89049.97305575022,82064.19835426279,0.085125728899837
2,27623.47285872843,27139.347214829868,0.0178385146874135,34496.438110310715,27960.34108042332,0.2337631365471324,53768.97249966696,40989.17170656979,0.3117848022054277,78810.41513075735,66766.64353442146,0.1803860574498812,111000.56151747424,87754.70973109957,0.2648957743419724,134888.12674287413,117099.51212226198,0.1519102368423133,156438.9217700319,137097.9348647456,0.1410742395526762,170249.26803670055,153296.13418423603,0.1105907460920685,176090.2887085004,161147.76045332153,0.0927256339966768,178732.37768173983,167729.966525947,0.0655959777711563,176148.27124985348,165688.88397171258,0.0631266686540454,167135.75558025565,156487.4417261301,0.0680458044215537,160688.11088380864,143390.97742531044,0.1206291620929074,150335.93832109575,134968.57193821017,0.1138588499693167,141417.94931572757,128186.10169325992,0.103223730558017,130923.32537224203,123650.44349386737,0.0588180816248784,120819.64378694152,113851.3663559822,0.0612050399919787,111756.37549263918,105452.01289951398,0.0597841844814539,103735.36312324506,98382.75421208676,0.0544059673265449,95668.07191727508,90614.40874575484,0.0557710770447088
3,28617.228383812275,27534.60531238309,0.0393186341023126,33126.54400867816,29041.42169894452,0.1406653693500863,53799.25266191261,41466.14375891272,0.2974259910616601,78402.78029371393,69344.16650836654,0.1306326723857074,109454.07937708189,95181.4626873726,0.1499516427540965,138488.98475875845,120149.823282528,0.1526357756940395,159270.14513120646,140235.8612886823,0.1357305019387384,172146.2178198361,154979.91536464554,0.1107646911201409,179208.10105701163,168277.15191060136,0.0649580113657819,182711.51699676795,171249.81454000366,0.066929721865987,180164.8351701708,169147.28291842228,0.0651358512040785,172653.54774395275,159486.3634493653,0.0825599381025943,166276.36130482797,144223.26929210886,0.152909389178059,156487.4417261301,137260.06403419017,0.1400799120066753,146380.55569789564,130429.520358254,0.1222962048455635,135445.7200650575,124036.84996471358,0.0919796826797001,124780.1615338118,116516.85533078092,0.0709194062916656,115300.21325763734,107352.57138194345,0.0740330834500222,106695.06682007803,98969.2896853096,0.0780623682289112,98764.6859862227,92240.82039435364,0.0707264480517173
4,28812.79565213764,8439.483168388379,2.414047409924486,33222.29586284265,9839.670861365552,2.376362515669762,48180.11687852295,15053.556108998318,2.200580416325888,78569.58352768101,25556.40549475762,2.0743597155632068,111210.95413243612,34441.32885836452,2.2289971908394333,136777.14443222317,44225.47980826019,2.0927226798945138,158868.7163472902,50504.49383927672,2.1456352548125124,169696.96969696967,55914.64040217501,2.0349291075896585,177668.77690209448,57915.29400464587,2.0677350422816154,184207.2649300144,57733.75100172557,2.190633931346479,179336.84825483646,55880.00738442395,2.2093204108062623,172033.79402652997,52326.4926018752,2.2876996999482606,161917.82654481634,48664.19034186508,2.327247929275027,147546.64522925738,45769.5068363649,2.2236887707085424,140994.1515993195,41977.03609202025,2.3588400879528084,129300.89853166774,39397.93129624825,2.281921011522265,118343.61189316036,35690.78221657569,2.31580325628724,112244.37650864077,33069.89571919751,2.3941557439953285,104375.37550694708,30158.718815562574,2.460869015864396,94598.53043671291,27812.10268963153,2.401344065653104
0,22306.94414262985,21276.308463723068,0.048440530962599,25590.869472657607,23353.50658597365,0.0958041516569396,38346.35778153855,32208.64235258869,0.1905611345476832,63680.619024358326,40633.23834461788,0.5672051162713496,84765.71743584899,53843.10456301963,0.5743096191014874,105705.17293280024,66557.6598270984,0.5881744221085621,121675.03552588631,79484.19426575175,0.5308079379791084,133080.4269766833,91686.45643058402,0.4514731199960675,139650.08879810883,101365.76021553628,0.377685014162255,141290.70132583292,111610.84679089783,0.2659226713917877,137913.52931964942,116679.05892051688,0.1819904153803444,131802.43489444628,120989.4131754087,0.0893716353790476,125997.09915793664,119505.32400744045,0.0543220580707517,119204.94647843248,112674.06797560595,0.0579625695616179,111331.83297166896,103353.1717230367,0.077198029974477,103190.01237208307,95839.21677319983,0.0766992453233279,96158.26065038836,89226.77543191685,0.0776839147769099,88807.4920221974,82162.72532871563,0.0808732508189993,82538.62586134876,74775.1157260577,0.1038247826152896,75488.3174546739,70096.8324413839,0.0769148166259645
1,25703.914682981027,24397.00349368449,0.0535685126099543,30989.161907251884,26522.384221417604,0.1684153901302443,48143.27817437743,38592.71736237983,0.2474705453445855,71022.02835071532,61335.20962383895,0.1579324304308145,101180.6815534727,82942.44799899761,0.2198902250232053,124531.866875574,106090.75133366109,0.1738239696683325,142185.3701959878,128408.23871764942,0.1072916474513154,154349.49440553694,144786.72799944927,0.0660472581860129,162227.368383978,149919.62046195977,0.0820956448801921,164207.58698682123,154445.8092102456,0.0632051968680289,160892.2811172595,150104.4472760464,0.0718688489047492,155705.1416512525,143564.73133622337,0.084564016538273,148180.22334680264,133746.85347081147,0.1079155845646946,140319.8643694782,128593.33785090408,0.0911907779559333,131075.3662553757,120446.75613165872,0.0882432243513391,121364.44155096971,111301.601653661,0.0904105578697909,112735.39776802826,102031.94146544328,0.1049029955605624,104506.4343645389,94748.21029128708,0.1029911176501574,95400.2185494747,87072.24862987519,0.0956443648882878,87890.49194150143,79975.8310146784,0.0989631595746769
2,27204.700680643364,27017.9090058078,0.006913624396152,30968.42049662362,28037.189901153284,0.1045479452757054,52633.57860209471,41244.352227557465,0.2761402655010669,78273.4433598741,66019.40646183884,0.1856126486856324,106637.78888511728,97826.1267408814,0.0900747319535191,132190.03815940453,114983.13400356498,0.1496472009130145,151594.62891435932,140445.92274067434,0.0793807748642903,161712.35493182443,155316.0846527114,0.0411822786636371,172258.7468219004,166115.6214631364,0.0369810214394992,175221.91310998023,169366.85142700482,0.0345702930274929,171138.17567689513,166705.0682148198,0.026592517609379,164576.14231804467,158567.88252157,0.0378907739759808,157770.70122713974,150803.95602028235,0.0461973637211505,149092.0856896913,141676.74505691527,0.0523398573971831,138118.72350610804,132806.79396080674,0.0399974232257194,129338.30296284809,123020.64495899277,0.051354453603793,119941.08381498272,114133.29327647656,0.0508860330914779,110579.38135734944,105340.05443782677,0.0497372718049524,101524.8840159544,96974.86429065396,0.046919578166803,93694.91813374676,89693.36110236743,0.0446137482440012
3,28998.65337404392,27565.66634048915,0.0519844873639046,34003.83739756188,29160.665739275868,0.1660857712093606,52273.79390881144,41198.912128584765,0.2688149081621664,82777.28042815388,67181.90250343182,0.2321365924986334,112796.98901037096,88720.5585232912,0.2713737479544738,138159.72059200428,112920.49955847282,0.2235131896530622,159926.33502150903,138902.05904709577,0.151360434241546,172484.59616788517,158489.70303821206,0.0883015922258301,181856.9213927277,167621.64683856157,0.0849250369665934,183572.41653763736,171697.15260347558,0.0691640120648184,180525.51964131507,168164.2482342062,0.0735071308967709,175106.54811345157,155997.8483055406,0.1224933549755395,168600.140560966,142275.45149364287,0.1850262205528785,157721.61402859635,136288.0995970855,0.1572662212979394,147501.62604373755,132033.24919792067,0.1171551631106908,135765.77966429235,125422.33382341891,0.0824689313741831,124638.20526315489,114604.0744796518,0.0875547473251892,116387.93388108697,107467.824564569,0.0830026042925859,108277.66678943032,99225.8663914669,0.091224201180085,100392.34449858768,91710.92570103468,0.094660682259966
4,28510.254012338133,8513.246800695993,2.348928402969276,33561.34871347449,10089.397060831128,2.326397852232988,49544.20583611879,15847.17916771716,2.126373805190959,71279.77573191319,26014.084550168827,1.740045516283624,102434.24956368956,34442.23403340235,1.974088424820179,127157.90189461871,45699.33553186277,1.7824890759289245,140994.1515993195,52870.34254770511,1.6667909607754092,158368.0486675924,55753.2033990906,1.8405192708653504,163369.62164184838,57565.03309413696,1.838001002703978,165692.84844549245,57158.11116293673,1.898851012993819,162124.0938533697,55250.04785932923,1.9343701975815448,162020.96019909304,52975.31435942818,2.05842376129775,158720.53330915127,49591.72192507392,2.2005449124947822,150289.68084400578,45368.05880433929,2.312676028131737,143390.97742531044,42031.74667104766,2.411492235798069,129600.5033029254,38829.84127337077,2.337652152387358,120142.96677048576,35428.8605315637,2.391104454614055,110403.4313434618,32301.4720069202,2.417907125712698,101076.34863328564,30014.09556660773,2.36762933299041,95668.07191727508,27605.67091940933,2.4655224354649388
0,21721.86393977738,21093.90260507594,0.0297698034573428,26383.684686368262,22724.07502823197,0.1610454838575239,41945.83038941553,34754.8460238279,0.2069059480412458,61546.26643699731,56614.0997877311,0.0871190510448611,86625.23501986681,80471.73083593478,0.0764678989753278,106951.5084976058,98611.60555357776,0.084573239602075,122120.5776191753,112673.8541015368,0.0838413098847716,131342.5239226528,124922.46249174868,0.051392370137822,136935.53023439663,132962.27581941866,0.0298825692512529,138324.1957772425,134057.96433140937,0.0318237821013487,136046.63917828258,131381.15037617873,0.0355110972064511,131342.5239226528,126141.37464840352,0.0412326985396072,125279.25311623947,120210.39495476264,0.0421665544263818,117392.39556692478,110940.95326662046,0.0581520359285159,108978.69823997216,105144.53582203896,0.0364656364494553,101791.36612787978,96552.85058079044,0.0542554208972425,93932.46409086738,88173.35602251714,0.0653157408104043,86306.86584520098,82459.62194127613,0.0466560943811344,80127.95927593492,75646.35821036146,0.0592441086603372,74053.57755820069,69219.71443636852,0.0698336183729244
1,26266.686858159064,24518.38140735088,0.0713059080761353,32154.47864158268,25764.796112837543,0.2480005081647596,49807.92388040452,36634.96765930038,0.3595733001216383,70740.73759445324,58223.32484940725,0.214989658825254,100890.5129131941,79521.86222082414,0.2687141635721681,126834.5266590834,103244.3449497143,0.2284888506083195,144834.8458884233,123649.9913333284,0.1713292037197642,155316.0846527114,140111.12459202512,0.1085207195714117,161814.83354175676,151547.59058524325,0.0677492985329801,165476.15184885878,154159.94185909763,0.0734056451584821,161198.83757571515,151688.29157860493,0.0626979570943473,155025.2022306396,146072.66918595246,0.0612882142469133,147998.80575189085,138406.6774898177,0.0693039413707392,141971.61300158052,129750.67567741654,0.0941878511257037,131802.56226529647,121091.48602517036,0.0884544123762729,123509.85527718117,112000.02350000248,0.1027663335908,114133.09855819705,104119.53161204302,0.0961737609756572,104782.77189849864,95084.55897723728,0.1019956660216834,97074.3832535309,87890.49194150143,0.1044924326756771,90433.57665854192,81789.53887108478,0.1056863494619002
2,27578.991724849424,27169.81989155125,0.0150597918915689,32833.54810234485,28096.78001230737,0.1685875779346461,51275.98201998964,42039.54214360041,0.2197083841883675,75226.98361150586,66078.55539172722,0.1384477636586465,107669.2131429788,96256.9212469574,0.1185607408608253,133391.19601214372,122950.99829585815,0.0849134847296091,152536.48782940814,139150.7671013588,0.0961958098175561,164207.58698682123,154109.45596838315,0.0655257067451449,172653.54774395275,166115.67064462957,0.0393573771454087,176380.97040569276,170250.50441593153,0.0360085041203999,172033.79402652997,167946.9065437015,0.0243344016685713,166543.93276594506,159572.6579985281,0.0436871507616378,159320.48804214466,150660.71879471425,0.0574786136473299,148817.68858019914,138254.49351190554,0.0764039909298424,139400.10964053564,132924.03621923894,0.0487201081572286,129525.50971301988,123090.34760615996,0.0522799897149519,120446.75613165872,114133.09855819705,0.0553183752410113,110519.54162163514,104867.26825460832,0.0538993096807252,103298.7381143802,97374.05764387056,0.0608445474479266,95668.07191727508,90591.6897169751,0.0560358484995644
3,29155.818886431087,27672.512298747628,0.0536021656317264,34145.89729289444,29184.53719295307,0.1699996154518204,49739.02584553917,40514.16477740808,0.2276947116845205,78421.13539623644,50644.83834044713,0.5484526748623457,108190.21638043274,68817.66464694968,0.5721285651797869,134610.57892544768,86011.77003168853,0.5650250991911263,158567.88252157,100349.28675383728,0.5801595372625457,170470.83558614654,114226.83057711126,0.492388738485277,177904.35986075422,124142.6458640017,0.4330640258436935,181613.8037605438,134294.38447951502,0.3523559042652806,179565.985620626,142032.0466284403,0.2642638748308366,174246.26243960275,149879.806048834,0.1625733114628507,165529.5669468153,145846.281598519,0.1349591167670616,157374.3006283333,140994.1515993195,0.1161760884633236,148044.1403413401,135966.28763069687,0.088829760090592,138324.1957772425,126720.82827614984,0.0915663798835551,126069.20760161862,116516.85533078092,0.0819825787755721,118376.18254817568,107323.84511079028,0.1029811914209382,108744.0877151462,100131.37516016728,0.0860141243561498,100785.30555510789,92124.97696385963,0.0940063040085825
4,27010.5695145587,8515.27627285491,2.172013291061769,32400.119759111178,9756.231904306693,2.320966544963819,47030.79835283257,17115.824248138924,1.7477962890362368,73190.75312434068,26974.712241416044,1.7133098759054088,100053.30043316747,37066.87748523248,1.6992643357409571,128927.77453377625,48076.1133391097,1.681742877681713,147882.9510302394,53428.48670394687,1.7678671089764366,162485.97829862862,57170.16139576644,1.842146573171316,171194.5937427017,58231.882713407045,1.939877362118787,173968.4636949281,57794.21638155644,2.010136214087431,171865.68308517305,54619.04811280932,2.146625381134516,159774.48504397337,51875.66645126829,2.0799505042323583,156247.2023151181,49368.02351418952,2.164947494205617,143442.14890568607,45699.33553186277,2.13882351321442,132993.38634900472,42369.78163538378,2.138873537123437,123160.1062965952,38307.85894003848,2.215008870356655,114152.96963263286,35280.27768230731,2.235602924119823,106104.04963866551,32671.734307512503,2.247579349170579,97234.8308873879,29939.64006871156,2.247695385256259,89077.50877941272,27766.45207677656,2.208098338711261
0,21653.77751338489,21031.47279388686,0.0295892125861445,25550.654786657484,23045.57591161095,0.1087010749765819,42023.903786918265,34383.44878026325,0.22221316586022,63409.62880272014,54652.15203178704,0.1602402914681115,84866.34425975193,77515.13791109776,0.0948357513997495,106923.2355337819,97892.4243508966,0.0922524009673544,122603.60267287587,111817.2347145896,0.0964642703409559,132033.24919792067,120199.65208343178,0.0984495122022073,137913.66797509912,129272.92082409364,0.0668411226103822,138695.29423640473,132779.01243391616,0.0445573565734502,135805.78697482753,130961.03681052888,0.0369938287164595,129450.57776561491,125529.82567488044,0.0312336296944213,123160.1062965952,118938.84766993874,0.0354909998654995,116130.6963990748,111665.26213803329,0.0399894665139606,107381.2976530966,103082.13288141644,0.041706206997345,101207.00735397692,96453.95854762803,0.0492779029281817,92613.01710479884,88456.71890684588,0.0469868004298235,85969.72902812365,81398.6024965752,0.0561573097245837,79540.8585226316,75000.0,0.0605447803017547,73815.30280735155,69235.26484446731,0.0661518082320187
1,26113.118741144022,24412.132569932302,0.0696779016064648,31898.861179366395,26760.091303969257,0.1920311039684277,49337.86446588555,37701.07148208191,0.3086594764112798,73157.20395244476,48076.9512130451,0.5216689516824944,99975.435203835,62106.361086677694,0.6097454987630972,125889.11198883851,75301.09284240584,0.6718098932814427,144173.8661359747,91101.3452469483,0.5825657211225892,155802.62332650064,105304.27209581425,0.479547032856739,163004.94546174794,114202.9369065047,0.42732708875251,165157.66368304167,125397.5646038498,0.3170723387236436,162434.19976190611,133285.7541236818,0.2186913810096775,154977.06717670604,135606.5559021386,0.1428434720261335,149275.41818280792,123230.03341359696,0.2113558200685934,140994.2961191635,123509.74247649722,0.1415641656446125,134415.22017297853,119338.3123885054,0.12633753136537,123125.39517022988,111513.49994621536,0.1041299504509778,112766.24098924195,101817.57152315431,0.1075322196581538,104699.58535285882,95084.62836071716,0.1011199933985749,96553.27884653644,87480.05407731143,0.1037176401515076,90320.86923207388,80663.81193889902,0.1197198230662575
2,27842.812697252448,27156.75437481657,0.0252628982450158,34027.56321811699,28210.467860613626,0.2062034343508698,53310.38560015943,40358.18089657888,0.3209313307944088,79038.57342893939,66417.13166632,0.1900329244272331,106183.9400634778,97099.199798167,0.0935614328871359,135365.80595669238,115692.44847197004,0.1700487606975385,153200.883481358,139817.0963043244,0.0957235383282641,168055.52711860937,156097.16653531723,0.0766084410672922,174416.96145032425,167513.427202787,0.0412118261969534,177316.18404351425,170249.2165211004,0.0415095450470868,173389.85199407607,167946.9065437015,0.0324087270339703,168001.21683115544,156782.25172504148,0.0715576220055145,160790.45030336658,149475.19726292335,0.075699870263693,151829.4489300591,143651.21580427597,0.0569311793150844,142958.73730846634,133469.39135511423,0.0710975442159944,132227.8355979973,125314.98707830207,0.0551637811315879,122430.48927402197,114983.03528987526,0.0647700242507207,113757.82771465056,105648.35014122742,0.076759150167349,104561.02397692444,98053.22903805936,0.0663700216985112,96207.3958565382,90704.87228275892,0.0606640352970893
3,28565.960298609825,27552.348527553862,0.0367885797481943,33933.45272881515,28979.698425136827,0.1709387803491242,53311.2390049442,44050.299487296754,0.210235563104812,81321.00239488302,68479.99999999999,0.1875146377757452,112123.60112565488,101471.80363390328,0.1049729788009077,138160.27707198408,124709.09731834456,0.1078604531897358,158467.92059270572,146023.94774219306,0.0852187127037726,170637.6443105663,160587.34127320332,0.0625846530472451,178969.9845425012,170804.03913489342,0.0478088542224617,181310.57587891092,174188.01720461212,0.0408900611454361,177786.6801953585,171361.45340311222,0.0374951697983763,172146.2178198361,162693.28131696684,0.0581028080960062,164945.85746663308,147636.9195868728,0.1172399012943055,153870.09874172191,139984.38834105278,0.0991947071043273,145050.5852013489,135086.85954028656,0.0737579191267741,134927.83336243388,126033.73909896382,0.0705691533636581,124496.24899249796,116323.57412845516,0.0702581134157533,114572.55383287033,107381.2976530966,0.0669693544122143,107209.07023607523,99200.20690681937,0.0807343409755059,99046.2682651226,92356.94262063684,0.0724290503201547
4,28629.19934675272,8455.69086606543,2.385790682302267,33029.51068551371,10109.271304508908,2.26724940805397,51667.796551883526,15135.13252690366,2.413765717613687,77791.1347814833,24253.888577357724,2.207367533390312,110941.3226769854,35034.57249113617,2.1666241312079326,132478.80419378317,46211.42574676929,1.8667975950308129,154977.06717670604,50204.33933924995,2.086925736229027,167405.3074968168,54607.70643189392,2.065598583701784,181856.9213927277,55811.50855021832,2.2584125768450733,184525.3645884768,56007.17936478461,2.294673409396867,178511.50239038773,54439.94753928364,2.2790535343843703,168648.75335158868,50726.17282207,2.32468908985408,157176.5671488663,47767.5864844545,2.2904439750167804,150105.86960143875,45892.66076806417,2.270803372244099,141067.91328430973,42433.08364339687,2.32447941963939,131879.309217457,38907.15733596334,2.3895899430194563,118343.1952662722,35841.64943782244,2.3018345171745573,111726.96351760448,32521.54418729992,2.4354753536345086,103167.94542483872,30329.47071716489,2.40157421100168,92963.19296062144,27587.8803655296,2.369711327180349
0,21937.668688971607,21093.901402781707,0.0400005323850916,24767.412037306367,23417.89016627016,0.0576278162317109,40086.00192413814,35428.813740905374,0.1314519932078806,64686.32768432881,56555.13236784481,0.1437746668789887,85052.08371674333,78181.37554649393,0.0878816485668436,106694.72325010013,100261.6970531348,0.0641623509878961,121741.24396193608,113946.09366358216,0.068410860326362,131495.85909965396,124496.50659305327,0.0562212763887404,137016.15042873996,131346.3518239371,0.0431667764355034,138571.43161374508,134176.75061649006,0.0327529246092423,135405.71275421607,131266.09394247082,0.0315360858803301,131266.59955366552,125530.00008145484,0.04569903185285,125637.4337973367,117915.6857907623,0.0654853334803682,117817.26904054252,110429.74762405024,0.0668979290040807,109626.95933633362,102810.97161061162,0.0662963068916127,101950.9402386929,95521.79221827126,0.0673055631717081,94123.3835787221,87760.57798558778,0.0725018651789102,87157.861768884,81050.84772551754,0.0753479354595789,79937.86206673355,74914.27425751217,0.0670578185400712,74447.47889427247,69781.84993014758,0.0668602074722186
1,26113.07215830176,24329.074594264355,0.0733278019731167,31067.205695421908,26433.96303328724,0.1752761270150906,48293.43068639067,35769.66176004658,0.3501226545097688,71898.05105069166,45611.82761874803,0.5763027882079228,101048.56600347332,58773.05020033885,0.7193010343861777,123474.77894794688,73850.97383230404,0.6719451693125311,140111.55307018664,87760.57798558778,0.5965204000046131,154253.3081285444,102325.81100230305,0.5074721286604083,160892.0958883199,108716.21241663654,0.4799273476501193,163578.72985539684,114888.17824354938,0.4238081964240849,160790.21904349624,123579.8386748598,0.3011039726839055,154880.06342685543,129525.63299806602,0.1957483614781328,148635.1571821657,128451.37575724097,0.1571316874259867,138653.983353151,126939.36508538428,0.0922851493694414,130884.92211562752,120548.1804523285,0.0857478032809193,121706.8645640074,111060.168512968,0.0958642166097221,112244.37650864077,102301.59669329546,0.0971908566114971,104838.31259825134,94891.3231234648,0.1048250687983802,96924.99689323506,87674.49168414962,0.1055096531658341,90411.26908532673,79748.70860277952,0.1337019830083563
2,27362.402670875214,27035.21330101626,0.0121023409808516,33092.53945524696,28169.359820185484,0.1747707319757279,52932.43096529392,42298.72913339063,0.251395303115834,80433.43224172598,68099.08133623487,0.1811236020144095,104949.51874681914,98154.43857121814,0.0692284554271143,133235.06563196005,122742.39361946256,0.0854853136156676,153872.14239180507,140030.18813144672,0.0988497869285505,164945.85746663308,157177.67500086973,0.0494229378677371,172033.79402652997,166222.55144554822,0.0349606147327452,174761.26767043967,170193.88905987152,0.0268363255331771,171529.3030032939,167568.53693052026,0.0236366930530396,165263.76138363424,158918.47090822045,0.0399279607911553,158667.9345611209,147374.0268563996,0.0766343157314008,148726.3829418486,139493.598269758,0.0661878737562988,138653.983353151,132110.31499472883,0.0495318503985344,129713.1789493708,123160.1062965952,0.0532077541163731,120142.96677048576,114101.87058786496,0.0529447602523642,111331.83297166896,105732.66628260436,0.0529558828498568,102325.81100230305,97049.42249027955,0.0543680567759377,93980.07491233286,89581.98573000987,0.0490956875590851
3,28785.872390263645,27570.106873022887,0.044097236287117,35181.718503582575,28710.75715604801,0.22538455925644,52996.86954583229,41983.66286807449,0.2623212441554865,82498.94378874941,66150.40887945605,0.2471418572647798,112581.77599830298,95497.7153481216,0.1788949671508286,140656.55846673166,116710.61706357251,0.2051736337758862,158419.87359879282,140656.41459556305,0.1262897184910194,171809.3139578948,160586.18773177068,0.0698884903156817,180887.2399421827,169476.7886577193,0.0673275164984883,183141.1081569924,172822.97451593424,0.0597034836945642,179924.95238601428,170748.4534620467,0.0537427937876304,172146.2178198361,160027.52254580217,0.0757288189009199,164787.85106359867,152920.72954418958,0.0776030924962325,157077.85561281696,144962.556705799,0.0835753672005517,146961.78576224847,137097.38637773957,0.0719517683388208,136733.3952422844,126106.17064473616,0.0842720427019154,125745.24581341396,116613.73619717674,0.0783056088761033,115938.2963927218,107756.06839643128,0.0759328742970499,107929.2760232758,99586.6775709566,0.0837722339554405,99769.48793008077,91640.4709893974,0.0887055342788871
4,26942.711939300218,8528.492156653161,2.159141316473152,31567.49959243387,10675.61913904502,1.9569713176614616,51296.50200248508,16462.831117415582,2.1158979665544826,78071.20600847738,29160.71995332611,1.6772729251347749,104009.54409741632,39781.34426268508,1.6145306556414516,130392.05681170047,47796.49436748426,1.7280673726650049,153120.94460736637,53363.42236595015,1.8693988844514025,169551.23005014617,57396.994614776406,1.954008849907562,173866.70980018174,58146.34529530318,1.9901571443085344,176717.34425773035,57540.98608306014,2.071155993097506,166976.2589857476,56041.950740745015,1.979486916117436,159069.0459704459,53158.440300717884,1.9923572826928435,153773.65800942865,49503.647483829525,2.1063096524283216,141928.90552557836,45963.237506865466,2.0878787749531056,133811.31603387836,42703.55574293944,2.133493539492964,124567.14110870736,38823.45000831204,2.2085541362768573,113602.02666096612,35892.1291959556,2.1650957802126447,105197.8380975347,32588.03234450855,2.228112608500639,96949.75975337336,29571.064727030367,2.278534629994346,88568.80515089074,27358.00166071225,2.237400386523148
0,21534.48968868667,20944.47563552932,0.028170390294063,25842.96597018358,22930.1388245966,0.1270305063509893,41008.991684313245,34384.883580137146,0.1926459366581248,60943.09460530113,54618.53727011534,0.1157950697930221,86518.57681209096,72023.08765740914,0.2012617012982316,106382.54703030403,97449.15705125508,0.0916723166148096,121775.54102116026,110549.4270954788,0.1015483681881566,130961.00534717976,124425.52848823468,0.052525208760219,136207.54508656132,128966.73774905756,0.0561447661922942,138159.72059200428,132073.12461621332,0.0460850456402677,135166.47262599462,130202.6791837691,0.038123589110018,130051.7630804125,120955.33463054828,0.0752048553926849,123720.20051176568,112756.0411940852,0.0972378881128688,116130.6963990748,107371.46914185645,0.0815787222362198,108597.90747439326,101471.80363390328,0.0702274285593662,100105.33753209708,95546.30636274166,0.0477154098667829,92893.81747531657,88194.67590823374,0.0532814653343955,85447.0695985152,80510.10601275685,0.0613210419195831,78959.4519028373,75383.58830373816,0.0474355715821215,72889.58047542024,69049.22134679102,0.0556177036282785
1,26005.85920475421,24190.223174000963,0.0750566052116727,29974.35097047025,25891.06330290538,0.1577103118475116,49144.82180314675,38578.14503591735,0.2739031842353105,74073.41769410545,61730.89437682355,0.199940782356716,102864.74198256858,89961.68196042886,0.1434283990801255,124178.12002901162,115270.23103440132,0.0772783130099898,143088.4463395205,130733.63389559432,0.0945037024962751,157870.0353665759,142185.3701959878,0.1103113854046193,163057.00807337224,153486.88935489944,0.0623513757995599,164628.87580698045,154831.71257795207,0.0632762052805937,161925.74692710984,152064.43454333954,0.0648495646821332,154687.09030495968,146737.70634989953,0.0541741052985023,146916.92306012256,137667.99654546776,0.0671828365832296,138036.97217472972,128408.23871764942,0.074985324565135,130202.80367721578,120683.68229826502,0.0788766235639431,120278.49410539692,110519.49577064744,0.0883011478355055,112122.47082714293,101554.50025122752,0.1040620607631579,102918.8330775632,93980.07491233286,0.0951133330503157,95521.72224394346,86201.31535381298,0.1081237200601277,89229.15088809762,79975.84362715195,0.1157012773017396
2,27681.452288611963,27061.19904510682,0.0229203902780241,33082.968959148275,28422.12942108948,0.1639862893102024,53843.10456301963,40790.52967972261,0.3199903258374601,77214.86768215374,67062.8919541293,0.1513799275904823,106694.72325010013,96945.0554897848,0.1005690048972394,133900.62494031765,119538.75812512392,0.1201440188977105,154928.45740429586,136821.56417446386,0.1323394695791049,168818.6931684429,154254.3775226859,0.0944175191632084,175452.80641788492,164631.24521143938,0.0657321226754203,176847.69161482312,169421.92213074322,0.0438300391749151,174359.6850140664,167027.686141864,0.0438969074023753,167405.3074968168,155609.87783251295,0.0758012912072303,157969.45887145432,142317.1684101143,0.1099817445512612,150614.25742153678,134294.38447951502,0.1215231225436024,141333.18993581104,129976.39823013608,0.0873757994552721,129750.70659895992,122950.99829585815,0.0553042138522499,121159.6432288706,112920.31441620002,0.0729658684999954,112122.09406354,104784.10081974191,0.0700296436805951,104285.0988027414,97049.3684468258,0.0745572121871163,96109.08995782798,89359.71620851476,0.0755303847828257
3,28352.88320836474,27292.18434383056,0.0388645647109573,33141.07722617893,29117.5861677703,0.13818078996061,54666.09606521297,43359.73384378177,0.2607571868906353,82697.95696858747,69502.47001659812,0.1898563741524308,110765.57478406784,100209.83208526266,0.1053363974287864,136207.54508656132,125817.14970892848,0.0825832996667823,159673.43468368324,143477.64885680386,0.1128802008948681,170028.06097040832,161455.38586604688,0.0530962473526515,177316.18404351425,172033.79402652997,0.0307055369375255,180645.9777891896,174016.61813840314,0.0380961296783379,177492.34108967567,171417.3510315301,0.0354397616203283,171809.26154771948,161711.9341563786,0.0624402116270317,163526.38111077205,147366.3325006023,0.1096590268343939,154349.49440553694,140614.71886224957,0.097676656145381,143217.8582236365,134294.6812915919,0.066444753032846,133900.65773855714,124851.28323787256,0.0724812293954821,124354.7506787593,116581.39191505476,0.0666775257698799,114541.0822153048,106723.2548731636,0.0732532694156711,105901.53095539368,98790.21487471994,0.0719840126847775,96552.83273642586,91205.70720751304,0.0586270935517985
4,29060.36183384304,8529.512446201483,2.407036687868921,34115.76369833743,10055.919485190418,2.392605096787072,51533.36339473243,18097.164883442863,1.8475931852662963,74894.62750400437,27454.94763387816,1.7279100474986089,102325.81100230305,38277.77777070584,1.6732432487398334,126069.20760161862,45692.31681016733,1.7590898514816835,147824.37736345117,52729.39822264975,1.803452767263968,163578.53875553273,57074.96414006235,1.8660296369895195,168055.52711860937,58587.65872131877,1.8684458602107887,166165.99117854866,58109.86292399555,1.8595144234961367,165195.8083090921,55730.19340401724,1.9642066215615208,157985.60931280834,52708.72613281044,1.997333096511026,155379.48058478782,49630.93561427648,2.130698195826324,152441.91002447158,45936.84756508755,2.318510479163331,146827.27571844726,41899.33232405967,2.504286764830744,137831.91594834998,39005.91486972734,2.533615771061479,128259.99584777949,35653.19896449703,2.597433037509454,117034.56892961268,32268.347257921305,2.6269155031137443,108248.32539969032,29435.06345187464,2.677529881213702,101206.98788455292,27587.8803655296,2.668530765814421
0,21550.559432802176,21006.56960596567,0.0258961761506275,25386.710639589302,23332.301977646493,0.0880499774051886,41198.85111303244,33365.8913707137,0.2347594930190888,60878.92513444796,54019.02934435904,0.1269903564234493,85010.68465795096,75945.73656579417,0.119360855553801,104727.2727272727,94506.04171191547,0.1081542600896861,120548.1804523285,109449.4863166306,0.1014047165428448,130884.92211562752,122639.12138450016,0.0672362997878548,135725.63771733042,128482.04169850762,0.0563782760848432,137667.96199721962,131495.573762474,0.046939893550296,135007.3464513602,129450.57776561491,0.0429257928520525,129002.3992010176,122326.68787370076,0.0545728118970192,123404.87988223584,116038.36192354791,0.0634834707813383,115173.29261231776,109597.09832369376,0.0508790321451282,108802.57312545742,103462.24155602069,0.0516162368910706,101180.60371340104,95424.33078592057,0.0603229059095458,93410.9767427676,87934.3971226012,0.0622802884806359,85655.34152696698,80586.83094308255,0.0628950229779385,79521.86222082414,75331.21766651033,0.0556295873626482,73174.19290691847,69375.21875520141,0.0547598151023089
1,26010.09526207953,24190.22014474912,0.075231854296516,32199.572194284112,26530.82566925261,0.2136664194209827,50434.469138214365,31834.245486672786,0.584283477342928,77869.72775156921,40760.67923381337,0.9104129081090416,99560.88657473856,51709.27894283253,0.9253969231481384,127744.00406342756,64390.66049587978,0.98389025799171,144786.72799944927,77961.03647046084,0.8571678181101203,156637.92863519993,90096.05341004871,0.7385659272144054,164577.1088336858,98269.19563726312,0.6747578706269488,165635.6642926017,104894.41499729975,0.5790703851760417,162695.26745985565,113449.7646899548,0.4340732032762089,155122.07654401872,119639.69810174406,0.2965769640449922,149049.9219043812,124213.25236502064,0.1999518494723413,138736.92059407683,117034.56892961268,0.1854353962504571,131189.72716357163,114730.1816441933,0.1434630825428609,121947.4384447002,107496.33316351435,0.1344334718767015,112214.26578316488,98103.8062283737,0.143831927600686,103244.3449497143,92893.551640695,0.1114263921036777,96158.18981153076,87115.03306765646,0.1038070746853883,88697.62695510853,79748.3949332741,0.1122183340407325
2,27252.765443669472,26880.0,0.013867762041275,33746.71305102351,28352.962675764247,0.1902358648350273,53843.10456301963,39620.073796891054,0.3589854688065887,79729.51098652821,66444.38409571943,0.1999435629002188,107037.57842368456,98078.51763321651,0.0913458013708174,131879.309217457,119405.07466264196,0.1044698861422663,153677.98353909465,139400.10964053564,0.1024236920284831,165369.85908422677,156585.62368945417,0.0560986071888298,171585.14835051,166651.7027258386,0.0296033316430464,174073.62583141564,170028.06097040832,0.0237935128938004,171249.81454000366,167946.9065437015,0.0196663818600475,165369.85908422677,156979.2325998686,0.0534505510403748,158467.92059270572,147941.4621740161,0.0711528618414483,148817.68858019914,139583.84894397226,0.0661526366129454,139150.7671013588,131572.19376015128,0.0576001138585773,128445.00374180144,122119.583636972,0.0517969347458078,119272.0257540324,113851.3905840661,0.047611497252322,109656.27837178744,104422.77294485984,0.0501184299107928,101551.4829747043,96702.05599867036,0.0501481269033265,93458.2834015419,89315.67049852124,0.046381703007976
3,28947.18392543693,27614.56904165924,0.0482576744821658,35034.61837480155,28970.1487669372,0.2093351213572487,55503.95305371987,39257.24268724253,0.4138525595369198,83863.27168151313,54246.09987282538,0.5459779021555886,110939.66034016138,80352.58268626113,0.3806607906223542,139900.84914133308,100343.64307928232,0.3942173599457248,161661.93296566998,122249.67852037556,0.3223914771990628,174360.00834701135,129344.57738683344,0.3480271988948509,182344.55826630068,140279.97720532934,0.299861618878088,184376.0182177449,147896.9890987354,0.2466516008291168,180766.551174328,155117.20203109624,0.1653546402809005,174130.79462371336,150545.3995306745,0.1566663290048473,166651.25739644966,140572.16038594142,0.1855210657566048,156587.20772720344,136207.54508656132,0.1496221272301077,146827.6265979036,135405.74624631455,0.0843529958530098,136006.53094652365,125673.3419802272,0.0822226003023156,125889.22888236816,116678.80531402804,0.0789382745525313,116969.77866162513,107929.53926611716,0.0837605669122503,107151.769461689,99845.53287557291,0.0731753977939209,100890.5129131941,91870.72286136352,0.0981791562197873
4,27766.45207677656,8560.110127259504,2.243702670174164,31708.837001682565,10227.16233623597,2.1004530835825928,46803.72440699807,17065.743918396758,1.742554009412034,72358.41116098737,27235.26947985987,1.6567907181713577,98418.6898281818,38418.40694919939,1.561758741280468,119605.67942408792,47472.48823654435,1.519473570210196,141850.7256348853,52740.04483284421,1.6896208769725356,155511.13436051275,56367.782918073885,1.7588655488993754,165582.8845723326,57673.91899377284,1.871018433656484,165694.8062464017,58761.11239074821,1.819803769958752,163277.4928715884,56262.81200379792,1.9020499874867016,157176.5671488663,53799.2587994704,1.921537780561645,153773.65800942865,50006.02933134725,2.075102343969403,149735.15863512302,46749.452154857565,2.202928627679428,141843.56373482314,42751.54546009739,2.317858154793827,129525.50971301988,38949.44399384111,2.3254777586427453,121227.85484627412,35968.05543420691,2.370431161284913,110043.33138475491,32799.781889775244,2.355001925151795,104616.398807219,30460.94233435823,2.4344439400096163,95620.67331682968,27924.04128325621,2.424313563601757
0,21602.168473093538,20710.674459464302,0.0430451463748366,25430.508546509773,22367.587376900683,0.1369356970869468,40782.97721207057,29079.4200043373,0.4024687289494646,61308.96021669051,40448.37424481492,0.5157336076257677,83842.98331169177,49221.29955502149,0.7033882499987394,105340.38995324969,62291.607000845295,0.6910848029947312,120076.04703404097,71636.8179925031,0.6761778426089096,128891.83658956183,80127.95927593492,0.608575056126162,135926.55041369077,91045.59836707154,0.4929502672459926,137097.42065811163,99898.63405735344,0.3723653176218784,135092.49488313112,105184.4747716827,0.2843387313229246,128556.29989419792,107752.20087593744,0.1930735414139119,121569.758521561,104174.74100162588,0.1669792250279138,115618.63149611528,101979.07901826908,0.1337485355736811,109478.896134197,98637.46855335069,0.1099118594571642,100837.88021771908,93552.79594058824,0.0778713688231969,93505.50606777269,85759.9699423638,0.0903164510273777,86053.83986856237,79408.93315768953,0.0836795867497355,79710.57687457874,73900.2675321258,0.078623657755056,73123.71902822514,67435.77798726619,0.084346043164698
1,26154.44146247729,24381.886710789702,0.0726996549821217,31235.56405931655,27121.954798270424,0.1516708250434977,52189.62982200272,30471.15236900113,0.7127553690780728,76603.4481114475,39917.62874462776,0.9190380421020636,102329.16912871384,53363.42236595015,0.9175900755946924,127084.90778256045,64766.98663665076,0.9621865147983404,145668.9234451876,76300.2338561438,0.9091543509529904,155802.62332650064,88676.05350678386,0.7569864373202118,162849.18445063982,99020.5152211434,0.6446004556424219,166008.7898437109,107325.60354103729,0.546777137668137,162434.19976190611,114795.31402848846,0.4149898115318124,157374.2562094251,120075.61896167052,0.3106262334542764,147818.06008002337,123058.01692254952,0.2012062584517135,140782.93982156474,120412.89421631578,0.1691683082432615,131228.2895548269,116807.67546672624,0.1234560488467941,122916.7618812439,110579.84033020202,0.1115657385125774,112920.33827679067,103489.68151526316,0.0911265415396669,104284.76949791088,93789.83501329878,0.111898421434732,95888.54555160868,87437.15170321838,0.0966567835726883,87803.85267930875,80204.1751966753,0.0947541379734613
2,28192.320727559258,27230.90012672924,0.0353062365311351,33572.89394087188,28908.491869486654,0.1613505848884691,52084.68617621383,40240.127785872886,0.2943469377972307,81010.6001648203,49960.13917539991,0.6215046935799864,110071.80650037792,66475.1241401625,0.6558345384702404,137628.13913273232,79108.882917651,0.7397305341297435,158467.92059270572,93932.46409086738,0.6870410259802056,168001.21683115544,102540.89631050498,0.638382566136632,176264.56582158676,113043.8307068158,0.5592586054407229,179446.55810027357,122881.4075575986,0.4603231006786847,176847.69161482312,136127.05830528276,0.2991369520247695,170637.6443105663,142614.28061243775,0.196497598822404,162952.930338365,140403.86745027412,0.1606014371083968,152300.29413602268,132729.14996205762,0.1474517404772029,142442.5323819705,130090.09801783526,0.0949529176497485,132419.25064487563,123265.02514230848,0.0742645814739313,121981.79034805697,114164.1559640248,0.068477135559918,112061.02350793996,105873.36217433694,0.0584439863486538,104838.31259825134,97675.29151378245,0.0733350366654208,96949.75975337336,89961.54102167375,0.0776800691977475
3,28989.12843558621,27614.56904165924,0.0497766013242255,34145.1953950975,29165.387483005125,0.1707437597046892,55500.81121164162,40828.04473340214,0.3593796022819442,84886.69905978983,53513.40148934002,0.5862699192593732,114289.57829644116,67798.69953167927,0.6857193292186792,140488.55222473276,99586.6775709566,0.4107163292462803,162124.8454958649,128482.04169850762,0.2618482968717333,177433.64064010646,147817.70474106344,0.200354456530915,182405.65930826656,153582.39402070933,0.1876729782169606,184562.2868417129,157870.0353665759,0.1690773769268962,182039.6974348265,161301.27055142127,0.1285695197099767,175858.02891730366,158718.00568978663,0.1079904145281229,166866.20366369453,144086.44429603018,0.158097866034244,157671.45634730934,137995.52364632578,0.142583847512415,147276.29394899655,133625.97771707445,0.1021531626195009,136651.44357704488,125853.0578294912,0.0858015365997986,125781.24152603796,116969.67674696914,0.0753320435186817,117425.09773989946,107411.26317068798,0.0932289061092077,107785.23183730818,99071.796831537,0.0879507113471214,100027.41525038956,91963.05129796338,0.0876913481948025
4,28871.833576302222,8543.775131026861,2.379282943842199,34269.896099392085,10376.349907504107,2.30269279707003,49625.67642995322,18651.829332262925,1.6606332036350673,67480.71510072068,26216.681401691392,1.573960985632877,99664.27732902297,39275.685904892845,1.537556634156887,127377.24180146203,46994.35763504023,1.7104794748058485,146558.80117502765,54420.18640624711,1.6930962727868124,155027.31802839471,58219.57815035153,1.6628038703413148,161466.2936978626,59258.35186716284,1.7247854287242976,164576.72222672717,58489.19051027064,1.813797229726195,161609.1749733297,55833.921900632806,1.894462174105274,162589.6770398455,52996.77396122249,2.06791649542313,157078.0326590959,49163.158487820765,2.195035418605356,152441.91002447158,45998.62315665638,2.314053759941986,141587.97650545853,42078.67361872243,2.3648393432834003,133979.2453663385,38978.00968420837,2.437303403940071,122672.9703016589,35854.335069549146,2.4214264485368817,111277.31389420562,32855.81135900245,2.386838105390929,103422.3382820314,30043.934687465084,2.442369961121678,95863.69617865211,27287.80942531416,2.5130594282779617
0,22179.622264603888,21257.344129363908,0.043386329431718,25330.98696820189,23271.603659806147,0.0884933990154122,41604.63714742174,33115.86936266531,0.2563353445984608,63020.78224757658,53924.624217512726,0.1686828264833741,85405.78491576776,75839.83569438482,0.1261335699609276,107438.79365625976,97926.98785599516,0.0971316080328337,122950.99829585815,114072.3689047718,0.0778333042114545,133001.19482017422,125351.79365574452,0.0610234679643864,139483.68385117187,132806.92315441347,0.0502741915720417,140825.46334146964,134216.32451811177,0.0492424363957755,138120.11393593482,132264.63855059637,0.0442709060373571,132884.5348901127,126213.600360993,0.0528543240192789,126069.20760161862,117359.79604918696,0.0742112021801864,119305.27492195292,110133.62694580562,0.0832774533127875,110429.74762405024,103490.89900260902,0.0670479113459656,103817.62348972088,95497.4006115587,0.0871251240858919,96010.78405911777,88609.86917396577,0.0835224671263417,88151.13068953609,81380.0815056997,0.0832027820390197,81165.48990129489,74982.86864660651,0.0824537839946748,74861.29030692572,69422.51248286822,0.0783431430171828
1,26807.13599190849,24602.29013377202,0.0896195372929871,31360.99366040461,27061.197211263607,0.1588915824962582,50665.5828126471,41844.9829137417,0.21079229299933,75981.08271988948,64152.58271397013,0.1843807295905413,100944.38564670629,91159.61078676154,0.1073367336202548,127597.11941032347,111696.73219959652,0.1423531995753804,146692.96060752863,133274.04947764502,0.1006866016488412,159471.78990744485,146916.92306012256,0.0854555526063154,167081.99424286815,154445.76633416055,0.0818166027378679,168112.704557458,156684.99497869497,0.0729342945718376,166115.67064462957,153486.88935489944,0.0822792183932354,157177.67500086973,147232.09765266004,0.0675503338387029,152112.38970400655,137545.48927055765,0.1059060570484808,142958.73730846634,128599.66281221522,0.1116571706507398,133547.84771887655,120822.67505214506,0.1053210637923678,123509.85527718117,111331.83297166896,0.1093849079859414,114541.05771324552,102973.70814842246,0.112333038916597,107410.0456546782,94818.89635936626,0.1327915613739176,97926.98785599516,87847.15732220786,0.1147428197000872,90501.35296534577,81243.14211226336,0.1139568289996615
2,27996.357512719595,27209.071881769367,0.0289346742281835,33058.5816317642,28823.56051586604,0.1469291454665007,50005.593304306254,41836.85816946026,0.1952521172062806,77360.06035069574,62366.78657612167,0.2404047827007098,109486.17220968216,77348.65187743539,0.4154890816089598,131152.52181588934,106789.92672516491,0.2281357037862204,154590.43168505188,129285.57731510598,0.1957283627103332,166222.55144554822,147735.00252609327,0.1251399370720531,175221.91310998023,157027.38406625763,0.1158685101449912,177904.30388376792,162689.81039839686,0.0935184167226799,174646.6070877232,163079.94656003668,0.0709263203212318,166704.96919268457,155802.62332650064,0.0699753677660286,159825.05592728383,144261.06193188144,0.1078876987800876,152441.91002447158,134929.03112477873,0.1297932606030307,143565.32934950572,128186.10169325992,0.1199757809395527,132574.08766478984,122188.56308386772,0.0849958811103599,122119.6112474775,113169.47887814892,0.0790860968703877,113539.9089266846,104949.706177598,0.081850660301517,105060.8915004402,96974.68440209952,0.0833847219838501,96355.29795105898,89205.16084578293,0.0801538502647525
3,29396.290695834843,27708.253207769223,0.060921829875306,33241.38490459108,28748.28221942516,0.1562911707514105,50025.4193342384,42387.36357851932,0.1801965281839286,81204.27707317873,65859.73656105375,0.2329881853976165,108539.53310317306,90683.23379957271,0.1969084973642005,134546.0238214482,117425.9189850776,0.1457949402000953,155025.2022306396,138653.983353151,0.1180724742381991,172597.81221772044,150384.80559225328,0.1477077856235988,181978.65518824628,162553.05156565635,0.119503161801572,184562.2868417129,168606.2606264422,0.0946348383268063,181856.9797437908,170470.83558614654,0.0667923291306351,174073.6795533615,159927.15915332723,0.0884560225725734,167027.686141864,146424.9135786483,0.1407053762893255,158368.0486675924,138406.57280026976,0.1442234675959244,148820.24766947632,130051.7630804125,0.1443154951883201,139483.36518540196,123790.4662701132,0.1267698506042183,127560.6229324448,115682.68916656933,0.1026768469115777,118739.82572057836,107669.2131429788,0.1028205951769927,109597.09832369376,98688.47093256692,0.1105359854909557,101101.334421071,91732.47430830367,0.102132425658546
4,28870.68908424363,8578.532144493796,2.3654579359214183,32628.42149220711,10761.17520142012,2.032050020698598,45402.73902859855,18264.703833099426,1.4858185187935753,67577.50496574087,28659.32745270055,1.3579585067818152,95619.25365062196,38865.02219210316,1.460290725629651,123649.9913333284,46751.55707979215,1.644831510580313,139483.36518540196,53711.69608927023,1.5968899763205575,153486.88935489944,57146.20472159445,1.685863218785196,163787.8380689453,58305.26438728639,1.8091432187152496,160758.46475751797,58158.58607908672,1.7641398389381615,157112.56060806563,55753.73350547276,1.817973806052711,159471.60774684825,52858.58337827947,2.016948195633596,156487.4417261301,49768.51851851851,2.144305805845964,150846.80990991255,46113.79993778553,2.2711858513813143,144523.55435323116,42464.782842585984,2.4033743888193184,134018.98264259275,39476.082087052695,2.394941330475856,123206.80204299804,36050.55760985048,2.417611549213123,117301.20482104778,33354.441435933266,2.5168091495808214,110043.01299791884,30588.02045288532,2.5975853085170364,99586.6775709566,28009.96700966416,2.555401458937693
0,22073.13948791726,21213.17921554789,0.0405389622946787,26488.71749158232,22540.580686420675,0.1751568364669573,42800.16338069273,34647.44486497383,0.2353050433442129,63873.79437912411,55524.00915780092,0.1503815259015761,88985.2147526737,80627.3439615782,0.1036605000293489,108949.1095630026,100523.01107787628,0.0838225834540364,125817.14970892848,113788.95887148584,0.1057061331497666,132884.5025563351,125065.25369734236,0.0625213528764376,138406.53790377182,132729.14996205762,0.0427742356772204,141163.48954731054,134373.3339720236,0.050532016841233,137954.59584932623,132188.24518336082,0.0436222650354938,133352.1471792037,126177.54620189544,0.056861154724219,127817.65672012838,119538.75812512392,0.0692570236202283,119338.3123885054,112213.9356128429,0.0634892336388843,111483.19883806795,104949.51874681914,0.0622554554729375,103900.47682101664,96652.72571721765,0.0749875500149284,95716.92527025136,89671.09850125322,0.06742224496016,87717.33321385938,82380.0710246572,0.0647882688472638,81710.87920973552,76158.16987887195,0.0729102253861277,75436.42333353334,69907.58254096753,0.0790878555888523
1,25330.954206859387,24167.80110392284,0.0481282139792085,31769.806949331403,26304.14474654604,0.2077871094251431,49960.15316013385,36869.735443061305,0.355045067716538,74138.90305780021,62023.18795495277,0.1953417020687011,98382.6803115349,90320.86923207388,0.0892574567539501,121706.89200061269,112612.9514549762,0.0807539490630644,141078.7662969979,127964.78170439388,0.1024812016082525,152017.85373472184,141163.45333593825,0.076892426065495,158268.2666394522,150986.68598799407,0.048226640672391,161508.0948708448,153535.1505062937,0.0519291142012738,157721.97085721613,150846.80990991255,0.0455771053521749,151876.86159235224,142829.51057373892,0.0633437094496127,144742.8278074168,135485.62686258124,0.068326073836783,136530.2042704297,126143.25196817172,0.082342512502205,127964.78170439388,118905.65109747004,0.0761875531003806,119471.88988975696,109302.07643300628,0.0930431862653955,109537.96341765644,102487.065237207,0.0687979323452192,101578.17998110125,93552.81277365037,0.0857843497113031,93552.79594058824,86560.93638847211,0.0807738437664045,86773.52247213619,79748.3949332741,0.0880911464705973
2,27204.700680643364,26974.712241416044,0.0085260757248859,31716.297054080227,28082.847762582576,0.1293832207550844,50726.31089044089,41481.50484672535,0.2228657344490081,77796.3780889489,65787.45365859212,0.1825412561592336,103189.99218955146,94963.62877629312,0.0866264644608016,130429.520358254,118940.52985991808,0.0965944116094577,152773.8136297388,138695.3643026324,0.1015062716615915,161147.66756153858,154590.3457817792,0.0424174080638626,168928.1215158872,163787.8380689453,0.0313837920296509,172258.7468219004,168818.6931684429,0.0203772081686777,169917.56034217402,166651.25739644966,0.0195996297702938,163578.53875553273,155997.8483055406,0.0485948398156392,156782.25172504148,143521.0966147932,0.0923986467706616,147456.48886492982,136530.17025535487,0.0800286016573426,138077.5873779813,129938.93285995252,0.0626344571168717,127854.33272029036,122430.48927402197,0.0443014111797661,119975.02478939992,113353.45910805052,0.0584152061476801,110340.25107007784,104727.2727272727,0.0535961473705353,102057.84823980516,97199.00675368845,0.0499885919454863,93694.91813374676,89426.30250562694,0.0477333346959214
3,28454.523657817124,27340.423780535573,0.0407491810011633,33794.455994216056,29027.137329138022,0.1642366111071003,53062.39797177944,43332.97311944621,0.2245270553099214,80586.7797837877,68418.85396980752,0.1778446306532664,108364.6758273439,94746.48707082878,0.1437329148291768,137996.3912112452,118221.0943232007,0.1672738439891403,159673.84552282124,142530.71097922983,0.1202767770244939,171697.15260347558,160078.5978018898,0.0725803134280618,177904.30388376792,169203.6771585168,0.0514210262528751,179267.64433869807,173902.44152009074,0.0308517969713926,177668.77690209448,170859.6766406338,0.0398520025048516,171697.15260347558,162020.96019909304,0.0597218556938086,163893.39850839498,149827.3490517506,0.09388172149923,153725.8207742617,143088.2234793762,0.0743429265960429,142958.73730846634,133235.06563196005,0.0729813253769569,134413.83274482645,125249.56858359644,0.0731680297574313,123614.97149413146,114794.20689567189,0.0768398060929689,114761.7514207084,106127.3051754908,0.0813593281289841,106155.58005433068,98078.554372336,0.0823526175898947,98866.89461659944,90208.8390625206,0.0959779068665127
4,28922.309798713548,8605.224293830166,2.361017541338285,31996.698266829266,10386.533499412875,2.080594528351346,43768.529380006505,18372.547051217764,1.3822788020622023,68755.77379744092,27083.1185426141,1.5386948585428497,98103.8062283737,39183.84642854509,1.5036798367223572,125565.67566019362,47804.86917347687,1.6266294172782731,139121.32955714082,54743.11707611708,1.5413483372475998,151521.58982730634,58476.91410020527,1.5911351882840623,159414.54911230912,59534.62833436498,1.677677741044883,161231.5713094576,58872.04921382294,1.7386777505207176,159069.22726601147,56192.99756222979,1.8307660058507016,157190.92553362052,53050.81190976399,1.963025821376536,158168.57440166493,49985.77804042908,2.164271530868967,148635.316755477,45892.66076806417,2.2387600602776443,141378.11163451622,41635.53365700785,2.3956118540279663,131866.93247213197,39190.22312734855,2.3647915717047754,120132.24500961228,35565.71152404871,2.3777545805144835,111090.26083693004,32378.107766576955,2.431030053942976,105340.05443782677,30153.715546256422,2.493435304058398,95352.63863060458,27712.72225128808,2.440753231168859
0,21608.54075999784,21106.417144950712,0.0237900924443374,27017.9090058078,22595.2688209062,0.1957330191535304,42831.6478286734,36726.01334568647,0.166248223718626,62776.09066499515,55182.26620816642,0.1376134939471716,85052.06959468739,78624.6714933167,0.0817478531775746,108890.5351258328,102218.50694601516,0.0652722132142014,121501.27394772891,115746.34749671468,0.0497201559744906,129525.50971301988,125637.4337973367,0.0309467950607376,136691.8907194867,132496.60484017138,0.0316633462749933,138159.72059200428,134452.87832469883,0.0275698245622793,135325.89915916865,130656.95490771036,0.0357343721561258,131037.18293457218,124496.24899249796,0.0525392049560333,124072.09630420736,119171.80288572315,0.0411195710715497,116581.39191505476,111271.37033565305,0.0477213641153508,108831.84920455336,104064.5070932596,0.0458114129827318,100785.30555510789,95595.38759576443,0.0542904641099379,92753.1352579749,89204.99124936061,0.0397751735516225,85384.16800573481,81554.85851208356,0.0469537874691288,79635.21617561724,76087.25904671696,0.0466301082908224,72956.35827871766,69219.71443636852,0.053982364313047
1,25534.59219772261,24193.95892223504,0.055411901780799,29189.478138220584,26137.939374420952,0.1167474880129961,48283.31455221661,39750.26806844786,0.2146663883895145,71898.05105069166,63048.05169868906,0.140369117102894,101605.17128365388,89094.08136829926,0.1404256009289324,124283.915867762,111392.34208742484,0.1157312391386775,143304.3805757597,128482.04169850762,0.1153650633295022,154157.20740279043,144611.20309542032,0.0660115129605225,161301.27055142127,152536.5297138873,0.0574599465057581,162797.07463584995,154928.4142757588,0.050789007277165,160179.60163938705,152158.67824757376,0.0527142025955473,153773.65800942865,145095.40009730725,0.0598107032083814,145846.281598519,137872.77468760047,0.0578323525364985,138159.72059200428,127670.65173995656,0.0821572437290614,127817.56652321102,118906.17650566336,0.0749447192688363,120142.96677048576,107846.77951418144,0.1140153402048267,110369.9765840571,101206.98788455292,0.0905371149861353,101206.98788455292,92683.37399526722,0.0919648640512478,93932.61672626864,85344.60280255777,0.100627498889168,86753.5000063435,79465.74671592351,0.0917093665082198
2,27287.78152168199,26901.48734493095,0.0143595843530128,30947.718392651303,27937.5151475092,0.1077477087438996,51091.80795194913,40618.48770583917,0.2578461394712228,79861.99975784917,66121.2972643743,0.2078105400523995,105228.5985885071,90754.2709173119,0.1594892176962457,131802.43489444628,115618.63149611528,0.1399757391080587,153535.9137372782,136530.17025535487,0.1245566708817338,164420.4021313687,153011.01451409436,0.0745657928842984,172146.27042421518,164418.03844415568,0.0470035529750245,174474.29180880246,167297.33744240084,0.042899393834481,170692.86778919998,164734.4394945352,0.0361699005559941,164892.9787376735,154542.12401495426,0.0669775621934485,156536.6206575287,142099.80867346938,0.1015962802401346,147998.84532488507,131266.09394247082,0.1274719988982655,138159.72059200428,127305.14309306435,0.0852642496226947,128259.99584777949,120277.82313903948,0.0663644593859393,118839.44166741964,111211.162869239,0.068592743762152,110012.33191590077,103189.99218955146,0.0661143545181903,101074.95021227218,95814.73736774756,0.0548998305379195,94123.1112083282,88281.99308506696,0.0661643209349933
3,28941.85014490809,27108.920611332265,0.0676135195441758,33608.85238602785,28155.595591972728,0.1936828782840547,54085.4745336864,42025.99320784817,0.2869529166436493,78870.02275713201,64071.34852739949,0.2309717926945773,107900.33147183798,95134.10465738612,0.1341919058410008,135167.0067283874,118181.34998637043,0.1437253572071726,158868.3094008165,140740.74074074073,0.1288011457426436,170359.97447475843,155510.43941620432,0.0954889916992078,179327.24437513918,166063.1886897179,0.0798735456670327,181613.8037605438,170138.56159864264,0.0674464510224983,179566.04258983006,166222.55144554822,0.0802748545744285,171473.24865994797,156585.62368945417,0.095076576123102,163945.17187536554,147727.27272727274,0.1097827019255512,155219.08059836505,142185.3701959878,0.0916670286430427,145713.2437561152,131266.09394247082,0.1100600267726108,136370.38496959925,122811.87268513416,0.1104006639425365,125925.04925473924,114415.22019697091,0.1005970100652136,115938.69738000404,105845.1933932802,0.0953610047196023,106240.44725599102,97449.22965936192,0.0902133103294831,98433.68201663403,89872.03837373416,0.0952648209368096
4,24869.938382650977,8341.637414159195,1.9814216499552528,29136.694198286423,10101.801549293476,1.8843067304489125,46746.34052478449,17098.94323867973,1.7338730746259814,75593.53377521064,26991.97999028421,1.8005923908664947,104616.398807219,38335.45560731948,1.72897236122177,125565.67566019362,46016.26728744386,1.7287236245356188,146436.7050429773,52580.46944463908,1.7850018569567463,159725.87826512606,56543.39538637058,1.8248370507942109,165891.40285445997,57277.38112507504,1.8962812125122737,166882.58130609064,56684.54877869012,1.9440576824142968,157547.33206403162,54462.22727120852,1.892781657266505,150423.99678328837,51667.81938325401,1.911367241328596,142748.2032563411,48529.77203857324,1.941456290849246,131610.9165700549,45057.15255771842,1.920977227787768,122996.45343918123,41312.99495664434,1.9771855942242649,112674.23432238886,38177.58156254825,1.951319326966508,104542.1455693015,34809.42415683934,2.0032713295764504,95716.92527025136,31759.09098470791,2.0138433532729043,86264.6224622533,29295.03636297216,1.9446839182384013,82300.9335314806,26931.606667773507,2.055923641940096
0,21371.490854481253,20729.0090974176,0.0309943304112734,25350.8236858848,23077.16858333231,0.0985240062853576,43604.50238678814,32478.18928484795,0.3425779991722306,63212.01212938947,47428.48343004917,0.3327858611085246,83096.99218082897,62682.82044288237,0.3256741096477673,103982.08308035598,80588.37372350729,0.2902864057923635,121023.38317807188,95988.03952788044,0.2608173244638436,130051.7630804125,107782.0814723358,0.2066176613391215,134378.91369314934,115461.57047465788,0.1638410350796635,136288.4047168187,117432.78207542333,0.1605652383274463,133352.1146320826,119732.43088107792,0.1137510000488688,128259.99584777949,114415.22019697091,0.1210046672721876,121981.79034805697,110497.83669411212,0.1039292170554933,114730.1816441933,107905.94466253236,0.0632424562242908,108132.1514322154,100523.01107787628,0.0756955076529117,99845.5518625674,92753.20153117718,0.0764647496184405,92799.90754112929,85592.65322553983,0.0842041231809704,85467.83280382628,79919.26807525683,0.0694271214213897,78884.995010596,72806.23058711668,0.0834923656184307,72556.96571137372,67841.73271701197,0.0695034281336886
1,26047.02023304228,24242.63733808062,0.0744301401616607,31662.78957720672,26084.142464255165,0.213871210088518,49027.861185138245,38490.76228818025,0.273756565746003,72408.42300079227,63102.63965296225,0.1474705875856838,100105.64279022324,86264.6224622533,0.160448396259154,125639.79207945772,109423.63196003932,0.1481961421764945,140994.1515993195,124001.6036252198,0.1370349050118551,154638.56754860413,138324.1957772425,0.1179430083051724,160892.2811172595,149735.15863512302,0.0745123762771329,162641.455576568,153391.46944243644,0.0603031326823739,160332.46238985832,151594.46331677865,0.0576406214442037,155413.21865161668,144392.23258004774,0.0763267239147311,149000.57993954298,136853.91807498326,0.0887564056288434,140994.2961191635,128630.6495592143,0.0961174230427692,132729.14996205762,119639.32607342498,0.109410712332157,123756.52220481112,109834.08982192968,0.1267587540940469,114321.0253870411,101260.0484004003,0.1289845027033305,104478.04444236468,94266.45392082162,0.108326876601513,96453.95854762803,86816.05716615636,0.1110151934569638,90185.88531821044,80548.40458465286,0.1196483131261649
2,27905.903237961145,27048.201591470883,0.031710117346978,31609.46259594463,28352.89115509548,0.1148585314645733,50005.593304306254,41581.52008583589,0.2025917571334747,77767.01121043091,67871.93854065807,0.1457903351890455,107323.84511079028,95814.75496066832,0.1201181399967716,132923.45389086826,125529.82567488044,0.0588993745210573,152915.63771741273,141460.65605236508,0.0809764494574893,165104.78507164022,157374.2562094251,0.0491219405791996,173731.25720876583,167676.10702025914,0.0361121825650156,175510.734227412,170859.98782944158,0.0272196343746258,174130.90213426025,168273.07001322616,0.0348114652010191,167567.6370113819,158069.37494736607,0.0600891986014278,159572.6579985281,145757.5640670428,0.0947813173190166,151173.26968065227,137674.7336234373,0.0980465747196261,140740.7767489759,132264.63855059637,0.0640846887820065,131342.5239226528,122672.9703016589,0.0706720771468647,120345.33181098892,112983.21904146744,0.0651611171285482,111786.84022295632,104009.54409741632,0.0747748314160066,102864.74198256858,95937.73388690664,0.0722031656889836,95425.18635996092,88939.6023614596,0.0729212164918755
3,29041.452756088074,27472.6229692448,0.0571052057388026,34275.46708911981,29165.387483005125,0.1752104136827383,51503.00965118704,42743.75746997625,0.2049247118099852,78884.88432179276,52435.32643910224,0.5044224891668927,111665.2153990534,66296.4935812594,0.6843306390282269,135525.5671522034,82644.72898412931,0.63985736075472,157572.30062140417,98137.79367946634,0.6056230195683876,171026.69295114282,114179.35272964514,0.4978775834900844,178495.27891312458,128153.1728429124,0.3928276214582726,182283.6330919405,135405.71275421607,0.3462034162680836,177375.2184691886,142571.3896957924,0.2441150980407631,171026.74491163465,148361.95825533225,0.1527668340511934,164418.03844415568,145226.870911284,0.1321461201528961,155073.89861533174,133748.29346940684,0.1594458111781653,148452.9449307548,127854.513211238,0.1611083660807859,138488.98475875845,118015.76285621552,0.1734787066324898,127450.47450747642,108917.76845169385,0.1701531928098769,117686.30503463476,101544.6274029552,0.1589614147445264,107784.68477812856,92858.9409177196,0.1607356675932192,100105.35661070248,87151.21996425826,0.1486397626075328
4,28619.248433853827,8557.044954150522,2.344524726374413,30885.72262934556,9626.728627279732,2.2083300387031968,50444.26651525741,15929.852097285571,2.166650023313968,77377.69018559599,26296.64336382663,1.942493044265713,106808.72086120992,38335.45560731948,1.7861602051970054,135805.78697482753,47098.16033148429,1.8834626664609604,151219.97729522898,53062.236317152936,1.8498606125717605,168055.52711860937,56543.39538637058,1.9721513179436347,176789.60050637275,57709.60670974464,2.063434505723649,177612.25285381908,57480.93087853991,2.089933481229152,174991.34616120622,55976.092500024,2.1261800948526584,168164.2482342062,53050.90766900231,2.1698656181987386,160179.60163938705,49946.17978030537,2.2070441091582462,147908.21571898082,46587.15017002369,2.1748715081128047,137667.96199721962,43049.164548626286,2.19792412792858,125064.9938942404,39327.7642150836,2.1800687476221574,117819.36078938765,36076.39423697185,2.265829728311481,107960.12373298194,32855.81135900245,2.285876052590648,100001.3014547165,30803.153723416115,2.2464630846774933,93128.24394463663,27928.47709236932,2.334526391705095
0,22069.825429216697,21150.29270952905,0.0434761226388773,26888.592035412246,23417.89016627016,0.1482072827440745,43220.41758987677,33874.948037317154,0.2758814431911307,64799.52409280191,56590.35674749104,0.1450630075003869,87200.72001470586,79598.28580550346,0.0955100242708588,108597.90747439326,95696.71103307632,0.1348133734382763,124072.55135145831,116388.03485330216,0.06602496990212,135845.89528129602,124463.97837222632,0.0914474778801504,140319.9717890757,132187.95702881418,0.0615185750884168,141502.96291059305,134412.90780085966,0.0527483202746994,138241.9581846234,129525.50971301988,0.0672952261752601,132303.33163917702,124108.56622101789,0.066029007244879,125565.67566019362,117099.51212226198,0.0722988796835655,116775.3057324642,110640.00199528516,0.0554528527344071,110549.63352900597,102487.065237207,0.0786691303252569,103353.1717230367,96256.63735448994,0.0737251431546683,95379.61247362956,88412.87064710699,0.0787978240671516,87847.29221607507,81146.36833915018,0.0825782350347272,81398.6024965752,75034.7334377721,0.0848123098095736,75558.48440597186,69127.42701170157,0.0930319219487465
1,25623.10789786,24268.91509413976,0.0557994784054951,30203.792475259444,26404.57514892858,0.143884811813949,48207.827581570746,34199.92620396832,0.4095886433806703,70318.52606353023,45887.59909764305,0.5324080458840577,96825.47813545851,58165.4380650713,0.6646565616360895,119807.7214034472,73354.07027906386,0.6332798023021469,136368.75585167093,85013.06918278974,0.6040916668760592,151220.6366133456,99483.400246802,0.5200589871093266,157572.34514560428,110430.5716989897,0.4268906039453735,159774.48504397337,118521.44679571164,0.348063910486742,156488.5404527046,125932.53465818614,0.2426379003444618,152441.91002447158,128040.42512475766,0.1905764126910547,144261.06193188144,129675.58949017095,0.1124766233880587,137545.83417743063,126250.0951421456,0.0894711328539363,128482.04169850762,117719.03313757558,0.0914296377914822,119941.08381498272,109686.56914256651,0.093489246245707,110669.29006327948,101154.62796808474,0.0940605712889055,101790.87417396692,92776.5545515749,0.0971616122840706,95961.71949102782,86138.06614611391,0.1140454364072938,87350.96063354072,78996.7726429057,0.105753535380477
2,27910.41259495344,27069.86584736999,0.0310510126767071,33775.88150935866,28757.69197435968,0.1744990362743017,52804.06663452564,38589.44147792556,0.3683552964800312,78698.89545322418,49783.3330014973,0.5808281749809157,105508.05514285796,63673.6996364525,0.6570115407972263,130922.94801683266,79176.53781584847,0.6535573748038563,150660.71879471425,93790.66370164264,0.6063509186157467,162745.15431778488,105901.53095539368,0.5367592219826742,171361.45340311222,116488.86370723545,0.4710543819346096,174073.8407193019,127903.16875794352,0.3609814550313157,172427.75106728062,136450.6352975339,0.2636639667620288,165476.29832417995,142099.80867346938,0.164507537828058,159875.62681059432,140616.30056933797,0.1369636817586419,150289.51791625825,131956.53450624313,0.1389319860408107,141249.9891651931,124076.822514494,0.1384075309366745,130885.01640309978,110669.29006327948,0.1826678957483252,121706.89200061269,102540.97610152424,0.186909825006079,112550.9093028846,92287.22986453296,0.2195718678315124,103544.25723273453,85931.40093903852,0.2049641469966365,95912.84884448568,81331.94060184085,0.1792765318858604
3,29060.36183384304,27793.36966380904,0.0455861302663063,34145.1953950975,30014.08680017272,0.1376389900658585,56251.97985119515,39147.58606681722,0.436920778593707,85928.88248935902,53201.35913299192,0.615163294504476,113384.4939440504,77110.53839223053,0.4704150211908615,141843.56373482314,103470.71554043132,0.3708570873794485,161301.27055142127,126200.90190206186,0.2781308859155305,177316.23967135663,138388.10472909297,0.2812968283543513,181371.151757822,156114.25024587556,0.1617847279935531,185435.18886909992,163826.06885489816,0.1319028172087868,182222.47347692537,162936.80310801396,0.118362886720728,175568.44378655145,156194.99938684242,0.124033704508859,167946.9065437015,142872.51210328133,0.1755018797618264,157969.45887145432,134610.71142412935,0.173528147947503,147908.21571898082,132808.37659133947,0.1136964362880859,137831.60432067112,124391.22550228666,0.1080492515779369,126285.88480217224,114824.9155763796,0.0998125639218867,117948.43963715673,103357.7224509454,0.1411671700983563,108773.2970463615,97240.79632416349,0.1185973496530521,100601.83413545835,85591.00649027296,0.1753785620793151
4,29149.263004858265,8606.258413180196,2.386984401980906,33002.11213093063,10633.157145219184,2.103698335331087,47529.60254901284,17569.585197629214,1.705220528224328,76514.04175226277,28515.101860697752,1.6832813758144685,102947.35552621332,40492.80859310916,1.542361448934721,128150.09119620363,49552.635401448686,1.5861407805659744,148858.63943156257,54831.66303832032,1.7148299209442075,159120.65860262662,58465.32213807412,1.7216245935811436,165434.69240568823,59446.67597219422,1.7829090474809588,166758.6809889195,58661.66013571449,1.8427201105990043,166436.70697724752,56274.42220087181,1.9575906862828536,162435.37844159067,53657.08645551407,2.0272865929137303,150857.31046218303,50194.44273828309,2.0054584179520094,145892.8360431558,46247.03041694235,2.154642248980137,140026.26479948102,43529.17161555019,2.216837343843653,133745.67530193052,39794.15473379743,2.36093771049092,123090.34760615996,36383.05644344367,2.3831777656585857,114663.10751767442,32743.880233774977,2.501817948851419,105284.1381367105,29994.21012891628,2.5101487148418045,97424.21464682868,28100.86465731757,2.466947221549606
0,22239.878045324927,21320.65503415191,0.0431142012147649,26888.73895777044,23967.41355260745,0.1218873867533016,42259.31148932087,31020.30877382436,0.3623111168055244,62863.00318050665,38171.25418930576,0.6468676368019011,84804.18275225729,48893.07311036775,0.7344825628126577,105732.64516762432,61704.33964153923,0.7135366131759937,120751.51421627252,75472.05167901324,0.5999500680044489,132341.89644957992,88172.99384342504,0.500934590976787,138653.983353151,96651.84968018018,0.4345714418498496,140194.62834513292,105458.8207072798,0.3293779259514828,136127.05830528276,112522.81610376608,0.2097729422248848,132071.9738840267,115522.98164055609,0.1432528143617517,125494.00474180627,116194.9302223378,0.0800299505466788,119071.81805762398,111756.37549263918,0.0654588387708281,112061.39988982108,103271.66280483577,0.0851127680745904,105312.7250696799,95668.08946043666,0.1008135070287126,96701.41176979712,87934.23195169773,0.0997015567602297,88238.25132216612,80606.13371826582,0.0946840798812662,81126.72864722148,75139.06848979653,0.0796877081093712,75769.45239085691,69640.98934342462,0.0880008039117687
1,25923.795602789032,24298.977307314926,0.0668677646357147,31115.458071056804,26523.023839225247,0.1731489689738825,47544.90050862347,38376.65081115911,0.2389017671859585,72066.59243714783,52527.40740740741,0.3719807619323889,99354.5204324648,72561.99898155394,0.3692362645318219,125390.37073485018,93393.38188396172,0.3426044566053263,139659.173688281,106449.4373468436,0.31197662636046,152963.9786359223,120374.57585470198,0.2707332719540156,160281.15609959664,129785.71479670083,0.2349676260647368,162589.86596820623,135376.6458338539,0.2010185727880333,159875.62681059432,137974.55669841275,0.1587326724307098,153677.98353909465,138147.95661508228,0.1124159003472142,147636.9195868728,134927.83336243388,0.0941917312960969,138241.9581846234,126939.21668252011,0.0890405801886413,131228.1000537843,119605.70598359502,0.0971725719488949,120989.4131754087,110939.70651584335,0.0905871033481608,113044.42843803938,101950.9402386929,0.1088120244244321,103489.43801953018,93293.3640448251,0.1092904525321449,95868.78547294898,86645.91812562686,0.1064431833239967,88896.50518003963,80223.40039920014,0.1081119067214952
2,27757.48721694667,27091.55395632292,0.0245808439669932,34791.161517092,29184.53719295307,0.192109413525074,53908.97463553512,36982.89524933545,0.4576731830238145,81399.90523846445,49680.34358558156,0.6384730733240875,107669.2131429788,62559.6902064449,0.721063719907723,135485.62686258124,76969.81342540287,0.7602436699926571,155316.0846527114,92519.83624076976,0.6787328097784706,167513.62706248788,101790.8938520774,0.6456641721401799,174302.4085778086,113822.82637455332,0.5313484485461373,176964.87000313163,121673.39017282212,0.4544254068352562,174073.62583141564,128186.37374474456,0.3579729322716125,168709.41686470446,133868.23155283497,0.2602647760990135,160281.11012308663,135801.26111348963,0.1802623098554225,150847.17905721744,133508.50531802364,0.1298694318979323,140403.86745027412,127304.06884005918,0.1029016490169933,131189.72716357163,119413.65335760996,0.0986158071112326,122188.56308386772,113167.53827099218,0.0797138910212369,112000.0,104533.39858986255,0.0714279025733457,103516.73590975867,96701.41176979712,0.0704780211087898,97574.57682991472,89470.73466355613,0.0905753394876227
3,28064.45565328704,26421.362693767693,0.0621880475493765,33515.22098231663,27921.42416787964,0.2003406696164158,55765.30416758311,41208.4444464182,0.3532494350785953,80147.15886697927,66325.66748599349,0.208388274176126,109037.18324850264,96850.31291679488,0.125832018138936,137749.74857221692,120450.25434417011,0.143623559138496,154445.8092102456,138077.62211916503,0.1185433732118761,167297.28759902876,154928.4142757588,0.0798360544841985,175165.834203237,164102.5056817858,0.067417182178219,177198.89440006058,167838.38638693478,0.0557709604735241,174187.9634160111,164523.45712556806,0.0587424216539946,167297.28759902876,154253.99253991674,0.0845572606863758,159069.0459704459,141588.3042492362,0.1234617634125949,150800.34863180935,134137.5059639374,0.1242220999125458,140952.09703833947,126688.412425909,0.1125887075171321,130732.88123249388,118079.81725342647,0.1071568729811887,121638.270445559,110193.696399145,0.103858699911103,112305.58849375237,101790.87417396692,0.103297219963109,103735.34274243236,94578.81075887717,0.0968137779496847,96453.95854762803,88064.2662363351,0.095267838702906
4,27199.80369901775,8547.85716293121,2.1820610921030483,30914.333793052312,10831.256827664238,1.854177893196444,49827.64259256894,19276.78252778808,1.584852659967547,78220.9078409026,29974.35097047025,1.609594713759216,104832.48241351984,40618.30547356513,1.5809171798598554,130005.79822218911,47721.074930402174,1.7242847821804812,153031.0275064616,54107.25111910238,1.82829055886808,163424.72617594557,57697.75038090622,1.8324280426369504,172971.905041899,59133.346369884384,1.925116125847914,177810.41099749564,58464.60916037031,2.0413341259112148,169593.01585674164,55695.70456506293,2.044992736533667,161262.7029796184,53125.78278601928,2.0354885052546785,153391.46944243644,49906.624492865805,2.073569310710723,141760.63092478557,45910.36502457049,2.08776963217168,131037.30892502858,42227.8204703392,2.103103770583404,122527.21456466672,39076.66710195657,2.135559495004419,114036.1474249969,35360.631267830875,2.2249465955869576,105065.58660421114,32721.76147359712,2.210878078461258,95846.609576781,30572.735599194195,2.135035439200516,89125.76219202565,27775.543499593,2.208785534415614
0,21973.90648274944,21156.57047112712,0.0386327270167796,25549.231007635462,22290.145055094064,0.1462119669695278,42944.65386468175,32246.70305737845,0.331753320277977,63901.57659159179,53898.06402997098,0.1856005914434733,85551.59860232836,77924.39766456821,0.0978794981591264,106495.90271809103,95181.4626873726,0.1188723067629373,122950.99829585815,111090.46915258798,0.1067645967628347,131495.573762474,124709.09731834456,0.0544184553497779,137260.06403419017,131342.5239226528,0.045054259159982,138861.09935755195,133430.27739220482,0.0407015714235816,137138.24442927763,130240.45487775968,0.0529619583868317,132884.5025563351,123160.1062965952,0.078957355203328,127158.16988090912,115173.1935943728,0.1040604667848845,118706.7078362384,107324.38783306454,0.1060552986417053,110190.96049326607,103680.64527702212,0.0627920013310987,103135.67979445188,94987.79403406168,0.0857782396490696,95668.07191727508,88456.58228374277,0.0815257547527661,88172.90329888492,80759.8139417732,0.0917918082681128,81010.6001648203,74516.47676063656,0.0871501671374546,74378.61444241626,69813.31260242965,0.0653929984097005
1,25607.085461193827,24145.409283511464,0.0605364009580289,29639.43974904136,25977.193652944406,0.1409792814814638,52211.02560513833,34502.05761316873,0.5132728079733557,73732.30545557101,43578.41107994413,0.6919457049572064,99897.41771254165,59092.56321256177,0.6905243618084529,124213.3663685054,72689.75733396168,0.7088152571183666,141375.56966665352,81387.60842266423,0.7370650447480687,152583.90243421216,93361.91413841922,0.6343270576906754,160333.8425194525,102864.7219178552,0.5586863944228664,162590.1493611715,112735.39776802826,0.4422280187073775,159270.14513120646,118673.58995189842,0.3420858440008674,151923.2355027118,123090.34760615996,0.2342416644138951,144962.556705799,125350.749999792,0.1564554396845616,137261.7475200789,119439.01208342724,0.1492203855822469,128038.97729336534,114856.50995553569,0.1147733580180434,118972.12312189164,109419.85135394914,0.0872992573993085,109774.86463192129,99897.41771254165,0.0988758983520707,101259.87300573105,92101.7886588853,0.0994343810277591,93932.61672626864,85550.89913351706,0.0979734599828161,86645.85967399806,78144.59199644875,0.1087889444471812
2,27362.60452067861,26781.462952422666,0.0216993959324907,31360.4734505136,28155.595591972728,0.1138273863918755,50969.618210608,42023.903786918265,0.2128720470389631,76676.49097568792,67316.1978024747,0.1390496415243036,103601.31332944024,92895.21311961816,0.1152492130680209,130809.6237609128,121091.48602517036,0.0802545088407158,150521.865751237,137058.20738703676,0.0982331421144331,161815.0207772033,152963.38916265534,0.057867648350387,170249.2165211004,163630.93527510198,0.0404463937999959,172146.2178198361,166436.70697724752,0.0343043968261707,169366.90243994666,164892.9787376735,0.027132287478357,163265.30612244896,156979.2325998686,0.0400439817323046,156341.22195102414,144611.20309542032,0.081114177909604,147772.4887341681,135420.48359170504,0.0912122362500531,138653.983353151,124189.91370839965,0.1164673459610681,128038.49468661312,114072.8552121218,0.1224273684438055,118706.7078362384,103708.02457097794,0.144624134220157,110071.80650037792,95796.28968336491,0.1490195169791837,101418.76237972955,88075.10757814471,0.1515031337287404,93932.48105034408,79901.17738360618,0.1756082216332495
3,28394.402267680893,27257.144077551275,0.0417233069940827,34446.04489314566,28908.491869486654,0.1915545455867928,58489.90402946441,40782.97721207057,0.4341744528683675,84557.30725624102,66457.71679446645,0.2723474614355337,113913.82229664634,96133.6044987365,0.184953200190715,140698.57766815188,119405.07466264196,0.1783299668432933,159069.0912943174,139483.36518540196,0.1404162143842886,171194.2814031611,158968.63241562436,0.0769060461913813,179867.46776403685,167845.60784218367,0.071624513005766,180525.51964131507,171585.98485171254,0.052099446218339,176789.26861051293,168654.75339286064,0.0482317578011213,169203.16796086245,162486.0726493231,0.0413395142243124,161763.47741068,146827.27571844726,0.1017263421877694,151407.05509314308,136495.09469666018,0.1092490571153672,143045.07379650557,128259.99584777949,0.1152742743440691,131266.88396083668,116744.02764455034,0.1243991372347026,122326.68787370076,105536.1393806868,0.1590976189914206,113851.3905840661,98367.88139907116,0.1574041136677477,105564.22366005462,92190.93841523142,0.1450607345440984,96800.93022125086,85765.69142362702,0.1286672865856919
4,26306.97830675396,8568.291948929938,2.070271001916472,28974.80500465093,9961.133865699258,1.90878582652367,48394.75122371357,17684.50318868204,1.7365626677421102,71832.61857550898,27393.294037276628,1.622270197872501,101950.9402386929,37986.98780877811,1.683838496274081,123902.78602093869,47572.65731100044,1.6044957970486986,145141.7799925162,54506.8243897272,1.6628184932356986,154462.91774501768,57375.27718216371,1.6921511377558225,166770.93137155753,58785.29010051238,1.836950044584435,169911.05509587764,58048.89911331674,1.927033202889788,158768.07681845233,55914.962757898,1.839456005826031,148708.79402417227,53168.88163742521,1.7969140866693945,144331.2676713702,50264.17423413794,1.8714540698322,133902.65711832815,46380.97723731422,1.887016727422496,126430.65958058226,42695.73891400457,1.9612008785052764,116261.733508876,39218.68274095004,1.964447691341804,109419.82885073755,35292.623669352055,2.1003597203728783,98611.60555357776,32444.203823866257,2.039421342835917,92613.01710479884,29994.21012891628,2.0876964823125697,85801.85282872774,27860.95422279492,2.079645160126192
0,22106.33976493727,21150.29270952905,0.0452025448790822,26342.48295934609,23446.579574004165,0.1235106969953385,39657.53390605598,33069.89571919751,0.199203476261168,63846.237948988026,56379.61992791659,0.1324346994644125,85550.89913351706,77961.03647046084,0.0973545633392392,108016.15357321054,94752.07041948862,0.1399872646053943,122257.59781000752,114352.37481974773,0.069130378820035,132033.53672252133,125207.75623268697,0.0545156362130576,138406.57280026976,132574.05547227533,0.0439944098203599,139609.0995093198,134610.57892544768,0.0371331928275897,137382.26121903997,130923.01090932373,0.0493362493335098,130391.68231613652,126105.34975946482,0.0339900929250625,125781.24152603796,118112.75243019544,0.0649251578518126,118640.81217754028,110310.25127977048,0.0755193719633697,110579.5190490025,103108.54375973772,0.0724573834218196,102487.065237207,95278.50542599184,0.0756577758958916,94842.92350123975,88807.4920221974,0.0679608368799988,86858.6944810435,81049.28380166386,0.0716775078925544,81010.6130783662,74653.94033148143,0.0851485228865296,73764.38497866497,69750.41681778482,0.0575475867243373
1,25981.26529539028,24253.89009875493,0.0712205419255205,31582.849461298945,25940.24104711712,0.2175233608636388,48586.884899590346,38074.57961037591,0.276097737566344,73190.75312434068,52890.15418402226,0.3838256714035273,101101.334421071,83580.91885208391,0.2096221937927433,124851.28323787256,98790.5872165598,0.2637973591976417,142786.50896045205,113167.53827099218,0.2617267384444994,151970.27412120433,135486.12980041106,0.1216666558051116,161253.40220658795,145742.30196128116,0.1064282643856384,162330.9253443604,151126.56206607557,0.0741389410644177,159572.4756208718,150011.97295953138,0.063731597370028,153391.63875103366,137831.7428217727,0.1128905113634175,146246.47428172472,133586.83113554062,0.0947671491162127,137341.50589418432,125207.8719470162,0.0969079160797705,130353.84427401908,117948.43963715673,0.1051765048781054,121432.8167528382,110250.5716651817,0.1014257333886274,111969.55872223998,101790.87417396692,0.0999960421881929,103298.7381143802,94242.5464190026,0.0960945139906739,95473.00903784436,87458.4914267978,0.0916379585366466,88719.58164661398,80567.9757120712,0.1011767499741396
2,27279.01867524268,26854.245640141915,0.0158177236029231,33469.178183851385,27901.3938788212,0.1995521918801508,55409.42238473344,42125.91766154675,0.3153285544996471,79390.50986757476,67331.161448817,0.1791050111013588,108132.1514322154,94410.10391259311,0.1453451161575505,133625.97771707445,118806.21881091858,0.1247389156433105,152441.91002447158,140026.33613178457,0.088665991238978,166543.93276594506,155219.0373174689,0.0729607375757226,172542.12864603655,164312.81271548846,0.0500832271966358,175222.72900937742,168654.75339286064,0.0389433175430133,171753.20707559754,166329.5799103804,0.0326077127600481,165369.85908422677,154928.4142757588,0.0673952861215188,156634.8467255858,141843.89258946397,0.1042762847670222,147908.21571898082,133586.83113554062,0.1072065596713598,138489.2642427744,126430.63012185866,0.0953774738707951,128038.49468661312,118938.84766993874,0.0765069377662575,118938.84766993874,102702.62905891408,0.158089610361493,110190.9376943396,98205.07091406255,0.1220493673973885,101950.9402386929,91824.60749358854,0.1102790746566644,94362.1863864784,80586.7797837877,0.1709387897078127
3,28196.760624339066,27052.53224284365,0.0422965351717898,34514.03906750885,28551.99859970001,0.2088134197327775,54345.6571263076,42719.53875222512,0.2721499040875508,84477.24753637676,68235.90827464523,0.2380174848169554,108539.53310317306,97099.199798167,0.1178210873908973,136451.58667628354,122707.68196056072,0.1120052509845326,157379.63099098642,145050.5852013489,0.084998249214391,170193.88905987152,158467.92059270572,0.0739958499064545,177198.89440006058,167083.33675159726,0.0605419896749017,179565.985620626,170859.98782944158,0.0509539881266702,175106.76541581552,168273.87630584504,0.0406057628193661,169476.7886577193,158368.0486675924,0.0701450834533148,162434.24690892425,146469.465190442,0.1089973374158539,153677.98353909465,136288.0995970855,0.1275964959040416,143304.3805757597,127670.53173586288,0.1224546387277654,132149.0718724925,122534.2906743432,0.0784660452615855,123020.64495899277,114195.48109449632,0.0772812004460461,112366.84771774584,105005.18427750024,0.0701076188847089,105480.03402118596,96850.31291679488,0.0891036987335804,97675.18213382052,89427.0614447559,0.0922329388421192
4,27655.184345734266,8535.619643818502,2.239973839012632,30877.66974363646,10372.364100979736,1.976917262354863,50534.75555528552,17075.90462215235,1.959418939932906,79540.09069075767,26598.485051542488,1.990399285396332,103790.10133034398,38336.31536919798,1.707357249406813,128186.10169325992,48530.50166034506,1.6413512596759858,152536.86479014615,53920.22411385846,1.8289360309046168,168055.72820008046,58244.04571613559,1.8853718201365133,173694.630127681,59383.89137084412,1.9249452354508445,176897.51428977816,58415.48922816004,2.0282638496589382,171697.15260347558,55386.61402920558,2.099975609863766,168818.74387032125,52242.223648234,2.2314616813985486,155514.7828705422,48644.09489592699,2.196992013177813,148544.1705985904,45350.67118621008,2.275456938413708,140825.13890238875,42783.56847612282,2.29157066412032,128038.49468661312,39048.34331438556,2.2789738006488807,118872.45452500136,36216.23538271336,2.2822973804102573,110250.5716651817,32996.462856998114,2.341284553529016,100943.14560866912,30229.47653353928,2.3392290302041387,91136.76338687692,28137.33626665777,2.2389975555316632
0,22333.89139322558,21197.43518220252,0.0536129112439618,26632.40014380311,23736.19531818719,0.1220163883382263,42347.75894355189,34060.59286889568,0.2433065715137359,65011.41910630817,55081.40781797975,0.1802788215062114,86944.0131745378,71836.78782592987,0.210299288231188,107209.07023607523,95938.47454373416,0.1174773285268706,123439.702678457,108919.8112049287,0.1333080852133468,134769.37213290832,124709.09731834456,0.0806699353206199,138736.74533042044,129750.67567741654,0.0692564382118894,140994.47676918196,133508.50531802364,0.0560711202131007,138985.03204643924,130808.96446404612,0.0625038782004911,132187.44475564922,125351.21384578856,0.0545366151641006,125601.72932157964,119271.60301214569,0.0530732056044334,118872.55955175964,110969.77581028805,0.0712156412299334,111878.09393654,104505.6905122232,0.0705454735352857,103625.9478116119,95892.9853735172,0.080641586117834,95619.25365062196,86986.72396438888,0.0992396229310477,88456.59746407712,82380.05770742126,0.07376226632709,82498.94378874941,75313.41051572512,0.0954084169581457,75910.41335652604,69281.85794114921,0.0956751971202531
1,25663.4660772946,24186.4813672632,0.0610665390969407,30913.0965639523,26216.716141757825,0.1791368681264435,48635.4869748918,37313.49776010413,0.30342878299909,76712.59359974532,48586.884899590346,0.5788744999453981,102433.27402058378,80242.32118184718,0.2765492387545334,125637.4337973367,105228.2637336484,0.1939514094364187,143131.558942113,123299.7920446016,0.1608418519500634,156291.3413892671,134531.4311222043,0.1617459212731986,161711.9341563786,145138.68990753053,0.1141890164463179,163578.53875553273,149919.62046195977,0.0911082768985447,159370.83095308286,146827.27571844726,0.0854306883598987,153010.63534652742,141248.2127976232,0.0832748416134447,146827.27571844726,129789.56455170902,0.1312718108392321,138324.1957772425,124709.21217328995,0.109173840221473,129002.3992010176,114604.04995249512,0.1256356058489276,119138.34273230708,109538.0536112625,0.0876434152747944,111574.14878342736,98604.53166692464,0.1315316537409527,102191.71068903666,89844.31880864192,0.1374309699725506,94939.4635185246,83729.75354691224,0.1338796484732487,87523.10501999313,78226.36932931317,0.1188440134750863
2,27534.65254235711,26957.459083058253,0.0214112709035549,33461.70584133592,28283.85155771553,0.1830675102029351,50465.40382120399,39808.31972441493,0.2677099704425085,72856.2235099848,53697.76335360516,0.3567832058519693,105284.1381367105,84969.32794005005,0.2390840399607907,132227.38710944733,110849.42938063356,0.1928558211644586,148544.0112091055,127826.22572338844,0.1620777377136177,160078.1849990447,141982.8134439392,0.1274476193011227,169147.28291842228,153519.33069041837,0.1017979439965035,171697.361986131,158503.20610133687,0.0832422019044751,170637.6443105663,160760.4064299675,0.061440737181152,164628.87580698045,151063.2026149074,0.0898013080435933,156389.34766062722,142143.32311712083,0.1002229596937747,148635.19707547704,134610.57892544768,0.1041865970860782,140740.74074074073,121709.6082557026,0.1563650787952186,131648.87723518786,111574.14878342736,0.1799227569347343,120277.82313903948,108597.90747439326,0.1075519403299762,111060.1222439916,102111.36154282012,0.0876372674496051,102837.92706219356,90056.26784226348,0.1419297015763254,95132.99347010402,81087.9932882418,0.1732069029250327
3,28696.70252001212,27463.78342069372,0.0448925437705498,35115.38364746608,29012.79098194406,0.2103414548886362,56332.73264986932,41191.02799295336,0.3675971539119218,80127.95927593492,63035.84654982558,0.2711490947075514,111241.30146217743,90877.02226805972,0.2240861186455829,141163.45333593825,112805.5855158551,0.2513870894814636,159169.5501730104,138146.88250295105,0.1521762003540707,173731.25720876583,152303.96928725054,0.1406876526054465,181128.964208994,163214.62319254706,0.1097594116632125,183818.8269557481,169325.80143984105,0.0855925404909789,181008.04423843467,169476.7886577193,0.0680403238227758,172427.85660110577,157325.69961628207,0.0959929434393611,164523.4088291089,141170.550946776,0.1654230129847504,155025.5908443273,135846.90617565077,0.1411786636044429,144611.20309542032,131648.87723518786,0.0984613475819893,135686.00019245647,124571.2671675923,0.0892238898871513,125493.97568956728,115144.19745136188,0.0898853651967763,116323.64977959076,106894.38049086064,0.0882110850489126,106637.81033693477,98688.09930292604,0.0805538974826827,99741.87708708932,90820.17391944324,0.098234817030405
4,25059.801508283985,8693.169757057552,1.882700120740099,30478.984290864653,10286.902809994312,1.9628922187592344,44642.37484128411,18765.877997655865,1.3789121322679705,68023.5098042138,30128.78525967102,1.2577581279145322,89183.59202305292,41474.42432167204,1.150327424230237,117622.98562451074,49996.16997526504,1.3526399258723858,137684.68438658322,55329.70614874638,1.4884405497552562,144551.1466280552,58599.98512626877,1.466743742623526,149262.20587468852,60067.04269421141,1.4849268280869223,152140.80833351758,58735.79066771844,1.5902572622919524,156144.59484740385,56602.12061953388,1.7586350677030462,149104.81965602067,53406.786479585535,1.7918702750073758,142337.759950154,50194.54028882885,1.83572195563732,136781.5903557209,46122.57760237888,1.9656102816913263,128073.29808674988,42895.88978632429,1.9856776191079537,115872.89287457896,39397.44498269818,1.9411270940403835,106084.07410363996,36254.61986224969,1.9260843033717907,95814.73736774756,33285.85226112109,1.878542409432676,90818.2456406891,30238.917216154023,2.003356402992261,82380.05770742126,27641.29189301413,1.9803258844150269
0,21653.77751338489,21106.41594146133,0.0259334210716624,26063.50868116833,23710.66743871955,0.0992313374783615,42888.47931307953,34180.65805082589,0.2547587366312638,65455.76472804646,53602.52568923565,0.2211320994001435,86180.22263880282,80168.53744950915,0.0749880861064713,106325.42097585349,98816.67504821371,0.0759866280056089,124142.6458640017,114919.96984789378,0.0802530319866503,131267.64238303684,124994.16073757836,0.0501901977535532,137016.15042873996,131802.43489444628,0.0395570502052489,139316.9248309732,133979.37670362805,0.0398385800760381,135286.2264368735,130202.6791837691,0.0390433383166366,130164.9346131288,125637.4337973367,0.0360362407838998,124001.6036252198,117458.6987089203,0.0557038770922684,115682.46453767028,108686.49119854825,0.0643683797496212,108481.20306775866,101924.83463076023,0.0643255243999165,100890.49355643988,95815.01885486986,0.0529715984219321,93340.21821759504,87717.39300355001,0.0641015997114446,85801.85282872774,80664.6447386374,0.0636859941147138,79409.38132207407,75348.34663377513,0.0538967989309346,73662.79919020008,69375.56885521514,0.0617974080173997
1,25502.506859397043,24359.23455820113,0.0469338352346135,30239.20582575078,26092.71058921176,0.1589139320103225,48377.90083941585,39397.38859888685,0.2279468908957773,70732.92926237785,59752.97586847501,0.1837557583419997,97901.73596491411,83404.61970247765,0.1738167060068234,120109.29286607812,108890.44592070112,0.1030287538132324,138534.03581887763,129151.46506870186,0.0726478073259542,149919.62046195977,141417.94931572757,0.060117341450423,157425.07843843938,148089.47493078932,0.0630402904191071,159270.14513120646,152064.43454333954,0.0473859032817647,155802.62332650064,148180.22334680264,0.0514400626989099,150660.75971596138,136610.9964346031,0.1028450391845581,143955.6880621352,128482.16313267103,0.1204332535519825,136208.39170471532,124213.25236502064,0.0965689176581983,127340.83445847276,113789.56395721194,0.1190906268553457,119304.95770032555,105292.51808384006,0.1330810571490746,110314.72896177214,96144.2258900386,0.1473879782228475,102218.8242525738,87682.72066030602,0.1657807089333196,93481.8527226935,81783.39251831186,0.143042002100393,86752.2697379925,77486.60209449823,0.119577673985425
2,27753.04500243732,27030.886312302537,0.0267160566542765,32361.662462858483,28091.91492425494,0.1519920429104313,47507.93404896129,38710.65421126739,0.2272573279098264,76105.11630910293,51699.41975217567,0.472069061392129,101312.79710347208,68635.78338795775,0.4760929664168085,126069.20760161862,85775.20270068533,0.4697628642340865,151127.22061863565,101947.87184514414,0.4823970121533631,163421.82706155354,116073.60952015544,0.4079154403583562,172036.36848372838,128267.74277408767,0.3412286266448803,174302.4085778086,137667.96199721962,0.2661072776055828,170859.98782944158,138324.1957772425,0.2352140337370531,163630.83966761423,146737.70634989953,0.1151246924729259,157029.0749319276,141929.8200440915,0.1063853592088359,149184.0733001688,132962.27581941866,0.1220030070994091,139984.38834105278,128927.77453377625,0.0857581994822995,130732.8498716274,122085.28709990396,0.0708321451105489,120345.33181098892,112735.7783754495,0.0674990100320853,111453.73606140992,104949.51874681914,0.0619747226309972,102810.65088757395,96355.29795105898,0.0669953087560768,94266.45392082162,89738.36942425952,0.0504587338238171
3,28635.90176698029,27419.64206247129,0.0443572422184777,35366.847955905,28828.28073725364,0.2268108625084197,54849.416420589856,44200.827762875546,0.2409137836703163,81496.5609078806,68802.55586969046,0.1844990331788272,111513.49994621536,97399.05452164638,0.1449135773841843,137996.07888723107,123229.9210896119,0.1198260752506796,158768.07681845233,143694.88828330382,0.1048971798177729,171585.35747541586,159774.48504397337,0.0739221436275754,178258.5743056838,169807.2137560676,0.0497703269647709,181735.5374086531,172766.76379378804,0.0519126099136177,178495.22258426264,169752.3991193839,0.0515033867576155,171809.26154771948,158467.92059270572,0.0841895375740031,164576.23896934546,146469.465190442,0.1236214917243041,154542.12401495426,135725.63771733042,0.1386361973617105,143694.66364707914,130732.8498716274,0.0991473358699022,133900.756133325,123720.20051176568,0.0822869311514828,124072.12474461074,115427.4313637612,0.074892885328154,113291.8216071162,106382.7605954869,0.0649453066733296,105620.2658618596,97549.47105717128,0.0827354030444533,97099.199798167,89204.60580414832,0.0884998473212419
4,28385.167852945207,8628.949397596962,2.289527675391174,33721.33055292994,10017.609865836608,2.36620521307492,43508.23520739113,18277.7043073456,1.3803993365789196,72226.46174419286,27331.640440675103,1.6425951966170689,96348.1985310694,38752.64887196293,1.4862351693531886,121621.80779318509,48453.75248074639,1.5100596252377518,140235.8612886823,54676.02988118451,1.5648508421958636,156686.05225748284,57782.08141402301,1.711671999746569,162487.95967506815,59120.86840618136,1.7484027900050148,165144.17104378797,58513.78613047061,1.8223121757248653,162502.1130879632,56123.15006559528,1.8954560265778908,156723.54634655593,52686.89447754221,1.9746210684966323,156095.59181502237,49221.29955502149,2.1713017174715725,150482.95725069265,46659.18923249479,2.2251515666262804,147817.70474106344,43040.951044985166,2.434350337346604,133743.58080567053,39204.452934149296,2.4114385177193047,126975.71373854928,35904.76408477186,2.5364586559810585,113981.08525545389,33549.808807107685,2.3973691448073606,104395.14751721355,30726.090165037585,2.397605974482301,99148.79412677286,28051.123144977253,2.534574840883907
0,22243.16425948565,21317.473525333204,0.0434240358292163,26726.14095498105,23214.860106603817,0.1512514325847,39815.9082712987,33360.355964337505,0.1935096949763435,64042.16016006822,47480.21657642649,0.3488177767045948,86583.47330159585,66973.82609548084,0.2927956837669485,107640.42165908392,93175.28243453756,0.1552465294077234,125493.97568956728,112218.08639712032,0.1183043635717142,134294.6812915919,121364.44155096971,0.1065405943897646,139192.2888894728,129675.55860210366,0.0733887741835011,140361.8480066193,133508.50531802364,0.0513326298745586,137341.50589418432,130656.92358091248,0.0511613325193001,132729.66617181728,123720.20051176568,0.0728212985655063,125637.4337973367,119405.07466264196,0.0521950943232787,118244.3375500738,111150.58431513616,0.0638211061025579,111483.66481253768,102730.02482152944,0.0852101418861304,102973.30606858234,94123.1112083282,0.0940278614533416,96158.20752124024,87631.88823274703,0.0972969938277217,87803.85267930875,81750.03163014668,0.074052828218474,82024.84840470762,75104.67233756745,0.0921404201863309,75348.35794160512,69735.27949563944,0.080491230358038
1,26262.45439080532,24472.772067676247,0.0731295301643777,30700.458664327707,26794.278733548344,0.1457841044957313,47204.36303677372,37788.582108165545,0.249169998007773,75593.53377521064,60297.23554828835,0.2536815840366748,98611.60555357776,89920.77156888822,0.0966499044998909,125961.42526205536,113085.79784480506,0.1138571568016026,143781.5967932847,128891.83658956183,0.1155213595965525,156683.89365443014,139483.36518540196,0.1233159842836109,163422.11319403764,151641.3774476918,0.0776881346280935,165582.44461349078,154493.9451745574,0.071773035677255,162693.28131696684,151033.2291558194,0.0772018993854517,155364.73836683662,142314.962354777,0.0916964442538925,147276.29394899655,129226.1818001848,0.1396784451677264,138984.89136485662,122901.77235594184,0.1308615709978182,130394.4910596366,116452.47041323793,0.1197228414040911,121641.58682949016,111029.98365105316,0.0955742118434184,111543.87100932735,101365.76021553628,0.1004097514994131,103680.62491614612,94435.6212546328,0.097897419836795,96059.88394628678,86095.93856470716,0.1157307249062742,89404.56635833258,80606.36403644751,0.1091502194281683
2,27982.99859354926,27061.197211263607,0.0340635846629124,33013.37708059571,28201.312647559225,0.1706326401602076,51657.94804139482,41512.48596425245,0.2443954352885273,77961.03647046084,66267.23523788176,0.17646429929665,110849.42938063356,95521.72224394346,0.1604630525562154,133118.01663183747,119708.5617648854,0.1120175087667414,153010.63534652742,138738.32271148876,0.1028721722744079,167946.9065437015,155560.9185421412,0.0796214635246252,174704.91106641892,165795.4702198652,0.0537375408069875,177786.45656749024,169532.8304860918,0.0486845294668489,174360.00834701135,167513.47716768918,0.0408715244593034,168709.36622475527,157028.63257714536,0.0743860113656111,160028.43934012152,144479.84347645158,0.1076177513038638,152064.43454333954,136449.41210625632,0.1144381803926237,143434.31314105715,129457.50523354826,0.1079644465749125,132574.05547227533,115300.21325763734,0.1498162208602316,121569.7311426196,106183.85493317054,0.1448984520210963,112982.04867663424,99020.5152211434,0.1409963725629019,103954.62206329562,92101.7886588853,0.1286927602275924,97750.60884933834,85969.72902812365,0.1370352094207574
3,29027.278002490137,27437.28733715079,0.057949995048762,34532.055980125275,29309.41833431648,0.1781897404526089,54162.58201276486,39576.799256977,0.3685437688146682,84007.02908830188,61466.690160175385,0.3667081938101573,110609.33561922007,94987.79403406168,0.1644584100937922,138285.0105221577,113386.36268730016,0.2195912034282614,160078.36846684047,135229.7612630109,0.1837510247134213,174073.62583141564,150474.9550496301,0.1568278972005816,181917.788290487,165052.149289381,0.1021836981446147,183633.5735957228,169038.10882588004,0.0863442265842959,181008.04423843467,168764.6377485061,0.0725472270332707,173162.78197975905,157176.5671488663,0.1017086396584279,166169.18487704563,141164.35862309963,0.1771327160611935,157028.54410634277,133274.04947764502,0.1782379594662368,146916.92306012256,129115.43952248216,0.1378726169656938,135805.78697482753,123475.0608006888,0.0998641028737192,126975.5355597141,114446.96091158468,0.109470575263316,115682.46453767028,105845.1933932802,0.0929401782831889,105901.53095539368,98969.43912207033,0.0700427515283099,99072.09627873093,91319.47860681264,0.0848955533933581
4,23689.741247057907,8519.366802641334,1.7806927199933646,28968.01139388176,10577.739842209145,1.738582327227272,43292.27091041375,17882.84480722667,1.4208827721257653,66208.75691847976,28334.628773479177,1.3366728199541562,97571.75221637008,39547.98746758743,1.4671736405382831,108978.56423107888,47434.18745764556,1.2974687682462545,123933.46657665448,54019.01079624388,1.2942564987745384,138709.04779050738,57373.044372542114,1.4176692958774115,148186.4527303382,58686.35595210274,1.525058002430438,150411.67031062703,57625.29639640239,1.610167404189133,143318.50086629158,55204.55381431878,1.596135480930526,133822.07011077582,52654.84821111197,1.5414956961652546,126575.6111114181,48970.21932796999,1.584746665390628,117882.82848822794,46140.32856761315,1.554876225371579,113013.41763325816,42767.79735447369,1.642488615828528,103353.1717230367,39020.0507536768,1.6487195615269132,97466.60271489614,35678.27519094906,1.7318193548667304,89917.32947569244,32979.52796941785,1.726458958389987,85363.64655216543,30178.754010757933,1.8286007607118413,76944.1739460649,27811.333916065112,1.766648093122149
0,21940.959528526728,21022.129467342296,0.0437077538986632,26794.278733548344,23038.550822108424,0.1630192775769481,42623.76249484336,34169.36971524161,0.2474260675587052,63957.19127983058,48434.7743243779,0.3204808357626647,83620.22322347722,73324.05495585469,0.1404200609720973,107498.09684686096,91220.2875825595,0.1784450553235663,120921.87962104262,108656.32622573906,0.1128839324994408,130391.86956378123,120661.26558334248,0.0806439741320108,137178.72520596485,129192.18200761566,0.0618190905536248,138241.9233658903,130884.89068648554,0.056209946318612,135007.31314361232,129151.74096390232,0.0453387010969261,129638.21618071556,121263.51388596944,0.0690620123594742,123966.38569596029,116726.47665893324,0.0620245658419174,116645.97914188854,111120.46889174463,0.0497254043764603,110489.5644458161,103189.99218955146,0.070739149227339,102245.44208233948,95181.6190944888,0.074214150327053,94506.19607389762,88238.25132216612,0.0710343264719362,86880.18202743778,80127.95927593492,0.0842679984928904,79333.77164146396,74705.6943137314,0.0619507973287372,74412.94712187463,68725.38340629992,0.0827578317308208
1,26125.93310669143,24280.172419006223,0.0760192578468004,31909.647493029934,26701.11862977949,0.1950678147784199,49008.57462714329,37910.705555832734,0.2927370754143903,76585.49692006092,60735.38330226184,0.2609700104948347,101604.58293966547,89138.25112684396,0.1398538972352272,124284.94299336808,112984.437189356,0.1000182510541078,143218.45352907787,126503.0911263546,0.132134023397322,154445.76633416055,142614.42826365208,0.0829603162495999,161403.79658578595,151313.47493897393,0.0666848848120205,162797.35871024098,153821.537770329,0.0583521727192313,160688.06468715702,149736.614841034,0.0731380888886095,154542.12401495426,143956.1388680787,0.0735361842163364,147772.5676529268,134373.3339720236,0.0997164637121597,139483.36518540196,124709.21217328995,0.1184688184188231,131956.24729540505,116872.49123971668,0.1290616456934261,123160.1062965952,110459.79344949528,0.1149767933696779,113415.52878005028,101260.1848186883,0.1200407048745444,103353.1717230367,93034.28374832426,0.1109148967344879,96453.95854762803,87072.46981390641,0.1077434550067546,88918.65939003171,80625.18056256391,0.1028646233050254
2,27685.906077837742,27035.21330101626,0.0240683426306469,34045.18266107053,28524.103345618445,0.1935583828369551,53181.10804846626,41715.84479441031,0.2748419290214694,77491.8511358912,65305.07719593166,0.1866129627777046,103735.34274243236,89249.63952595906,0.162305453483204,130246.12252725044,116259.2143758234,0.1203079534514357,154590.8612021516,137917.72371012985,0.1208919132617407,164945.85746663308,151878.23256231856,0.0860401433691469,171978.26475654996,163840.5222186593,0.0496686804197936,174991.34616120622,167081.54674243112,0.0473409516071134,171697.15260347558,165211.66173312388,0.0392556481928503,164734.633147871,156487.4417261301,0.0527019378090056,158968.63241562436,145935.07612754955,0.089310648501552,149597.03476329712,135181.19461332384,0.1066408696210206,140572.16038594142,130505.25889222493,0.0771378991097211,130999.09414087595,120412.89421631578,0.0879158332125347,120615.90439581111,111392.34208742484,0.0828024811718861,112183.21171451516,103899.74095078066,0.0797256151741374,103462.1604305127,96010.78405911777,0.0776097856549824,96800.64335412216,88851.49307054273,0.0894655791239016
3,29117.5861677703,27685.906077837742,0.051711512923126,34400.55771847114,29556.473696529407,0.16389248838269,53137.81500785156,41450.79424569556,0.2819492599558484,77924.39766456821,68664.50529562988,0.1348570462871692,110370.06805549892,98662.589004771,0.1186617862841787,139196.94445648356,119242.39439587484,0.1673444261305359,160281.11012308663,141290.62878063624,0.1344072250675201,170693.69609899778,158768.1219809687,0.0751131522451251,179208.04430225692,170416.9533536052,0.0515857769761363,182895.76213006504,174073.62583141564,0.0506804879631412,179745.46900332015,170360.02605362347,0.0550918144773144,172542.12864603655,162383.4107493657,0.0625600721760337,165370.0541482662,149060.02794208284,0.1094191811940394,156095.59181502237,138696.76563479553,0.1254450750930986,145935.07612754955,133118.01663183747,0.0962834319501622,136368.7219119258,126466.86062410664,0.0782960946366031,125350.749999792,116002.37953599048,0.0805877474341043,116710.71855802152,107497.40007957036,0.0857073610304193,109066.50386311764,99741.87708708932,0.0934875806266062,101080.2332385288,91686.45643058402,0.1024554462420175
4,27632.410886769983,8698.383139463771,2.1767295649928613,32173.942430631527,10194.389487470116,2.1560440642547936,54166.23495175924,17966.63330246116,2.0148238704431773,79861.99975784917,27748.52618816452,1.8780627560649488,107238.66352804656,39924.77149267339,1.6860182167285784,132017.16484555777,49552.55066433933,1.6641850535569782,153400.9933495782,55615.65867745791,1.7582338678972538,168632.97820211964,58538.51036783013,1.8807186438893737,176171.56519633258,59888.9619115323,1.9416366484457088,180108.64952687258,58958.95992250349,2.054813886873344,173847.8987391059,56660.89965397923,2.068216350265748,164852.50928716228,53071.9901914676,2.1062055274811544,153010.63534652742,49513.42177213318,2.090286024882325,145898.76845723146,46623.15070122745,2.1293202253143817,134537.02314448502,42992.498594149525,2.1293138929774367,124539.48469207584,39643.22696805537,2.1415072439090315,117036.20126118508,36928.80465068678,2.1692388196217585,108440.26368079393,33320.12320298355,2.254497680581324,97856.0775401446,30854.673005059427,2.17151562501079,90706.017042281,28329.91631155545,2.2017749733091527
0,22509.92580852369,21384.18871364,0.0526434324892408,25813.66820934925,23425.06395106359,0.1019678863321613,40476.96965262309,35138.676014671946,0.1519207392937105,61651.41891498164,53996.9739233644,0.1417569251654891,88216.55424217676,75624.6360613188,0.1665055045110965,107152.0941255996,95541.94697102184,0.1215188461472229,121912.97638980045,112752.74051695048,0.0812418024684098,133118.01663183747,124993.6993567432,0.0649978144250833,138571.43161374508,132496.60484017138,0.0458489240603687,139984.38834105278,134098.29403763096,0.0438938790807439,137260.06403419017,131879.43672737887,0.0407995927214499,132806.92315441347,126505.47986205496,0.049811623174188,126684.56834694894,120210.39495476264,0.053857017894523,120887.34032564702,112643.1060320562,0.0731889822999436,112982.04867663424,103844.90071980322,0.0879884124641334,103680.62491614612,97199.00675368845,0.0666839958445535,96602.32334701718,88807.4920221974,0.0877722267269012,88697.9320886907,82261.41133649506,0.0782447158105112,82777.49539554247,75191.44991751909,0.1008897352869888,75313.45570869606,70255.08560077293,0.0720000561477853
1,25793.19750794013,24351.689973349537,0.0591953797115591,29945.30227595618,26429.76174597696,0.1330144616424453,50315.10327016078,40056.32415364261,0.2561088500574573,74447.57845026925,65369.64681934036,0.1388707461739426,100001.3014547165,90298.38769332676,0.1074538982284267,124284.37236696358,114102.35713591834,0.0892358009652374,143999.28600291698,132651.5704894083,0.0855452782929151,156831.47486523294,144701.35528717563,0.0838286521503808,162641.4083161488,152253.17228390556,0.0682300137094835,164681.6576507578,154831.71257795207,0.063617103426707,161609.12827654366,151315.4964579593,0.0680276115767448,154928.4142757588,145624.7183231365,0.0638881644528075,147863.0392395818,136772.85318559557,0.0810847020858536,138077.5873779813,128264.35343508195,0.0765078814190265,130732.8498716274,118409.27409494188,0.1040761027451644,120345.33181098892,109894.01800901668,0.0951035733456824,110909.56796952292,100393.61038888752,0.1047472796316466,103462.18071188364,95036.15917610085,0.088661217044446,94650.8249525015,86603.38343151768,0.0929229459879867,87566.24528177275,80242.32118184718,0.0912725852399995
2,28064.55130438064,27148.0489508821,0.0337594187765291,33969.07979715979,28682.65599727724,0.1843073319424943,52370.92503646575,41604.82727663297,0.2587703991233603,77181.78983385875,58977.312225679925,0.3086691631269731,107496.33316351435,91574.34485262987,0.173869530123395,134848.42012331437,113633.20615056944,0.1866990705571904,153486.88935489944,133195.98432320746,0.1523387145250188,168928.1215158872,152441.91002447158,0.1081475001774059,173959.3956907119,160179.60163938705,0.086027146467422,176732.22764668387,164628.87580698045,0.0735190092283326,173446.80616530986,165582.8845723326,0.0474923577596089,166758.6809889195,152585.57880128117,0.0928862497949205,159119.29807172815,141801.00241634267,0.1221309818708977,150986.68598799407,134254.94271234729,0.1246266464207279,140446.35314390878,129226.15111203009,0.086826094682272,133001.25959408627,121743.65967925184,0.0924697018677924,122257.59781000752,114070.18054773525,0.0717752634646358,112091.55878574,105228.2637336484,0.0652229240374413,105228.2637336484,97199.00675368845,0.082606368605256,96676.73804527402,90163.6081792318,0.0722367926214209
3,28631.317266714424,27406.42966804728,0.0446934392222282,34192.48991858201,28913.283992937133,0.1825875582633391,54019.0046135402,43693.59829226316,0.2363139389942476,83502.4046247759,69829.49174143249,0.1958042732714142,111331.83297166896,100523.01107787628,0.107525846847335,137709.06268975465,125529.8838103778,0.0970221473141359,159572.4756208718,147006.6484643744,0.085477951424371,169917.56034217402,159370.83095308286,0.06617728806469,177963.61959149683,171697.15260347558,0.0364972097265543,180887.2399421827,173276.26372869062,0.0439239400118243,177492.45255430322,172034.00418480992,0.0317288921766274,171417.3510315301,160892.0958883199,0.0654180995349584,163474.79596189142,146380.20682246037,0.1167821081176945,153582.39402070933,138283.2686006392,0.1106361281078325,143607.88017334312,129923.68813919976,0.1053248428376061,133822.1028729941,121089.76419951768,0.1051479351507989,124496.24899249796,113112.57755991069,0.1006401911985239,114164.13161188136,104671.81504376556,0.0906864619109437,106922.9121565496,98130.14288482702,0.0896031434708337,97700.21495194524,90230.9114393546,0.0827798743627994
4,28317.88287999638,8663.088426650884,2.2687976256689284,31388.274142589788,11108.907389188174,1.8255050693048944,49136.10676776281,19251.54249990165,1.5523205097988289,74467.8767590513,31134.87183083976,1.3917836297398618,111520.23687435036,41543.00714684736,1.68445268008995,130808.83888407527,50545.05136514201,1.5879652973166536,151219.97729522898,56944.29360756321,1.6555773671963556,168982.88645351114,59572.59055491448,1.836587848194068,175455.4783420969,60143.75853346468,1.917268268900612,182895.76213006504,58996.48782680972,2.1001127163192232,180131.30711673334,57015.43884983755,2.159342640353045,169043.80145401758,54217.83835912064,2.11786317142208,156095.59181502237,50384.13761297073,2.098109826034566,147276.6468468159,46876.22136058249,2.1418199371047986,137184.49083558653,42679.60559944248,2.2142867514543894,124607.08810066649,39433.02376919727,2.159967869316735,117691.35613267924,36184.26507515415,2.2525562116084474,108239.7761138482,32867.032623865605,2.2932628069152945,97357.757535074,30813.448400194564,2.159586563328604,89717.38433928462,28412.88304952232,2.157630437675453
0,22266.635558580245,21467.16482043112,0.0372415614654544,26459.186621410445,23554.692328223275,0.1233085218314229,40767.96969426227,33411.74645268325,0.2201687736376394,63971.29344585432,55822.31195719044,0.145980723530642,88763.76599797886,78959.4519028373,0.1241689735537443,109893.65505381968,97449.15705125508,0.1277024694633246,123790.4662701132,115280.99170977736,0.0738150707599623,132966.93706911916,125136.37506346368,0.0625762253516146,140235.8612886823,132692.68191500165,0.0568469885815747,140909.60916153467,135565.57453714032,0.0394202926712066,138365.4365945937,133586.79848109125,0.0357717840972051,133195.98432320746,127268.76482295369,0.0465724603244108,126069.20760161862,121638.270445559,0.0364271634233959,120042.02529273424,112581.63363273013,0.0662665074157817,112735.7783754495,104339.93790583542,0.0804662206833124,103489.43801953018,97700.23319059478,0.0592547698186323,97074.27511525748,89693.36110236743,0.0822905276619769,88763.52155685521,81848.10987416275,0.0844907926807907,82340.4823139647,75981.08271988948,0.0836971436366558,75330.90118082034,70065.2413355364,0.0751536674235824
1,26396.188409856262,24575.55041724161,0.0740833048173494,32974.294084791625,26526.79989428902,0.2430558610988238,49670.2130663232,38808.73761772188,0.2798719081148741,73628.86132882064,60451.37542339796,0.2179848814543643,101684.85130921124,87950.20992159721,0.1561638272365431,125673.3419802272,106751.894010936,0.1772469532704761,144086.44429603018,125782.99213374844,0.1455161135204923,154735.78547477783,137473.17764840124,0.1255707340273104,163683.14057969573,150105.05684237657,0.0904572039273623,165902.05646801786,153441.55112337158,0.0812068520776856,163215.86013313296,152915.63771741273,0.0673588559644566,156929.9653026465,144304.84837129118,0.0874892082549532,148864.18155678135,136934.98296437095,0.0871157854199626,142271.00512800366,128260.4800166868,0.1092349343265677,133822.07011077582,120754.21785725436,0.1082185987819424,122985.82162742548,113105.66055537207,0.0873533740357446,114289.57829644116,102837.68640271458,0.1113589025027335,105424.89482252684,94171.47143269012,0.1194992837919091,96503.39564202694,87717.87132254429,0.1001566064819072,90636.93733362811,81127.05233651119,0.1172221191726574
2,27446.11748551447,26970.401687047422,0.017638439500718,32710.40043289476,28659.270787040845,0.1413549450004063,54488.76422058382,41527.61900947506,0.3121090377984712,80243.85664820299,66825.74763653228,0.2007925011876006,108190.21638043274,90140.9536466353,0.2002337672680165,133784.20072285878,115555.7449935473,0.1577459929000446,152821.3967529148,140235.8970550206,0.0897452076265203,166543.93276594506,154928.4142757588,0.074973454962959,174016.8328932872,165051.7119855858,0.0543170428216117,175337.27810650886,169257.016222174,0.0359232486785283,171921.47531231405,166758.6809889195,0.0309596735400994,164945.85746663308,153153.30035818202,0.0769983871119435,159069.4538857676,142958.73730846634,0.1126948718254183,149229.56497430883,132187.44475564922,0.1289238947780726,139483.36518540196,124787.5202940338,0.1177669438157011,128927.77453377625,117329.71470206424,0.0988501494371054,119438.6412181168,107188.69926300974,0.1142838940982882,110429.7705149366,99937.36457921336,0.1049898201728809,101790.87417396692,92554.06521251632,0.09979906274502,94218.6389171836,86678.14559420978,0.0869941698830891
3,29022.29522155234,27587.8803655296,0.0519943843824626,33910.03460207613,28979.574651704388,0.1701356907280129,56135.04525255192,44251.95316267428,0.2685326011756881,85864.84231570753,69970.58677683792,0.2271562419443795,112397.54828400856,98739.17568806764,0.1383277964471754,140151.9655470768,126904.82591224952,0.1043864135158048,159673.43468368324,144439.76162727363,0.1054673095883393,176847.69161482312,162176.29518855392,0.0904657268758761,183389.5345138892,172596.96638031115,0.0625304624983789,184935.6646001055,175568.44378655145,0.0533536700077053,181613.86196419763,172822.97451593424,0.0508664283373554,173617.34860192912,163161.08580837952,0.0640855185643327,166758.6809889195,147908.21571898082,0.1274470466586774,157176.61146279215,140319.82856296445,0.1201311537539664,147186.33381904263,129435.26230523056,0.1371424695068952,135326.20025561645,121352.10962073738,0.1151532567382009,126249.74258158264,113179.13449956766,0.115486022576581,116098.90614210095,107324.90884906074,0.0817517330052408,107900.33147183798,98458.87771565805,0.0958923560295514,98943.77960145066,91388.13355643825,0.0826764455184578
4,27561.90894790237,8690.047774050272,2.171663685233836,31630.778985394976,9837.259749427072,2.2154054880209064,48445.18909258235,17779.549993764955,1.7247702618779113,68357.78379694324,28889.58226941356,1.3661741855407894,98560.6592119762,40137.0534267558,1.4556027609708535,125106.73547630545,47758.27822511189,1.6195821986422194,141121.8336382123,54118.85570973671,1.6076278182064847,149420.47107075845,59371.30365532967,1.5167119782006877,159264.89578846423,60297.35616917127,1.6413246932689385,160496.2016270931,59296.063292584346,1.70669236227635,158172.20664160664,57015.43884983755,1.7741995822953718,163056.96058513084,54195.79555886404,2.0086643973706173,158468.64062429205,51142.911285260496,2.098545558746146,150290.9842725178,46731.38527448117,2.2160609703686207,136981.79548287293,42671.71555400565,2.2101309662487725,127864.62111919234,40085.6385900015,2.1897863079343685,116647.6013883772,36280.23995746698,2.215182742041636,108329.09036819654,33251.89031471005,2.2578325425389023,100006.17629924422,30405.213427557406,2.2891127877630617,92101.7886588853,28219.627012771725,2.263749326566279
0,22126.29946350101,21393.741916025858,0.034241674521015,25923.793898800745,23147.684360954707,0.1199303349119773,39418.685121107264,32761.51040844466,0.2032010926744891,63735.13410521811,54485.75022134486,0.169757851296866,88985.89005529403,78587.59619737435,0.1323146954616623,108190.21638043274,94698.39806368644,0.1424714524492041,125601.55472876516,111033.89147553575,0.1312001503292272,133588.39855870503,123521.02306436031,0.0815033363923736,138447.74386353442,131958.28969746406,0.0491780711992289,140447.42915790592,133979.2453663385,0.0482775057724911,137016.15042873996,130922.94801683266,0.0465403697686666,131495.573762474,125386.59992318971,0.0487211061072441,126213.600360993,112989.78764373915,0.1170354683641763,118112.75243019544,109244.40032681148,0.0811790085061912,111726.02778731196,104174.55613082644,0.0724886376957736,102756.61994761322,96478.70381914102,0.0650704858166499,94290.37849369922,88983.69534055877,0.0596365787331114,87999.14400587197,82578.33466267635,0.0656444497862429,81049.28380166386,75945.73656579417,0.0671999175549284,75435.92472968056,69970.58677683792,0.0781090770365213
1,25989.42050268872,24571.73334917329,0.0576958545565173,29954.50930480343,26683.38167345788,0.1225904449209811,47076.3999428402,39548.01939768808,0.1903604949074193,76855.5778421986,66092.21231761776,0.1628537636606202,102325.81100230305,93034.26708717628,0.0998722750878478,126394.4290783343,114730.57488399486,0.1016629979073395,145050.5852013489,131113.4550490719,0.1062982448831109,156193.46660214473,146291.02598226897,0.0676900073219526,162434.19976190611,153917.59547094256,0.0553322332310692,165369.85908422677,156095.63555703213,0.0594137273223513,162848.99495391507,153248.508832797,0.0626465222679115,156095.76678313693,146291.02598226897,0.0670221617152122,150382.19570379486,137341.5402890429,0.0949505545613307,140994.1515993195,129041.27250071651,0.0926283418240208,131037.18293457218,120346.00348003782,0.0888370128245075,121501.24659756296,110820.3508782432,0.0963802734305967,112643.1060320562,101817.76840003456,0.1063207120145246,104450.39837250614,94650.20576131686,0.1035411654138693,95863.69617865211,86858.67980198695,0.1036743408625833,88763.52155685521,81029.94198324208,0.0954410108699388
2,27375.59448855504,27056.86472705363,0.0117799961199021,33269.066910374706,28645.31731472468,0.1614138026417764,53580.72822858364,41527.61900947506,0.2902432045612466,79765.57328474146,68571.86154798743,0.1632405987537692,107415.2636787705,99690.10606259192,0.0774917182987871,133979.2453663385,122534.2906743432,0.093402056102094,154835.2019277062,142099.80867346938,0.0896228740427189,168381.99257858988,157325.07811711056,0.0702806862949638,174646.39086260705,167513.62706248788,0.0425802003407067,175800.0462391933,171249.76245152252,0.0265710370778404,172710.12923836254,167027.686141864,0.0340209651929932,164365.4014898435,157425.61178640454,0.0440829775072106,157820.3682968578,142743.54425995407,0.1056217576428319,147908.21571898082,133235.06563196005,0.1101297921641208,138695.29423640473,124525.56169624366,0.1137897500492743,127560.44321632512,112366.84771774584,0.135214218492131,118872.48078168204,103135.67979445188,0.1525834805044521,109537.96341765644,93387.47447142616,0.1729406329664891,101154.4529121027,87418.79729497037,0.1571247379529277,93316.5985228116,80204.28930431434,0.1634863837362365
3,28823.546209341064,27525.741261588548,0.0471487737757518,34761.01458078108,29703.05767708128,0.170284048150453,52569.8405493886,42141.46474512392,0.2474611612894004,80109.83516360435,70286.95521957858,0.1397539545330821,108306.67724998704,94222.32644435896,0.149479972922822,138488.94982329704,117805.47511739396,0.1755731190362066,159069.0459704459,143304.3805757597,0.1100082588637409,170581.79998198804,157103.35239139572,0.0857935071749016,179805.1826199696,169202.45508680324,0.0626629650717951,182773.14787545803,172936.1905657695,0.0568820053078908,178969.9845425012,170360.43868512425,0.0505372369537617,171641.46435771312,155270.67907459146,0.1054338486872799,164840.10000871387,146023.94774219306,0.1288566194617675,154686.91829645316,136288.9471536256,0.134992393198909,145403.46215988463,126759.3082249328,0.1470831152049838,136975.77203653945,114258.25321581452,0.1988260644753194,126613.55474811868,104616.73005773246,0.210261061287686,117948.54314698448,96035.33400270226,0.2281786112564114,107266.43598615917,89470.73466355613,0.1988996892617638,99923.3791362988,83562.89952021185,0.1957864041341666
4,28356.600053038783,8765.339343851738,2.2350829717652543,31307.085020927192,10499.195317628952,1.9818556635821605,45463.58906838809,16710.6397941709,1.720637248386322,69950.48486279795,27217.795773513484,1.5700275453925268,97006.7363142251,38710.70887508343,1.5059405816426303,123053.00806084197,47926.588862257646,1.5675311133554644,138984.89136485662,54775.47166381774,1.5373563593914956,149551.02040816328,58246.57376990986,1.5675505137680943,156585.62368945417,59750.15824079949,1.6206729538421882,160484.40305937122,59585.05285770816,1.6933667985931864,160180.33638787203,57146.49209400245,1.8029775847725744,157324.90054638276,53515.43324278109,1.9398042959430764,153200.883481358,50045.256137867465,2.061246865423401,143001.88699133697,47012.59727450293,2.0417780612366507,132896.17557251,43611.34699182656,2.0472843592154306,124319.84707777476,40276.89260685188,2.086629554352104,113602.02666096612,37113.15260122695,2.060964070651612,106143.97553847168,34015.979414858295,2.120415092093677,95439.01630065804,31051.497405722526,2.073572106801826,90580.2129886426,28734.215404317714,2.1523468350916475
0,22680.919537417496,21473.5648977406,0.0562251608164015,26171.01960155957,23360.648881872912,0.1203036240088095,42728.3885229211,34570.300244831174,0.2359854620964623,65816.46760343292,57711.17371480242,0.1404458333958915,86372.20660960229,76087.25904671696,0.1351730590869417,109478.896134197,92287.64023959624,0.1862790710648685,126105.64293215056,112461.43592063092,0.1213234287809463,135405.71275421607,126071.58104978438,0.074038348902325,140151.9655470768,132806.79396080674,0.0553071975251335,141758.62350663324,135886.0035877645,0.0432172539026491,138488.94982329704,132612.8774011145,0.044309968513911,134452.34949534142,126612.49138126422,0.0619200998933768,129226.15111203009,118806.21881091858,0.0877052767557136,119874.003048179,111090.26083693004,0.0790685173036245,113913.82229664634,102918.8330775632,0.1068316545213539,104367.5839352085,96010.78405911777,0.0870402211375038,96059.88394628678,88281.87208395495,0.0881042922938362,90230.99017151196,82361.01545015999,0.0955546101312265,83056.93374633369,75208.78274197603,0.1043515227640745,76514.98379135199,69719.83752035501,0.097463598778656
1,26362.669548777,24636.72322030589,0.070055839530176,30350.98424529548,26632.40014380311,0.1396263228779106,49066.46548558511,32638.01849093703,0.5033530757760296,72626.74449562398,41852.40207661552,0.735306479247537,100837.89955577388,54574.87861079505,0.847698100712365,124001.6036252198,66894.94118407232,0.8536768465646631,145403.46215988463,81290.59322329036,0.7886874285747671,155607.74704864333,89293.19178034297,0.7426608226910629,163161.84653665882,101471.80363390328,0.6079525611402847,166758.6809889195,112397.64290576268,0.4836492712639413,163735.48932432052,117360.02678463442,0.3951555210939836,156930.49550111074,122434.7615936106,0.2817478750193469,149827.3895485414,126141.84397567494,0.1877691400914827,141758.87899459846,124709.09731834456,0.1367164228021871,132303.26750008814,117229.55174869606,0.128582900186341,123860.7886683916,106815.69218273902,0.1595748352825543,113789.34612597438,97049.35043234796,0.1724895181580394,105005.18427750024,89293.19178034297,0.1759595797158648,99123.11587277632,82143.00404217796,0.2067140352193546,90841.26785034985,76926.32832535912,0.1808865680698761
2,27964.652564495027,27235.26947985987,0.0267808286301161,33492.18897921409,28412.88304952232,0.1787677062140711,50564.81979558902,39599.28102967996,0.2769125721674166,78959.4519028373,54980.71435366343,0.4361299745021618,104093.15771418466,65226.465891291766,0.5958730293263046,133822.07011077582,80790.60203431928,0.6564063980353698,154446.83823995938,94243.50195509069,0.6388062310498295,166329.5799103804,109924.78823739388,0.5131216768976123,173845.27286079517,118473.22221930514,0.4673803042090907,177198.89440006058,130363.95055130131,0.3592629990936689,174417.44675092766,139233.81067758682,0.2526946285684366,167405.3074968168,145050.5852013489,0.1541167328931258,159320.48804214466,140194.12789566343,0.1364276837665812,150940.01953286596,133430.27739220482,0.1312276529950771,142185.3701959878,128333.95052330317,0.1079326212292475,131879.309217457,119873.89636533622,0.1001503514621082,122050.6594110873,110549.4270954788,0.1040370141916262,113291.43749848809,104052.51788015346,0.0887909279521317,103844.90071980322,90220.99037734506,0.1510059941204014,95765.81374268456,83767.10261172577,0.1432389417427362
3,29003.29500552712,27829.31354359925,0.0421850671986081,35478.58590776041,29614.987341446173,0.1979942958850478,57086.71354228391,43041.74732123014,0.3263103171958392,85167.15268825323,69625.03789375247,0.2232259437792763,114983.0599682896,88194.67590823374,0.303741510291722,140572.16038594142,120720.03025632013,0.1644476901428044,161711.9341563786,144523.59219901648,0.1189310457609778,178495.22258426264,157770.70122713974,0.1313584917600523,184438.0678075526,166222.55144554822,0.109585108660611,186692.49712057904,172258.7468219004,0.0837911024257118,182101.0323247839,172090.11106710724,0.0581725538765727,175569.31733343427,161301.27055142127,0.0884558858912676,166866.20366369453,147727.27272727274,0.1295558401850089,158068.9718477676,139733.5925512166,0.1312166885699337,147728.69245511515,130704.47829597452,0.1302496622999407,138489.82321253855,117368.10281574138,0.1799613343836408,126720.82827614984,107068.22809251616,0.1835521193705767,116872.74563207528,99665.03425985455,0.172655450329304,108161.44820102876,90433.57665854192,0.1960319628783846,100002.84386007718,86492.06985476454,0.1562082399924016
4,27825.87947140626,8843.524562817121,2.146469405241554,31920.4386804704,10798.8309507568,1.955916138147653,48157.9671606639,18609.342123810176,1.587838239539216,71150.55640703764,29435.010474136936,1.4172084623361716,98881.51245957996,42166.08225808044,1.345048606943581,124061.7345232745,49827.64259256894,1.489817460113525,139483.36518540196,57373.044372542114,1.4311654839107093,160739.3267072965,61204.11785346017,1.6262828767853752,168277.15191060136,61850.43496178716,1.7207108893343666,168562.86637396656,59967.03535146824,1.8109254590628927,165430.59333535266,57505.85670163544,1.8767607827090749,159875.62681059432,54485.14744095371,1.934297406166583,159976.86009255963,51564.38120311145,2.1024683388017937,148773.714190165,47674.65740075633,2.1206037400450155,140031.82883092726,43365.58572604524,2.2291003681019017,127783.47474053405,40536.3529039696,2.152317995732186,116517.0829874968,37099.94153059728,2.1406271325630564,108715.16340220148,33700.24354457998,2.225945927019456,99807.86578382277,30895.971173991755,2.2304492136450813,92194.70587620432,28514.81296007438,2.233221484050858
0,21891.65978138004,21295.29475392104,0.028004544400551,26375.424273290755,23168.804306600843,0.1384024796556435,45412.02433760215,35157.13655614222,0.2916872301327489,65369.64681934036,52761.37357760873,0.2389678734043123,87008.09407824141,76908.20082438174,0.1313240089561134,107266.43598615917,92706.3961114128,0.1570553973131301,124319.44742824984,111452.89772992056,0.1154438328692741,131688.2044685998,121023.38317807188,0.0881219894079137,138488.94982329704,130772.60155321094,0.059005848155023,139358.5172357544,133430.30997505313,0.0444292399666137,137791.7146300373,130884.89068648554,0.0527702159303933,131266.09394247082,124746.69793189684,0.052261070783077,125565.9374097662,115492.01071218756,0.0872261781179255,117686.71736090964,107151.74781746368,0.0983182239956794,110489.5644458161,100732.76953125244,0.0968582017546593,101951.0191807435,95181.4626873726,0.0711226356712522,93884.88718835528,88194.67590823374,0.0645187617225577,87201.08965738985,82024.83519275741,0.0631059416635011,79824.10635305107,74619.40805386878,0.0697499274642454,74430.14662817557,69907.58254096753,0.0646934699044656
1,25927.892889858325,24503.165914128684,0.0581446079548493,29707.95631284792,26417.16492791175,0.1245701949439392,47317.24979284719,38335.53956763637,0.2342919997086294,74447.31296790476,60567.49195017884,0.2291628821141063,100916.9357792906,87934.09681209877,0.1476428306864186,122985.82162742548,105901.86979804304,0.1613186987346102,144173.71543996967,127377.24180146203,0.1318640080516708,154928.45740429586,141036.67585000597,0.0984976529726491,160994.2503552218,151316.11529584945,0.063959711366168,163578.9687305505,153391.46944243644,0.0664150315864673,161353.93029033148,150614.25742153678,0.0713058182714845,153154.14443233103,144567.37872432574,0.059396288317431,146112.93516168676,135086.85954028656,0.0816221182350598,137549.97312895005,127231.07479201123,0.0811036010959385,129605.71784291614,116686.05868064844,0.1107215318466348,119773.27510370116,107259.2583813158,0.116670736971693,110639.3587847168,96703.5771117654,0.1441082335232035,103027.1759419224,89013.39765459433,0.1574344835336678,95497.36564089391,81170.673628043,0.1765008391885674,88281.8569588276,75759.16779713938,0.1652960232512093
2,27556.78716775464,27130.649164634106,0.0157068856161399,32180.896785383324,28454.5836264085,0.13095651680935,54198.43875093319,41743.75912727804,0.2983602790941859,78644.83571118033,68010.34953354794,0.1563657039049131,105452.01289951398,96658.30393645476,0.0909772736012457,132462.92557733945,121640.02455451904,0.0889748342493104,153726.0757795297,142272.8057051942,0.0805021733954416,164840.10000871387,158567.92757691332,0.0395551138723071,171921.47531231405,167621.64683856157,0.0256519880030392,175974.37808495096,170692.86778919998,0.0309415991667179,171249.76245152252,167838.38638693478,0.0203253626183175,164892.9787376735,158218.95894407295,0.0421821748679289,159270.14513120646,144173.71543996967,0.1047099996359777,149827.3490517506,135765.9143008216,0.1035711711834574,139901.02717259282,131802.43489444628,0.0614449367694327,130164.9968260814,123160.21850179718,0.0568753320633479,119338.33883739382,113105.66055537207,0.055104919165124,110280.45713919836,104671.81504376556,0.0535831168408389,102325.81100230305,97574.57682991472,0.0486933618033551,94650.27456013624,89939.15362916654,0.0523812015220244
3,29222.88674621277,27694.84034866146,0.0551744071572222,35052.92690995938,29377.032216471707,0.1932085804877592,56239.451913751305,41628.59701021857,0.3509811992930296,82817.15009896478,65659.86209877569,0.2613055746961279,111486.83349129776,90501.28963103108,0.2318811582224256,139566.69154481022,118279.87401969508,0.1799699035997504,161096.49754736197,141673.099307107,0.1371001152318307,174417.17713930906,154783.66312279692,0.126844872516914,182589.07987741253,169147.28291842228,0.0794680040203368,185247.6558739509,173276.26372869062,0.0690884711365003,182956.744608888,171641.15047699277,0.0659258814127559,174991.34616120622,159270.14513120646,0.0987077711083184,167297.33744240084,147727.27272727274,0.1324742842254824,158567.88252157,137668.51477025505,0.1518093500623027,146916.92306012256,129266.28827955788,0.1365447636462842,137016.15042873996,119233.70689167907,0.1491394002638515,126069.23690317008,111205.21308684233,0.1336630127646996,117294.6482882097,102580.6275116228,0.1434385919984722,107958.30836598328,94748.9895382018,0.139413822692596,99975.35907285455,88089.3159031907,0.1349317229654334
4,27579.363034788657,8790.60829029145,2.137366849259788,33730.88789065468,10651.707518548972,2.166711800142412,52105.65170899098,17860.096058485222,1.9174340125811309,79559.55513882547,28551.99859970001,1.786479372398869,112935.22828276965,39976.06241059765,1.8250713420146785,132303.33163917702,50899.25325957616,1.5993177338861164,150091.17220395122,55960.88352957297,1.682072954131154,166727.8449176454,58921.83024724058,1.8296447041451769,178813.22467422718,60724.2682695048,1.9446748354483776,180802.6119880068,59787.3421396429,2.024095159903802,176850.40380925458,57349.10791282232,2.08375160914602,167949.3668063701,54642.53337064042,2.073601395220261,156585.62368945417,50949.18831345145,2.073368367050372,146609.57265325147,47632.10842532345,2.077956813167376,136288.0995970855,43825.74879259236,2.109772299432373,124142.6458640017,39605.65369280557,2.134467791565637,115823.46798225852,36447.501634929286,2.177816387591836,109859.93980423678,33584.44449249085,2.271155484760225,99056.72022879712,30984.281056241456,2.196999150924084,92589.8953173578,28477.69152032106,2.251313234125304
0,22736.225546814032,21544.12954238764,0.0553327532718819,26802.834600876067,23551.025892384103,0.1380750343255123,42227.8204703392,34586.045246850146,0.2209496682534124,65715.06480541835,55363.80567367771,0.1869679839704747,87695.75565668952,71669.39976877693,0.2236150426767567,110310.25127977048,98969.27100573052,0.1145909246253142,127304.06884005918,112982.04867663424,0.1267636791081383,137016.15042873996,125997.09915793664,0.0874548012965839,142872.51210328133,135286.09269010535,0.0560768609863979,144698.92761538434,137545.42028928926,0.0520083279475944,140242.8716695545,131495.573762474,0.0665216148102529,134531.4311222043,126105.46702845574,0.0668168025724629,128927.77453377625,121467.03167520056,0.0614219575112815,122155.62037360897,112673.8541015368,0.0841523204090239,113105.66055537207,103680.62491614612,0.0909045026189669,105200.38929670394,97499.29588490694,0.0789861438680312,97348.98826155256,89204.60580414832,0.0913000218316699,89072.09641607903,82440.43419555842,0.0804418643015576,82678.29015503684,76407.03340159594,0.0820769564560781,76478.3490684303,69844.6571964034,0.0949777998533651
1,25972.99377829693,24518.39535444405,0.0593268198356717,32367.109269924127,26903.28821912261,0.2030911986036667,52540.024258825695,39656.37884946476,0.3248820437757853,74794.25615879157,64082.62245935843,0.1671534854277621,102479.93084296717,91963.05129796338,0.1143598368754506,127157.90189461871,115618.63149611528,0.0998045924708177,147366.3325006023,132342.18523350207,0.1135250052021727,158368.0486675924,145758.5254404267,0.0865096788614219,164208.02008388046,151033.39360257075,0.0872298911324036,166222.55144554822,155802.79767709196,0.0668778348258651,161096.49754736197,152584.0700700672,0.0557884415678899,155219.0373174689,147727.27272727274,0.0507134833797895,148452.9449307548,137831.60432067112,0.0770602697576725,140151.9655470768,129603.5888036762,0.081389542070315,129488.65983225904,117854.07944075554,0.0987202178041881,119975.2384905528,109659.01224253728,0.0940754985572793,111180.76922378616,101023.2878151732,0.1005459397361578,103707.98382928924,93346.55464878117,0.1109995887849659,95765.81374268456,87676.26883855887,0.0922660716666814,88369.15901047122,81321.84769142605,0.0866595081039727
2,27946.557076473648,27213.433828659487,0.0269397552852033,33630.70000508515,28192.161371410704,0.1929096021417355,52633.60220495272,41960.74240411858,0.2543534549042336,79221.2157239175,63576.17653116198,0.2460833608810537,106270.68301441713,95814.73736774756,0.1091266952654526,132768.9403863937,114537.06668523312,0.1591788076017766,154349.49440553694,136250.26196765865,0.1328381478060898,167567.8369929818,150289.51791625825,0.1149668940075452,174589.00651494387,163892.63133865202,0.0652645276906311,178022.2631540182,168165.5065316584,0.0586134268890878,174531.6221672807,167135.457065208,0.0442525196744283,166866.20366369453,156389.3915576986,0.0669918336636701,159572.4756208718,145449.27603812842,0.0971005148148078,150382.23648294416,134729.499524381,0.1161789883716639,140951.95259969332,126430.63012185866,0.1148560476510989,131725.9105289395,121638.270445559,0.0829314659475972,121673.71924162304,112400.10309972748,0.0825054060107712,112428.15422857773,104284.76949791088,0.0780879582883862,103625.9478116119,96800.64335412216,0.0705088749515949,95546.13134423316,90073.65038651253,0.060755625360334
3,28785.872390263645,27605.66902183635,0.0427522103338173,33601.78097634704,29098.5030860538,0.1547597784317487,53170.23366272813,40888.23986920842,0.3003796160658136,79975.94452701167,53061.2244897959,0.507238954547528,111090.26083693004,63239.39627521922,0.7566622608707838,135485.59333346045,78255.01525816762,0.7313343162286274,157077.85561281696,94966.7783585994,0.6540295283018127,170804.03913489342,109715.50360726146,0.5567903670779746,179386.90123770636,118953.98825075774,0.5080360387711815,181250.0,129516.69522678768,0.3994334837113134,176730.90088760748,137121.60653832715,0.2888625312175661,170581.79998198804,142811.37279364516,0.1944552919358155,162797.35871024098,141801.6597558577,0.1480638448839875,156144.50731177302,137749.74857221692,0.1335375122656752,144655.52028164093,130291.97161037878,0.1102412412194857,134927.83336243388,123826.47752173882,0.0896525207118656,125781.1248197404,115268.44595187248,0.0912017055583209,115427.4313637612,104893.8948673889,0.1004208730135267,107266.45767343276,96949.75975337336,0.1064128260482917,98611.6241083736,89783.19120321242,0.0983305759892092
4,24924.05407011381,8794.826730532077,1.8339448671100689,29015.03685737394,10290.931899984462,1.819476130963198,47758.27822511189,16433.898284733885,1.9060833526927992,73832.3807317756,27490.3133598648,1.6857598807720071,103742.23504625852,36415.10870288735,1.8488789060797943,124496.24899249796,46542.46922633618,1.6748956611449275,137346.45884458415,52222.75350032844,1.6300118174297404,154683.23588278593,58996.31389154248,1.621913568484163,162714.89166401722,59433.956011709095,1.737742909658592,163438.9703132101,58453.82231002324,1.7960356372654993,157675.91410777552,56274.448821438666,1.8019095239491056,150151.47734174118,53417.89109269864,1.8108836622017908,142551.99081413812,49768.95085268964,1.8642755849138872,133365.13412844008,46461.91887810329,1.870418126258078,122881.4075575986,42496.5142286198,1.8915643974122145,116581.41723633472,39512.11978781503,1.950522975289389,105124.99567670366,36525.22171658858,1.878148050473278,96017.84813579272,33257.33509891738,1.8871179200079191,89916.76623665933,30731.21920263547,1.9259095008162963,82405.4546193862,28589.24858335545,1.8823931618602368
0,22472.535897294973,21441.59049805408,0.0480815730220414,26871.41159030637,23923.062068876046,0.1232429825639307,43809.2002556076,34299.22448296917,0.2772650377958394,67376.31066580789,57411.08777811688,0.1735766255850217,89849.66662670785,79824.10635305107,0.1255956468753323,108046.06523343216,103190.01237208307,0.047059330159193,126105.64293215056,116034.4461951009,0.0867948877880273,137097.42065811163,130467.57707633136,0.0508160244127275,140909.93396575065,135886.0035877645,0.0369716545143763,142443.41629043198,136651.51172047522,0.0423844895459648,138612.70748344803,133277.26815057543,0.0400326282711966,133586.79848109125,125533.66267657724,0.0641512056034081,127928.1360289976,117002.27578933394,0.0933816044684121,120955.4431158301,112674.23432238886,0.0734969165155066,112735.42155595389,105011.93864235464,0.0735486175519866,104339.93790583542,96406.72796601274,0.0822889657931287,96825.51401082073,88238.49310431015,0.0973160420629521,89827.31051080901,82144.077050429,0.0935336269669595,82737.43762823389,76194.38121247817,0.0858732141614162,75418.28673605483,70223.3952304647,0.0739766496413498
1,26396.186652474666,24678.89508854848,0.0695854315099804,31020.30877382436,26802.834600876067,0.157351796395835,50767.17444073079,40432.27153374576,0.2556102468385746,76980.17056781052,64573.40528044034,0.1921342886206476,103436.36267831628,90795.55823496928,0.1392227184796191,124993.6993567432,113206.69916384383,0.1041192816322649,146246.9386512886,133352.1146320826,0.0966975593509162,158567.88252157,144698.92761538434,0.0958469778231523,166119.6052127364,155122.2494642351,0.070894767104553,168001.3173105705,156734.92401222372,0.0718818308641162,163474.03248125868,153821.537770329,0.0627512561039522,156389.34766062722,146469.465190442,0.0677266245035252,150382.8481715474,137709.5466360828,0.0920292154396209,141502.92653568383,125781.1248197404,0.1249933305849719,132071.9738840267,119438.48227619946,0.1057740467482875,122119.583636972,111210.95413243612,0.0980895235512975,114038.87974453215,103626.02917549,0.1004848941129266,105340.05443782677,95473.00903784436,0.1033490564445414,97099.199798167,88785.5067895263,0.0936379518376691,89050.74148564495,82578.33466267635,0.0783789943137953
2,27829.32123977597,27091.55395632292,0.0272323722973768,33910.03460207613,28394.402267680893,0.1942506935838281,53212.02856025908,41838.1278117457,0.2718549166370743,82221.91570556008,67751.56254952424,0.2135796225431474,108306.47853397884,98764.74181068524,0.0966107595520622,136207.54508656132,121981.79034805697,0.1166219539647128,154397.63036984875,143045.0366742076,0.0793637721349065,168818.6931684429,158467.92059270572,0.0653177787467833,175221.8587168267,167351.29754792276,0.0470301771436827,177668.72106509216,170582.2653337373,0.0415427460614998,173959.3956907119,168273.07001322616,0.0337922501624223,166008.7898437109,159371.9681057054,0.0416435952751963,159270.14513120646,142872.84544849128,0.1147684826409281,149413.13872223516,135286.09269010535,0.1044234906280432,140909.60916153467,125136.60624577032,0.1260462736602103,130316.22446735672,112705.95738981648,0.1562496560552835,119840.48925193836,102702.62905891408,0.1668687583761208,111241.16223404458,94362.34031454954,0.1788724385515534,103217.57241818227,87760.57798558778,0.1761268531655853,95765.83131899944,81030.01949850601,0.1818562047953738
3,28965.31934440585,27556.78716775464,0.0511138024936157,33758.343850500016,29483.505574981664,0.1449908412229577,50817.24568007204,39788.24168556311,0.2771925455180577,79183.7466936884,56171.547916234806,0.4096771342632443,109686.1622502316,72556.96571137372,0.5117247692875568,134689.79297800697,89648.77363317444,0.5024164583570516,154735.09703594318,97800.89321046976,0.5821440066293639,168109.8876764078,113726.59979372224,0.4781932105710202,178554.8213443564,127597.11941032347,0.3993640465359132,180645.9777891896,139484.63985295472,0.2950958469665714,178376.81409281504,149006.31117868115,0.197109120290309,171249.76245152252,154349.49440553694,0.1094935108862871,162589.6770398455,147456.44956394978,0.1026284541683113,156095.59181502237,137913.52931964942,0.1318366848058207,145491.87257923017,129638.03095251451,0.1222931381341543,135725.63771733042,122603.60267287587,0.1070281358653548,125889.22888236816,114447.15662803734,0.0999769028034351,116872.5929965926,106865.78419258785,0.0936390340426551,108714.7894015852,99174.49113212162,0.0961970982715088,100001.3014547165,89552.84605721581,0.116673627444795
4,28428.64854063749,8837.159481092676,2.2169441551282736,31258.914675810505,10054.685576692033,2.1088903215703154,50566.40680482712,17565.369268472918,1.8787556943414727,79562.75323578893,26760.20644242514,1.9731741198248605,104339.93790583542,39605.63946514796,1.6344717397544395,134730.8267097774,49572.1309948968,1.7178744186657475,152536.48782940814,54275.15814362768,1.810429173246308,166974.6201313809,58489.21905087505,1.8547931198421912,174416.96145032425,59863.51226546666,1.913577149915071,180471.6743007961,59158.43338566992,2.0506499914264493,175221.8587168267,57492.99587202208,2.047707917445562,169412.76949060633,54506.8243897272,2.108101992500874,160639.06532199046,51071.40021629188,2.145382046344331,148456.16888484036,47683.911246633455,2.113338755224731,137097.38637773957,44562.39083630422,2.076526725896597,128149.36611384852,40685.637568274426,2.149744572609966,116387.93388108697,37027.53211375425,2.143280884168175,105620.45552206373,33463.434751497545,2.1562945138898817,99871.58927090291,31292.00560683446,2.191600772597652,92009.2644272064,28710.75715604801,2.2046965507429803
0,22591.792282136383,21576.305180919764,0.0470649211114528,26304.14474654604,23685.030077529544,0.1105810151155897,42322.3893038105,34985.70765434512,0.2097051093535389,65083.71961025447,56723.83010168165,0.1473787911286508,88939.58702800973,79408.93315768953,0.1200199208242014,110969.75271079985,101206.98788455292,0.0964633473469569,127523.7670223268,114667.7050548115,0.1121158041958725,137476.89880557297,128853.33333333331,0.0669254356806676,142833.50850773035,134136.68329648027,0.0648355468282126,144174.31822495908,137178.99975413329,0.0509940915399844,139566.69154481022,133743.58080567053,0.0435393661816239,134294.4174586016,126323.70347122075,0.0630975325165059,128482.04169850762,117099.51212226198,0.0972039026461637,121091.48602517036,111574.14878342736,0.0853005588258331,113105.66055537207,105256.24281260362,0.074574367591131,104229.6422530286,97726.14177985289,0.0665482168305193,96900.01837185108,89671.3787030814,0.0806125630420497,89782.76993491688,83137.07767722977,0.0799365631239561,82518.86497585531,76908.20082438174,0.0729527422476752,76944.1739460649,70525.26144987476,0.0910157915650171
1,26530.84162391417,24686.572949121204,0.0747073592836875,30937.343077609432,26501.777814526584,0.1673685929346051,49630.95685853285,40278.07975465724,0.2322076216355413,73578.13891134836,61892.081264981,0.188813454120817,99767.81946908245,89782.62951259218,0.1112151650124015,126214.33447045466,110410.53424051248,0.1431367064624107,142278.2075769009,130923.13669439848,0.0867308190836237,153677.98353909465,144435.98130261266,0.0639868414582842,162537.80403902743,154494.03097707054,0.0520652675775592,166705.56332640577,156487.61752184862,0.0652955547944906,162590.52721925027,153917.4250687288,0.0563490595470179,155510.43941620432,144217.61485853963,0.0783040585488923,148909.07418939465,133352.1146320826,0.1166607638749002,142014.35709952388,125244.70584846476,0.1338950907142451,132187.73290905493,116586.3549927049,0.1338182149817295,122050.6594110873,107641.03284275194,0.133867412712267,113167.53827099218,102008.24647667212,0.1093959770877155,104092.62442377878,94916.04169178932,0.0966810516792049,97049.35043234796,87050.84903819353,0.1148581720296328,90456.13710336742,80473.00647924049,0.1240556437605231
2,28436.01893998941,27327.250636116387,0.0405737232273066,34293.71471424992,28371.586728733862,0.2087344652993379,54192.46487954182,41404.79194382161,0.3088452407409903,82817.15009896478,65059.48585188788,0.2729450442861378,108016.94448516137,95039.08791493408,0.1365528316290585,135405.71275421607,119538.75812512392,0.1327348123567073,155949.5442189552,136610.9964346031,0.1415592323390282,170028.0095810485,154111.59101019427,0.103278529969893,178258.51811790152,166866.20366369453,0.0682721498067235,180045.35183243343,170692.86778919998,0.0547912995098509,175165.2906054611,168818.6931684429,0.0375941628139826,168273.52355233376,158919.01382638825,0.0588633763872012,161814.83354175676,148452.9449307548,0.0900075685075465,153201.05239448193,138393.68995951166,0.1069944911455305,143955.913464926,129825.85459581618,0.1088385584913005,132962.27581941866,121706.8645640074,0.092479674796748,123860.81701840696,113726.59979372224,0.0891103509914674,114604.04995249512,105396.01267830752,0.0873660875795425,105732.64516762432,98154.42017533956,0.0772071698732193,98179.96640089524,90163.41948242288,0.0889113008855566
3,29319.05395880648,27739.568988306608,0.0569397805411355,33285.85226112109,29614.974492339923,0.1239534334135812,50918.93295089503,38780.679535330586,0.3129974399882824,83404.01922688005,51112.22687613413,0.6317821453759422,110012.30918564292,67062.8919541293,0.6404349108727794,138124.07673954917,83017.56419521189,0.6637934162312558,159673.43468368324,93586.57122378476,0.7061575458499405,174703.93744620145,107794.33531453671,0.6207153830155077,182222.47347692537,119171.80288572315,0.5290737327492065,185060.3645823013,131745.5057744369,0.4046806643950753,181250.057983408,140548.61218981573,0.2895898092442461,174187.9634160111,142837.85972475397,0.2194803517195527,167947.35842589388,142576.18573016644,0.1779481795350019,159573.20513278502,136772.85318559557,0.166702320059451,148361.95825533225,132448.13169770292,0.1201513857058453,137668.27293177252,123622.78418022848,0.1136156966912123,127523.7670223268,112874.99040873286,0.1297787628645557,118707.49349252704,103525.78255641318,0.1466466667647845,109007.77320530408,96716.9916090077,0.1270798583767329,101818.12277938728,88508.03693466914,0.1503827935370745
4,24728.100752408434,8847.776876798403,1.7948377424902215,32309.408974091617,10555.420189625422,2.0609306302981176,49189.41247607495,17939.077522803636,1.742025748734671,75663.79170915551,29580.81484973857,1.5578670531391468,99364.04099596942,39780.086071499216,1.4978337356378837,125940.51763904274,49067.21479622448,1.5666938333889973,141843.56373482314,55672.76641363617,1.5478087918419083,154253.3081285444,58711.06612579672,1.627329365779783,169476.7886577193,60749.34710379121,1.7897713594874616,172936.13750475374,60041.81005144849,1.8802618934467268,155802.62332650064,57830.46766767547,1.6941269820231288,149092.0856896913,54733.62927125659,1.7239576047625098,138695.5044351964,51378.694703431865,1.699475049644112,133784.20072285878,47443.30902628723,1.81987499330479,127523.7670223268,43636.004686103646,1.9224437007849648,116387.93388108697,40454.714678542114,1.8769930725236617,105733.4053095906,37239.114410474416,1.8393104128128912,97550.94418374971,33793.72357640164,1.8866586413067,88917.86240840559,30968.503785434084,1.8712353371824104,84229.70379108374,28607.905819477164,1.944280658730969
0,22290.139779058045,21492.78000018477,0.0370989596909481,26815.751447137816,23856.83546079064,0.1240280166751468,44723.78239316128,35454.07310212441,0.2614568223046123,65570.91261865462,55500.81121164162,0.1814406165814877,89782.62951259218,76622.03977359274,0.1717598458340068,108861.41504442834,97952.18478717032,0.1113730161400841,126467.74486215987,112275.0297161305,0.1264102550844421,134848.42012331437,126902.7493707759,0.0626122821761989,140235.8612886823,133665.18964338087,0.0491576876734474,142571.31591193978,135247.78997641726,0.0541489508760142,139566.69154481022,132264.63855059637,0.0552079004201908,132962.27581941866,125136.34616570597,0.0625392213653863,127817.53645758628,118412.92342394196,0.079422184350385,120615.90439581111,111150.58431513616,0.0851576277263528,112183.21171451516,105592.20265583076,0.0624194674692719,103000.1204012934,97700.3790999146,0.0542448386608505,96850.31291679488,91091.16485248812,0.063224002828738,88369.15901047122,83217.3299517553,0.0619081273300003,82221.91570556008,77377.69018559599,0.062604938301271,75963.40964284183,71134.44982984019,0.06788496747431
1,25854.32719229197,24579.36904154148,0.0518710691310135,30134.08866123592,26250.007880176723,0.1479649377169269,49250.46956925234,39461.722247639445,0.2480567690427764,73781.41924875542,65312.63587440453,0.1296653130128797,100261.85012395296,89426.30250562694,0.1211673446707048,125430.72125263711,116904.93733103844,0.072929203130714,144173.71543996967,131725.65606481707,0.094499885193416,154205.34326678293,143781.5967932847,0.0724970838130592,161561.13222453155,153486.9317315729,0.052605133231012,164207.58698682123,155900.19217700677,0.0532866232799915,160332.00234937912,152583.90243421216,0.0507792748223072,153775.7417845833,146291.02598226897,0.0511631916726151,147276.29394899655,138902.05904709577,0.0602887744022673,138488.94982329704,128038.6153381272,0.0816186152714348,129863.84667270696,120514.50705462696,0.0775785409290361,119405.3129512602,112551.00416505724,0.0608995791468109,111543.87100932735,102864.7219178552,0.0843743990131338,102272.13912323378,94602.1854560617,0.0810758613048574,95012.4962484103,87847.15732220786,0.0815659737277696,88412.85548059782,81418.8039284785,0.0859021652819067
2,28037.22108199812,27322.86083155767,0.0261451483738981,32246.454882262748,28589.34733161163,0.1279185393157753,53168.88163742521,38708.72387265414,0.3735632776823852,80702.05894855855,46696.79211597504,0.7282141939885045,106524.04882356216,60245.97633462919,0.768152087566593,135688.6227343451,77178.47288743657,0.7581148947096237,153248.508832797,91091.16485248812,0.6823641357640524,167621.64683856157,105228.2637336484,0.5929336937730152,175456.29628648673,117201.68308242375,0.497045875724281,178436.3561001462,127671.61177684838,0.3976196714115843,174474.29180880246,133867.3136616203,0.303337514113605,169696.96969696967,137439.68320920353,0.2347014030777834,161301.4566688214,140403.86745027412,0.1488391281383216,152441.91002447158,133118.01663183747,0.1451636215860841,142271.00512800366,126437.824742714,0.125225029911012,131572.19376015128,116090.8734310502,0.133355188668607,122603.60267287587,108159.99414847676,0.1335392872208523,113913.82229664634,96888.29455129772,0.1757232679571463,104367.79005387543,87945.62947313617,0.1867308322098664,96232.01660551409,80242.33387153175,0.1992674186119991
3,28847.108449745392,27694.84225676845,0.0416058045138472,34546.620012312385,29639.40543593503,0.1655638668928161,53602.52568923565,42911.970742319616,0.2491275688807517,83946.17583880002,71182.87141331416,0.179303028552717,111513.87291414612,99270.21205622931,0.1233367049823732,138887.22488527067,124037.7027270656,0.119717810244198,158919.8282072203,139969.48356261163,0.1353891159863554,172427.85660110577,160129.4440516723,0.0768029429082692,181613.8037605438,170194.91874308485,0.0670929843369543,183448.6175181657,174302.4085778086,0.0524732217700494,180164.89249903665,171809.3139578948,0.04863286133131,172146.2178198361,161301.4566688214,0.0672328779601836,166062.30395678303,148044.1403413401,0.1217080498687694,155510.48285013,137872.63610927135,0.1279285523117128,146291.02598226897,128482.04169850762,0.1386106886871507,134571.00502382597,115554.84832075436,0.1645639017264513,124567.14110870736,106751.7005612646,0.1668867142516248,115173.1935943728,101048.56600347332,0.1397805842233721,105901.53095539368,92706.3961114128,0.1423325185472987,99097.56869859873,89426.30250562694,0.1081478929799566
4,28830.39877195244,8911.808310261245,2.235078422721066,31809.933641392807,10922.53274044796,1.9123221140455195,52591.45187939682,17649.64953856621,1.979744825214764,74330.5345753287,28176.859776379228,1.637999236438699,103492.11650442328,41077.15089267765,1.5194570279427937,140026.69279386068,49887.12559395257,1.8068703323094453,160484.40305937122,56519.93484859663,1.8394300787725693,171473.24865994797,60169.20039336794,1.849850879501605,179208.04430225692,61440.36287923854,1.916780368867475,187452.75888133032,60310.10690721151,2.1081483435227653,175568.44378655145,58073.352217471416,2.023218689513356,162745.15431778488,55914.64040217501,1.910600035110917,153869.41753122935,52126.83759933291,1.9518272087389872,147006.6484643744,47517.1633814058,2.0937589284191227,140994.1515993195,43817.50004491756,2.217758919490743,133665.15695305762,40588.46204074113,2.2931811217406985,124119.32298092626,36981.4907050727,2.356255267554723,113044.42843803938,33857.57497631051,2.3388223615286794,106223.90554276892,31313.036666860964,2.3923220757182966,97677.47913892864,28706.49779174614,2.4026261178754256
0,22199.661598742627,21486.37248637727,0.0331972794764492,28617.228383812275,24276.41236026949,0.178807970433346,44410.56325443523,37278.76287789422,0.1913100067161848,66923.86545471459,58587.65872131877,0.1422860533316114,91411.02928202254,82182.4466152533,0.1122938418951424,111574.14878342736,102031.11136218449,0.093530662303261,125781.1248197404,118014.33567997566,0.0658122514948205,136732.3719525411,128407.96578509526,0.0648278018933627,141417.98564966657,135325.89915916865,0.0450178903546945,143001.88699133697,137749.74857221692,0.0381281161930147,137831.60432067112,133861.54420701857,0.0296579584313834,133547.65189955744,128630.40616614014,0.0382277089840341,125709.2501631177,120719.11149526328,0.0413367743188717,118541.27540914496,113788.9830748522,0.0417640812482402,110789.4290164012,106524.04882356216,0.0400414764548038,103108.66467778308,98611.6241083736,0.0456035544498005,94266.45392082162,90704.9676788321,0.0392645114499132,87760.59294658407,83843.75359879364,0.0467159350538284,80740.53660059685,76585.49692006092,0.0542536099866652,75261.07408978272,70129.64348948808,0.0731706357677948
1,26573.08612925473,24802.11805698452,0.0714039046262624,30700.458664327707,26129.61574301412,0.1749295881833099,46560.31801988439,39105.01173108808,0.1906483583246037,71021.67310436977,57174.911082038336,0.2421824845947409,103571.31138900464,86518.51851851851,0.1970999175955161,124568.17261037244,112521.9153534079,0.1070569872467044,142786.36097473087,125493.97568956728,0.1377945450380784,156193.46660214473,142313.93287428055,0.097527581787268,164734.4394945352,150447.4274776132,0.0949634849625324,167405.3074968168,154642.865293869,0.0825284902649419,162434.19976190611,152583.8186163556,0.0645571806687936,156340.43226732686,142356.7135524992,0.0982301316591625,150667.6346475811,132652.37618576307,0.1358080343513024,142486.5288930245,125745.18749142904,0.1331370347889979,132419.50762252876,120819.83323874944,0.0960080317348019,124567.14110870736,111210.95413243612,0.1200977644735064,113570.91958419138,103735.34274243236,0.094814135488809,106240.46855962626,95424.33078592057,0.113347798036657,98510.04625424644,88064.37163183378,0.1186140822770229,91502.70898502418,81710.93168666653,0.1198343611587462
2,28256.30305645005,27499.164206092904,0.0275331586328499,32477.681367368805,28538.04695454074,0.1380484943172055,54949.591067531015,41466.14375891272,0.3251676207706238,82976.89796721053,68114.2592176223,0.2182015765906328,107467.824564569,98306.48290741176,0.0931916328019348,136328.81780644285,124709.09731834456,0.0931746018370789,157969.63781440235,141206.05045752355,0.1187172029991836,170804.50563152082,158472.4208453737,0.0778184918256528,177433.8077325764,170693.69609899778,0.0394865878917374,181736.23673846264,174187.9634160111,0.043334069555794,177433.58494265267,170804.09096778708,0.0388134378825615,170915.52173304756,159774.48504397337,0.0697297612069156,161917.82654481634,144435.98130261266,0.1210352509433012,152064.43454333954,137914.3959185512,0.1026001566445971,141460.87417936907,129901.09542434508,0.0889890783234883,133040.11382092978,123369.71922103396,0.0783854795241121,122603.60267287587,114226.83057711126,0.0733345401727636,113322.4483032693,106268.76472103648,0.0663758875973505,104699.54388551916,98003.14715243052,0.068328384624968,96999.69907199033,91640.4709893974,0.058481018536155
3,28870.68908424363,27851.81020719624,0.0365821420391603,35225.175405979426,30143.713426165275,0.1685745186060372,56029.06132285057,44268.19294473023,0.2656731073889562,82046.26153788327,70893.09429813892,0.1573237471175967,114793.3211972235,101662.47272746304,0.129161214728287,139984.38834105278,127450.47450747642,0.0983434065821473,162641.4083161488,147863.0392395818,0.0999463365055122,175916.50480406912,163840.80973403994,0.0737038292817977,184066.12922257857,174073.8407193019,0.0574025853740394,185873.87669145263,177845.49210955517,0.0451424688175501,181978.65518824628,174876.7404420537,0.0406109739250648,174531.67615646566,165159.41502304608,0.0567467566539381,165902.05646801786,151594.46331677865,0.0943807104705494,156683.89365443014,141303.03456401912,0.1088501682774727,147908.21571898082,131879.309217457,0.1215422388594227,137097.38637773957,119806.762257093,0.1443209364388185,126575.6111114181,110969.75271079985,0.140631640779528,116517.0829874968,102756.61994761322,0.1339131536916926,107987.23099147,92846.71299173702,0.1630700485980629,99071.796831537,84927.99941573637,0.1665386858645339
4,27391.5739290473,8937.575073995971,2.064765744876768,31424.406344039387,11241.055248457644,1.7955032378611473,46282.67254262462,19121.020934626613,1.4205126232988148,74104.74654744322,30344.59824583281,1.4421066954682766,96676.84536567928,41964.74235381384,1.3037635868362023,120751.51421627252,49719.48302746766,1.4286558681546029,134927.83336243388,56945.109450428834,1.3694367201083288,147276.29394899655,61138.9511265333,1.4088783211899272,155473.63657202316,62009.87498029136,1.5072399617228296,157663.31611788055,61060.3814897393,1.5820886190233616,155839.28495382416,58219.57815035153,1.6767505005166925,158021.095385273,54809.25122446678,1.8831099103709803,158918.74236706563,52337.0393431331,2.0364488393231324,144786.72799944927,47907.488617584255,2.0222149433712096,134387.8945701701,43743.09109155125,2.0722084611923184,123642.21488567255,40573.55146931796,2.047359928035182,113082.92703458812,37412.0215288494,2.022636105012045,102678.29317709268,34454.257232374206,1.980133702624511,96999.60908500904,31450.88618862681,2.0841613970192614,90125.09305615768,29088.95531387019,2.098258156187007
0,22179.620956587143,21460.768457033035,0.0334961211194899,26764.3728288157,24268.939462097085,0.1028241621606889,43792.66022270828,34574.04142612091,0.2666341109206471,65743.97267241687,55960.88352957297,0.1748201337399175,87501.55723575423,80740.53660059685,0.0837376232536382,109567.57599009776,100837.88021771908,0.0865715914845732,124248.64114840256,115739.18051711933,0.0735227309651167,132884.5025563351,127450.47450747642,0.0426363893101073,139650.08879810883,135767.1260357304,0.0286001690965789,139900.70671649234,137057.45363169117,0.0207449723416117,137586.24451871862,133587.0923714292,0.029936665858181,133118.01663183747,126648.19014025362,0.05108502920112,126249.74258158264,119672.65384206612,0.0549589946270967,118673.58995189842,111726.26171914017,0.0621816941322408,111090.35342161798,104037.02559533795,0.0677963233369878,102540.89631050498,96627.12225311148,0.0612020095341612,94242.6487974033,88348.99198184942,0.0667088178749641,87630.99300904572,81554.53168214553,0.0745079543903566,81243.09018561452,75814.87197519574,0.0715983298394902,74757.5039139142,70035.89618657736,0.0674169673613993
1,25789.15103595674,24541.24186560406,0.0508494711549905,30577.826024729093,26623.916022497,0.1485097082972721,47149.79091983024,39034.1935670876,0.2079099530721559,76764.54293628807,61878.427804312334,0.2405703515779744,102676.05354907348,91114.86190969,0.1268859041990597,125637.55025465383,115714.40601719246,0.0857554783281437,144480.52431504696,132303.652335098,0.0920373078522989,153869.41753122935,146827.27571844726,0.0479620818293049,162435.37844159067,154689.2404278883,0.0500754803131469,164578.17200764967,157572.34514560428,0.0444610179252691,160484.40305937122,153010.67747620938,0.0488444708986004,152442.95591930853,145935.07612754955,0.044594349517939,146469.465190442,135047.28629884485,0.0845791071012054,138777.95105558907,124425.4141208028,0.1153505257442955,128407.96578509526,117555.5471915892,0.0923173670045449,120176.82823639976,106637.78888511728,0.1269628664738007,109894.01800901668,98053.22903805936,0.1207587867031008,101525.060262282,89715.670410841,0.1316312947042748,94842.90623676711,82064.19835426279,0.1557159899051223,87222.785205146,76980.17056781052,0.1330552343777018
2,28009.959227462125,27305.31465962481,0.0258061324918272,34451.7193045096,28487.478609503924,0.2093635866045335,57301.2762994466,42117.85259924135,0.3604985240980387,81789.21031210858,69750.41681778482,0.1725981584565117,110670.1174654118,98662.75615792377,0.1217010529106703,137995.52364632578,125459.0258618658,0.0999250368663233,158268.44622023666,142614.28061243775,0.1097657649751078,172596.96638031115,159674.16506512556,0.0809323243363435,178851.12457081128,169147.28291842228,0.0573691843283645,179924.95238601428,172881.1468648475,0.0407436302274959,174302.4085778086,168764.1310384266,0.0328166744041182,168600.140560966,158368.0486675924,0.0646095723187845,161506.83555873594,145757.5640670428,0.1080511436404705,151594.8359115966,133195.98432320746,0.1381336808453872,141758.3315209651,123649.9913333284,0.1464483740950801,132033.24919792067,112612.3579625756,0.1724579041475999,122395.83333333334,105620.2658618596,0.1588290593153256,112520.91979573114,102487.065237207,0.097903618718135,105200.97500512342,96355.22684352486,0.0918035113545374,97149.10327592772,85718.08705599983,0.1333559416982788
3,29323.873875778445,27883.34484874121,0.0516627052762741,37106.4820508465,29304.61524323497,0.2662333814265862,57076.07009090809,41923.51749878479,0.3614332359531265,86712.70542609839,69345.72125133144,0.2504406019777823,113260.45070045738,97651.75270126264,0.1598404285373662,143138.6946915306,124390.08243012996,0.1507243334446035,165051.7119855858,139541.3966679331,0.1828153933299066,176789.60050637275,160281.11012308663,0.1029971053395408,185811.34600345435,170703.01487016134,0.0885065278125556,188537.4363337608,174421.3292059805,0.0809310833258816,184066.12922257857,173220.1615589317,0.0626137717805841,176264.56582158676,165582.8845723326,0.0645095734190328,169753.1163716372,155705.1416512525,0.0902216495319678,160230.9072711825,147366.3325006023,0.0872965659950018,150243.70825515955,138078.14323799437,0.0881063775328754,138696.76563479553,129039.61980123904,0.0748386104084271,128407.99611090538,118739.82572057836,0.0814231478920846,119204.94647843248,109952.8573314236,0.0841459637480899,109657.09174760518,101924.28230312285,0.0758681765497741,101154.14170222278,93813.62343287776,0.0782457600584742
4,24211.69153268998,8938.672692848168,1.708645048840613,31556.255476524537,10537.068270838392,1.9947851399859755,47966.487201844815,18432.440342690938,1.602286312070723,78468.62266221072,28543.952202686072,1.7490454757287108,107784.68477812856,40603.38004054884,1.654574192357598,127019.57976137556,50564.81979558902,1.5120148805999705,144666.16108718948,55386.60756200732,1.6119339575949017,158442.01203052688,59610.287249351495,1.6579642431139363,165887.66880126012,60787.21923324075,1.7289892660618116,166456.49879865668,60169.20039336794,1.766473506551769,154498.66438555188,57687.731144444726,1.678189301615998,147941.20091550407,54619.30038252052,1.7085883539227606,139772.25082009088,51719.77247514932,1.7024916029406283,133978.99233097874,48491.73932826425,1.7629240399897714,123398.53851310365,44749.18341968708,1.757559559373219,113086.85049374356,41147.25785680272,1.7483447593834571,102517.09115561664,37519.09157314562,1.732398010110498,97151.68428079832,34192.48991858201,1.841316456102864,88508.53674591976,32050.314128328035,1.7615497430551073,80717.42434786231,29160.62820652635,1.7680276219082685
0,22687.806686577027,21660.249947038687,0.0474397452499768,26320.84811994392,24171.535341103896,0.0889191666358526,43809.2002556076,35479.00806096787,0.2347921390678384,63697.11630733832,53755.44986127624,0.1849424843754075,89919.01921402165,71734.62525492992,0.2534953503202697,109656.27837178744,95115.16203320304,0.1528790576365559,125458.32897707442,112550.9093028846,0.1146807231868272,137138.03863261145,128038.49468661312,0.0710688138615684,142915.84706177816,134689.79297800697,0.0610740717755382,144173.71543996967,135725.63771733042,0.0622437872808796,140656.41459556305,132419.21852270482,0.0622054424180571,134650.8488115637,127084.90778256045,0.0595345360910077,128593.4594817817,120210.36814425244,0.0697368410640713,121706.8645640074,110369.99945191036,0.1027169082938761,113539.81250741662,104589.87020416334,0.0855717889866642,106014.67270030224,97499.29588490694,0.0873378288336284,97348.98826155256,90051.18457957955,0.0810406183554848,89983.97540811944,82282.63411431151,0.0935961928869317,83358.06333325832,75541.92536819931,0.1034675503299966,76443.42268063764,70368.556386562,0.0863292727039051
1,26071.75806340245,24652.04763625556,0.0575899595885471,30782.57812060328,26250.42915074424,0.1726504714964079,49798.7751645676,39483.33629434735,0.2612605680867215,74620.75220014172,63472.82851204541,0.1756330062710336,104174.55613082644,92333.67216464698,0.1282401499754619,128483.13461019468,109893.4508920551,0.1691609788139207,146335.61640236469,134136.7162030795,0.0909437814238449,156930.2304016482,145581.74086599122,0.0779526983820266,164418.0866823201,154831.71257795207,0.0619147973290139,166436.70697724752,157572.34514560428,0.0562558221967957,162330.7369824974,153965.26220415992,0.0543335208122772,154061.19212802895,147051.6284395826,0.0476673652840662,148316.50467325997,134610.57892544768,0.1018190832936178,140026.47879650333,127964.78170439388,0.0942579429391179,131113.70730456916,116316.38678135668,0.1272161294953862,121501.24659756296,108051.1209463034,0.1244792791917785,112275.0297161305,100027.41525038956,0.1224425767184187,103135.67979445188,93947.72886517142,0.0977985422347622,95765.81374268456,83078.74827723643,0.152711321830596,88786.36272697,76883.52446296763,0.1548165012874194
2,28283.92277913019,27446.11560672205,0.030525528071555,34027.34247062626,30123.7422805891,0.1295854994932861,55592.40775811002,42607.82816723594,0.3047463376896269,78812.49005043974,68296.78935816373,0.1539706447565096,111878.09393654,101259.87300573105,0.1048610927075524,136732.44017161353,125175.86779537004,0.0923226863115138,158119.04201708414,147636.9195868728,0.0709993303812019,170138.56159864264,160586.2338732641,0.0594841008159972,176264.56582158676,171641.15047699277,0.0269365203609126,179029.47114069265,174073.62583141564,0.0284698229591457,175916.01159541405,170971.0035487585,0.0289230801949718,170692.86778919998,159673.43468368324,0.0690123133340652,161609.12827654366,147908.21571898082,0.0926311800258208,153486.88935489944,135805.78697482753,0.1301940276179043,143477.64885680386,124142.674334614,0.1557480103100921,133665.15695305762,113353.45910805052,0.1791890428826317,123369.71922103396,104561.02397692444,0.1798824698604748,114101.70029654374,95327.14872383657,0.1969486324100302,105676.43442059528,88020.67593037298,0.2005864906580419,97624.84300455826,80625.18056256391,0.2108480542105932
3,30721.018168803574,28814.109876025366,0.0661796703414683,41823.04909692205,30901.143812043607,0.3534466345747911,68175.17792293565,45921.45014151748,0.4846042037618197,102864.7219178552,73968.33969882848,0.3906587918112263,140026.69279386068,104810.66689529236,0.3359965826164406,168711.1892728071,133900.62494031765,0.2599731281911885,190280.3027500964,151975.30690771592,0.2520474978585858,201258.869196628,169202.14957029815,0.1894581109503652,205178.91562370976,180164.8351701708,0.1388399707962568,206185.0298658008,183818.76740852324,0.1216756198107358,196796.6848100169,181128.964208994,0.0865003599476499,187262.4164350188,172428.80640853388,0.0860274471270174,175279.56841166777,163161.08580837952,0.0742731181473044,163578.53875553273,150986.60381236192,0.0833976963864913,154928.45740429586,138571.43161374508,0.1180403897113833,140909.60916153467,128927.77453377625,0.0929344718086282,128259.99584777949,118183.2200034958,0.0852640150097923,121193.80347986364,111122.96996922763,0.0906278289126436,111000.00684788486,101430.97873985514,0.0943402915648863,102972.98440585188,95451.84929574453,0.0787950696146717
4,28233.205835265857,8956.957915034092,2.1520976321521985,32844.59522187076,10767.479088610378,2.0503514287400018,49427.54100795928,19148.39631575098,1.5812888031412564,81281.92926136851,30253.980184726668,1.686652426063353,110521.5590841768,40678.0816343321,1.7169806107792749,140222.94246655444,49543.24227480247,1.8303142069059004,158233.76632983595,57146.20472159445,1.7689286996524278,168575.95614869526,60297.84619393797,1.7957210213860506,176572.79360756767,61996.53028203509,1.848107673192376,179185.66318692683,61191.04742067422,1.9282986766849577,172803.62999763043,58612.76992019231,1.948224938574332,165369.85908422677,56192.89135772652,1.94289642494946,157682.86847311442,51419.85882988183,2.0665752894187164,145447.8971782358,48207.827581570746,2.017101256681368,132651.86053951996,44292.58377697282,1.994900031288851,122297.1813202908,40425.08927678593,2.025279189439412,111063.73128283017,36843.524763756126,2.0144708465050623,103677.50681188444,33538.27421858289,2.0913190743260968,96281.27584672032,31109.96576139653,2.094869232102885,89274.82813964295,28851.820484462616,2.0942528630981725
0,22360.838643821306,21502.40368367947,0.0399227441159701,29031.80566438774,23389.24663385508,0.2412458647712605,43858.88844406778,33114.845903138164,0.324447909930073,67992.94887937547,48038.65128089581,0.4153800547355326,91594.51795472542,73969.91392207574,0.238267196731045,113914.42861903868,91870.30278610188,0.2399483311191572,129300.89853166774,106913.48344415906,0.2093974900668318,139400.10964053564,118707.0220981194,0.1743206692971541,144655.06535540233,129757.63321426224,0.1148096784143768,144786.76597472405,133487.38819717825,0.0846475306030796,141502.92653568383,132033.24919792067,0.0717219139519009,136006.46340448974,124216.10248412294,0.0949181360916859,129675.55860210366,116227.12265524792,0.1157082412402688,121023.38317807188,111817.2112858898,0.0823323331561551,111756.37549263918,104671.81504376556,0.0676835540294338,105480.03402118596,97750.53582517078,0.0790737168933741,96305.91433895072,89470.73466355613,0.0763957030318065,88609.86917396577,81887.30169845841,0.0820953595499156,82618.07021636092,75804.58120251996,0.0898822855526106,76264.69187723009,71279.77573191319,0.0699345093910706
1,25973.00745440688,24740.40586206374,0.0498213974021006,31145.314622000908,27428.46282309113,0.1355107584002368,51917.378144875904,41558.96067545493,0.2492463069592292,75734.14079987684,64802.960127080994,0.1686833541455421,104174.55613082644,90392.26297742776,0.1524720446133791,128223.0487705197,115562.04681000151,0.1095602086499425,146872.56749703514,136207.54508656132,0.0782997917163552,158619.261010389,148361.99801097123,0.069136727308426,167946.9065437015,155997.8483055406,0.0765975836715211,169972.7849616113,158918.47090822045,0.0695596552761634,163370.05058241327,154397.88747569727,0.0581106597596956,157077.85561281696,148909.07418939465,0.0548575126659682,149092.0856896913,140530.069208508,0.0609265798373699,141630.53790628276,129338.6718191421,0.0950362788967611,132496.60484017138,118049.2925182805,0.1223837264391367,122257.62547878423,109501.94247546508,0.1164881892956117,112612.3579625756,100804.46510136349,0.117136605499952,105144.9537728482,95181.4626873726,0.1046789028468819,95473.00903784436,86151.95913690799,0.1081931275192926,89293.19178034297,78815.32627123682,0.1329419797495654
2,28598.621559962725,27570.12391344297,0.0373047886817174,34737.89469857328,29338.390516462,0.1840422765891527,53619.871969769694,42960.85422068856,0.2481100048506039,85509.23063917483,69734.78864293353,0.2262062064461389,110849.42938063356,99225.8663914669,0.1171424691149509,138736.60511965846,125817.44163090612,0.1026818167758614,160484.40305937122,143174.70862498364,0.1208991071162346,172597.44216332707,161969.46369756322,0.0656171738989572,178852.0292339771,170470.83558614654,0.0491649707647217,182161.4896552869,173731.25720876583,0.0485245578830459,179865.4103953984,170804.03913489342,0.0530512703704195,172596.96638031115,160484.44914578844,0.0754747098487989,164207.58698682123,146737.7452918025,0.1190548598131873,154205.2577656674,136086.84874178265,0.1331385743104642,146201.92258118046,123092.6173795667,0.187739164976517,134610.71142412935,112673.8541015368,0.1946934139913598,124816.06750147388,103244.3449497143,0.2089385385927549,116130.6963990748,94891.16759693272,0.2238304084565678,106410.48003685368,88456.58228374277,0.2029684766196375,98560.95580526684,81476.84114457604,0.2096806211519171
3,29328.69379275041,28050.83057894268,0.0455552718915568,35866.87736483269,29595.538425547296,0.2119014984323408,54577.75034553083,45594.353469304,0.197028715020048,85134.92422580025,71702.00218387319,0.1873437509803361,115811.50592784453,98408.20884583324,0.176848021990476,142014.35709952388,129226.15111203009,0.0989598922311578,164312.76453553129,148316.98146702826,0.1078486287294013,176556.45978712547,167028.67998436603,0.0570427773460895,185938.8411528821,176032.08655341697,0.0562781183444014,188349.34722798067,179446.55810027357,0.0496124819665377,185372.77872198468,176032.08655341697,0.0530624407825404,178376.81409281504,165157.71233111658,0.0800392641380023,170361.2639512209,156389.34766062722,0.0893405880873257,161403.79658578595,143347.75354022018,0.1259597210255523,149275.41818280792,137305.32263890805,0.0871786709636841,138324.1957772425,127011.973159072,0.0890642223469979,128001.6381955035,117072.39947002844,0.093354529120017,117948.43963715673,108834.54499442044,0.0837408255182536,109478.87360840812,100654.85213987778,0.0876661311495226,101817.76840003456,91895.94660379732,0.1079680025389413
4,27389.978592465995,9026.278271875244,2.0344708824023017,33256.02945580853,10820.435112726913,2.0734465952014305,49474.3351886209,20081.96592318676,1.4636201145774046,77088.87936508698,31234.29605984808,1.4680844164817053,101258.85550092832,42775.552533575385,1.3672132679396305,129602.89692261306,52231.68858506711,1.4813078120485303,148631.69338098314,59258.34456159229,1.5081985411606875,163028.8383944007,61493.03305214189,1.6511757560594449,168414.68586607993,62993.6596964386,1.6735180441596316,168926.01351468195,61841.09119101531,1.7316143726006028,170598.55347063858,58810.050612224586,1.9008401063198035,168377.55950717628,55489.84508058577,2.034385107088477,157575.73061589652,51750.80706229574,2.0448941680506083,147055.8511412622,48057.34222730194,2.060007988908676,135168.6090485159,44208.72545096585,2.0575097488037355,125575.17970227893,40904.66673325925,2.069947507974066,114521.97847404696,37924.30770478636,2.0197513258651614,104727.2727272727,34204.3960345512,2.061807395209773,96135.93397762148,31302.5187798443,2.071188445050097,88436.08450045786,29165.489684418284,2.032216686823023
0,22584.955267257355,21614.995631915182,0.0448743849806752,27748.595108877533,24186.4813672632,0.1472770547945729,46158.08885827158,33128.68079592945,0.3932969182383821,69049.24063054984,43155.368284574506,0.6000150937242927,92659.69007061736,56825.97188399055,0.6305869833564988,113882.7397691272,66885.1518839158,0.7026610026509208,130014.4531245834,80971.94235506853,0.6056728953649091,139566.69154481022,89737.9797193146,0.5552689282882399,144962.556705799,102004.3744845638,0.4211405877277943,145757.6025218533,111331.83297166896,0.3092176660645189,142356.7135524992,115619.52909104904,0.2312514561479914,136046.63917828258,119372.48740874416,0.1396816982831592,131037.18293457218,116387.93388108697,0.1258657024400167,123020.64495899277,114417.20082292872,0.0751936253831158,113353.45910805052,106752.04447203677,0.061838765418146,106580.98314607682,98560.6592119762,0.0813744956479152,97348.98826155256,90502.30298540172,0.0756520558074114,90501.28963103108,83157.89271323888,0.0883066739451314,83761.91227720189,76764.54293628807,0.0911536638304666,76872.25118264576,70942.00136857628,0.0835929308402099
1,26785.755303956816,24918.37429641648,0.0749399212535659,31958.42279038673,27035.21330101626,0.1821035933600494,46149.26468469963,38745.64634173484,0.1910825871290213,72723.00814148648,62943.080385227775,0.1553773297462253,104893.91567253524,83147.30239125146,0.2615432209568822,125925.04925473924,111029.98365105316,0.1341535422584456,144749.73554121197,131580.90343212162,0.1000816362070635,156685.47956389486,144523.55435323116,0.0841518551428555,165005.19475724676,152726.2726854995,0.0803982304801775,167838.58697858546,157574.48232243833,0.0651381144006812,164207.58698682123,150988.90474743157,0.0875473748319544,156979.2325998686,146581.18212223065,0.0709371443666437,149827.3895485414,138862.15270888907,0.0789649060290738,143131.4102845448,129976.39823013608,0.1012107754449118,134808.74673811585,121638.270445559,0.1082757609452484,124638.09053032976,112704.62593478253,0.1058826511917321,114289.57829644116,101418.76237972955,0.1269076412954144,106127.32643702211,93410.9767427676,0.1361333553900459,99638.37290267515,83458.73876202617,0.1938638707060205,91091.16485248812,77632.15133004247,0.1733690654175805
2,28064.52592753068,27454.94763387816,0.022202857633585,33109.614488076026,28584.601403537104,0.158302472742509,56497.15798500959,42623.76249484336,0.3254850036254926,85077.09957913664,70144.6754890756,0.2128803645600532,109866.7632645308,99200.16938611816,0.1075259643649892,136853.883908624,124851.28323787256,0.0961351806683756,158918.56139444912,144173.71543996967,0.1022713877455618,171082.434314019,159069.22726601147,0.0755218797154135,177845.71587762563,169586.8791773445,0.0486997386846448,180044.89377809255,172541.17766229494,0.0434894221626573,176381.0254805236,170581.79998198804,0.0339967423203877,167621.64683856157,159471.60774684825,0.0511065211347907,161814.88035059746,144786.72799944927,0.117608516929901,152017.35433227193,136772.85318559557,0.1114585299027881,142014.32047758266,124892.91896156542,0.1370886488871814,131227.91055302124,113726.59979372224,0.1538893345184235,122465.06200383828,105060.8915004402,0.1656579366007486,112550.9093028846,96541.5901719823,0.1658282104363808,103217.20895441604,87807.68625760643,0.1754917291819058,96084.557673783,81580.09816797326,0.1777940923280712
3,29060.39499880344,27901.38614837621,0.0415394720629203,36856.61285721332,29752.16254958996,0.2387876947022553,57265.48161618968,43065.60420178356,0.3297266502490641,88851.49307054273,71702.00218387319,0.2391772944176822,115395.763483431,98283.99735274728,0.1741053130884424,144874.60433406377,118609.07999286678,0.2214461518694572,164103.2747044023,143651.21580427597,0.1423730302985542,179213.7198697492,161097.24023871892,0.1124567969270282,187135.82938679244,170359.97447475843,0.0984729832447797,189372.95391589016,175164.31213385754,0.0811160767221499,184439.0266463313,171921.47531231405,0.0728097017040934,177963.61959149683,163997.52050435977,0.0851604283051692,168600.140560966,150382.23648294416,0.1211439895036277,159471.60774684825,142700.3207935843,0.1175280255853352,149413.38044212037,136207.54508656132,0.0969537726207943,137790.8840825222,126575.6111114181,0.0886053235107975,127817.53645758628,118277.2727807388,0.0806601594080813,117132.16251758944,109301.89676770856,0.0716388825943428,109066.50386311764,101471.80363390328,0.0748454246128809,100470.66768905697,93316.74931474734,0.0766627473293162
4,25430.68399326256,8953.852841124562,1.840194544683692,34466.14674044864,11277.9510582792,2.0560645778957225,51647.07248404316,19808.53191253766,1.607314500240855,82629.33029429628,28549.096292706425,1.8942888225644463,103163.44117418394,40403.49739684781,1.5533294843488608,133195.98432320746,51044.16163214808,1.60942642731778,145226.870911284,57529.1080070914,1.5244067906177583,155510.43941620432,60542.92606436215,1.5685980101272907,168164.2482342062,61282.72634810912,1.744072567512247,171138.17567689513,60787.21923324075,1.815364443967036,164203.4141190474,58636.97866572031,1.8003389304067632,153182.00534177315,56137.5497232093,1.728690619684139,145427.7329036115,52189.62982200272,1.7865254725815345,135641.01859341003,48464.31550016484,1.7987812722321164,123629.64670484157,44774.87145306963,1.7611390651209984,114033.9203528621,40573.55146931796,1.810548158178745,102873.5319154833,37775.04563729603,1.723319857856486,94963.14604216396,34598.06588398912,1.7447530263854971,89231.46470506625,32099.21486837158,1.7798644007641746,82327.43780275858,29425.34323939912,1.797841205553929
0,22300.22055025392,21505.60247298456,0.0369493520708181,26649.380880880533,23561.81090127104,0.1310412850925197,42512.39200502247,30093.76901492177,0.4126642622910748,65169.31531809532,38321.65391739706,0.7005872308791481,89028.18769127812,51010.2440604371,0.7453001711930105,108843.63542892698,64649.51118671302,0.6835956441275752,125315.334777217,75026.35759668426,0.6702841346886235,135805.78697482753,86593.56257999485,0.5683127351339841,141079.091833019,93643.63890859042,0.506552858018817,142014.32047758266,102673.76259892866,0.3831607694394994,137872.77468760047,110590.27799623398,0.2466988706936386,134057.96433140937,113514.45224641368,0.1809770622017403,128371.01877314354,108427.25364971616,0.1839368281692119,120210.36814425244,106043.20246662466,0.1335980557743592,111030.19175653486,102058.34258813498,0.0879090228283103,103516.71560854765,94363.8967125612,0.0969949230039382,95375.68745523196,89116.1431701972,0.0702402961164965,88719.58164661398,81867.64655317705,0.0836952737976444,80894.71700604867,75681.39607857334,0.0688851051593022,75383.30536748511,70318.52606353023,0.0720262438291019
1,26166.874201339644,24606.114991221075,0.0634297291821732,32258.29503589582,26463.50616086364,0.2189728314837578,51317.03325398621,39584.65427156133,0.2963870519605305,77796.49798404356,62424.96415237816,0.2462401707455335,105564.16050235878,91250.90415057787,0.1568560496470463,127891.1590809901,114226.83057711126,0.1196245088377414,148635.1571821657,132574.05547227533,0.1211481511422056,158019.3048841204,145229.31524039037,0.0880675476749268,165586.40428646276,154497.03409590304,0.071777236731134,168001.21683115544,156880.69800542443,0.0708851947187696,163217.47768539962,153105.71723500604,0.0660443034591109,156734.92401222372,146291.64549635365,0.0713867048281329,148453.93997064274,134137.5059639374,0.1067295377517625,141163.45333593825,124255.4281481936,0.136074740876344,129450.57776561491,116453.6075288136,0.1116064200380013,120887.34032564702,109805.70038233593,0.1009204431530019,110849.42938063356,102005.3424686821,0.0867021932176423,104395.14751721355,94891.4440887226,0.1001534281594986,95570.47043719684,87286.54005968591,0.0949050148149579,89448.5495757606,80433.43224172598,0.1120817187925233
2,27757.48721694667,27235.26947985987,0.0191743187073281,33154.94880015149,28538.087135749018,0.1617789462356442,54934.09153944015,43097.61724652829,0.2746433573161249,83458.73876202617,69204.19309207698,0.2059780633665269,110669.65779678656,99054.01305071476,0.1172657663059517,137179.92635835317,121057.48892970943,0.1331800086982228,154109.28516635217,142958.73730846634,0.0779983655971021,169095.31517770007,157423.83396708575,0.0741404964959411,175107.41732457926,169147.33380665453,0.0352360476739022,178438.38268367454,171753.83561147418,0.0389193466824318,172258.7468219004,168709.41686470446,0.0210381259277441,166866.20366369453,159119.29807172815,0.048686147348854,159270.14513120646,147276.29394899655,0.0814377579759273,149367.20503352737,134333.92522026048,0.1119097784764167,141502.96291059305,123755.50322078029,0.1434074382789365,130278.23057175027,112122.09406354,0.1619318356462475,120887.34032564702,101631.16231550532,0.1894711973318039,111180.81558629152,92940.42351893592,0.1962589729714248,103680.62491614612,87587.77815923345,0.1837339306364878,95839.25197566672,82221.91570556008,0.1656168693377429
3,29222.88883904783,27878.83742006614,0.0482104543575514,35675.305531708844,29924.77956151561,0.1921660260979374,54424.923165485954,42775.91119533835,0.2723264483356487,82729.20381283575,56302.712108978274,0.4693644535756456,111793.16295398623,71571.71628795878,0.5619740415921017,138571.43161374508,86804.28949875063,0.5963661751501292,159885.9226266892,102864.7219178552,0.5543319385471095,170696.1810532888,119880.63868005847,0.4238844815370775,181068.6199710913,132532.28046735757,0.3662227748030651,183885.9407895346,144725.8635623278,0.2705810576168512,179446.55810027357,149551.02040816328,0.1999019305285758,173107.15749112013,155618.87963844763,0.1123788957567575,165848.83690771175,150428.65698230878,0.1025082602925615,158968.63241562436,141078.7662969979,0.1268076450354327,147908.21571898082,131122.38071745264,0.1280165514817712,138200.8915776119,122012.10156831572,0.1326818389422783,127817.53645758628,112959.38199318504,0.1315353731777468,118079.81725342647,106598.92207325473,0.1077017943228551,109538.0536112625,99174.77240283375,0.1044951347741396,100470.66768905697,91548.59729658412,0.0974572047627184
4,26910.32821089237,9052.437180303705,1.972716371834524,35010.128615819835,10874.67505378439,2.219418368150348,50807.20279106604,17476.690239178417,1.9071410030011784,78656.32936316008,28073.99150406141,1.801750843010016,111029.98365105316,40708.854495010935,1.7274160628779276,132510.6315674243,48245.55087107756,1.7465875956421573,152017.85373472184,55363.80567367771,1.745798484857365,161892.9252335132,60189.92284502287,1.68970149123393,159875.62681059432,62076.550917077264,1.575459242639921,160179.60163938705,61757.32325015568,1.59369404646247,156782.25172504148,58921.77240120265,1.660854304542974,153486.88935489944,55718.825690222766,1.7546684168871938,152115.3063208782,53406.786479585535,1.8482392659783693,143793.06671383829,48568.019299694446,1.960653302053496,130999.09414087595,44843.30013052283,1.921263460975985,119558.10139574308,41629.92538316384,1.8719268722036988,113542.6087526085,38006.05914707261,1.9874870297188925,106809.4954297586,35083.529095257974,2.0444341884692374,96901.4734045903,31737.651801746644,2.053202360713323,88853.34505141243,29050.838968194337,2.05854661026112
0,22370.965724327223,21608.54075999784,0.0352835007600698,29796.40332510464,24740.40743566561,0.2043618684367478,45576.88844970596,34515.04759980692,0.3204932810221861,67811.54556748395,54854.35438200312,0.2362108046199498,90073.80734516884,79371.3733248688,0.1348399753207587,113509.4523134872,94311.36992083667,0.2035606354648971,127304.06884005918,111878.09393654,0.1378819960256845,136288.0995970855,124496.24899249796,0.0947165131481038,141843.56373482314,131802.43489444628,0.0761831816568356,143999.5867108819,136451.58667628354,0.0553163229424746,140488.12157926377,133979.2453663385,0.0485812276007981,134373.3339720236,127488.01838277746,0.0540075504866133,127048.44047081622,117817.26904054252,0.0783515990945022,120176.6674573691,111695.58650937266,0.0759303139277107,112982.04867663424,102358.0742918088,0.1037922455881494,103625.9478116119,94058.01898934916,0.1017236906015017,96432.5067704258,85342.5564059983,0.1299463108612486,88325.49284574376,79076.93560971488,0.1169564445652679,82006.11767087414,72322.86493491338,0.1338892305313839,76122.70869718873,68877.49456067958,0.1051898618368918
1,26175.170198225424,24802.11805698452,0.0553602776217028,32219.96546534216,27017.9090058078,0.192541045956448,52751.633405705084,41596.97413035018,0.2681603532122349,78291.8714615806,67033.1942039186,0.1679567472707999,105061.22536748092,92566.39368995486,0.1349823751304031,129002.2768457656,117294.6482882097,0.0998138340360472,147456.44956394978,135886.0035877645,0.0851481806123783,160842.4533544363,149275.57905031712,0.077486715360322,167568.53693052026,157572.30062140417,0.0634390452490367,169092.46715477866,159471.60774684825,0.0603296069053431,163843.68491645012,155607.7905337284,0.0529272625391885,156880.87463362355,149000.5398617446,0.0528879612059862,149551.02040816328,138407.0962488199,0.0805155549200273,140319.82856296445,127230.9555591291,0.1028749092256282,133508.50531802364,114289.57829644116,0.1681599259359671,122223.08044693762,106127.3051754908,0.1516647882920521,112430.07130658712,98002.68856933244,0.1472141524673373,104977.60154293956,92987.3286574282,0.128945234352138,96651.84968018018,87222.785205146,0.1081032261565282,89626.49545818314,81906.90415859305,0.0942483589007705
2,27739.568988306608,27108.920611332265,0.0232635000860459,35144.95804736475,29401.190940757697,0.1953583145043522,59523.373599403145,45264.09025574649,0.3150241894422338,83178.28821853836,70223.3952304647,0.18448115397379,110317.65326167592,101233.46940284743,0.0897349850046034,137668.27293177252,123900.40324640227,0.1111204590512098,157969.63781440235,144401.30037062522,0.0939627095389874,171138.17567689513,159673.84552282124,0.0717984220680358,176906.8345914873,170470.83558614654,0.0377542527037615,178140.39063595986,172992.87824784665,0.0297556317939191,175337.27810650886,168600.140560966,0.0399592641093125,168491.01605340498,157078.0326590959,0.0726580490034436,159320.48804214466,145403.46215988463,0.0957131671800013,150939.97846890445,134452.48170248134,0.1226269426763495,139233.81067758682,122154.07336041986,0.1398212670876115,130694.94941393432,113609.84485922904,0.1503840144828556,120514.34543181848,103571.31138900464,0.1635880999824102,111878.09393654,94201.90851372197,0.1876414788373765,103027.25643600752,86944.38081583282,0.1849788964998411,95157.22807873832,80380.38858790774,0.1838363778830198
3,29170.17803969208,27982.76357368572,0.0424337811695973,36909.02795158522,29698.15043121325,0.2428056096312727,57582.69545648142,41408.48932296488,0.390601212407583,84311.43769824412,54529.65113422321,0.5461576581649839,113291.43749848809,71409.32200971906,0.5865076758895527,143523.1137716255,86044.51733945019,0.6680099814543581,160994.66761928913,100478.55843619544,0.6022788356534972,172485.44096395938,112796.98901037096,0.5291670679977145,184313.96862793725,125889.11198883851,0.4640977739542617,185748.7543086122,136377.4107687531,0.3620199508229049,181738.1599097976,146201.92258118046,0.2430627224405013,175106.54811345157,152158.67824757376,0.1508153864779233,166543.9821868486,146603.5080200927,0.1360163507412315,158368.0486675924,139275.4383709472,0.1370852644225308,148772.03576102387,133040.11382092978,0.1182494624235592,138860.67801930773,123931.16776670076,0.120466146826855,128482.04169850762,117297.74722801844,0.0953496101570279,117751.7612405164,108422.91732388551,0.0860412553626774,108773.2970463615,98764.6673780756,0.1013381600321947,101312.79710347208,93316.74931474734,0.0856871659958375
4,22523.886984305864,8990.550531977997,1.5052845100188117,31365.69690824799,10261.334535715405,2.056687880029362,47926.18471736989,18992.62080940832,1.5234108129842112,80779.0399219163,28866.460620527065,1.798370087134062,104450.39837250614,39692.3309679788,1.631500741459854,116130.72153827456,47537.92800353083,1.442906672954889,128038.49468661312,56275.806486624206,1.275196086564227,145846.281598519,59233.31574554304,1.4622339601087266,155705.1416512525,60399.93499969102,1.5779024704587683,156979.2325998686,59686.07907980848,1.630081168340206,146046.1755283032,58293.115670635554,1.5053760439480537,139716.5400398051,54775.46532450421,1.5507138864469288,131333.66874334656,51370.78464480773,1.5565828836648112,123821.56181817935,48057.33721347243,1.5765381312776343,113710.3959529422,44351.59716704354,1.5638399339863525,107965.4658117328,40439.6898097692,1.6697896625718212,97540.70466670192,37106.4820508465,1.6286702289115755,90374.2531184788,33874.948037317154,1.6678787232063397,85146.75288071336,31187.191093366902,1.7301834469736177,78357.72544206363,28316.0964509243,1.7672502662176046
0,22083.089443566903,21476.76617519166,0.0282315905210917,26701.269176272428,23637.830385038647,0.1295989835502313,43802.71553329915,37312.30644889384,0.173948214466322,65744.52824897609,57206.46351665925,0.1492500009169495,90682.35973326644,81457.57814145712,0.1132464505118209,111150.58431513616,100785.30555510789,0.1028451390104749,124784.30078201872,116840.04520098826,0.0679925753825647,134931.85921790352,128407.96578509526,0.0508059869410804,140573.05857319816,135805.78697482753,0.0351035968684771,141503.07203537814,136978.03079715255,0.0330347955207985,138241.9233658903,133587.0923714292,0.0348449158659631,131802.43489444628,126285.88480217224,0.043683029983246,126358.22803480992,116002.37953599048,0.0892727247513616,120008.3246618106,107699.643308254,0.1142871134524294,111241.44069048688,100667.57309033378,0.1050374740897415,102191.8296210541,93249.11565047898,0.095901327408773,95327.23586260848,85290.7598802293,0.1176736612087059,87157.861768884,76891.51685860034,0.1335172634084322,81515.5102236188,70541.35688907222,0.155570488271209,74378.62548550821,65514.98159920801,0.1352918625624302
1,26505.511954469443,24713.470557303444,0.0725127372543961,32934.53243025171,27362.477429902432,0.2036385416716686,52084.68617621383,38487.71844495559,0.3532806900649192,77377.69018559599,53352.30146205139,0.4503158826359807,103954.62206329562,77421.57133155185,0.3427087603029657,130543.34707282324,89877.85312651648,0.4524528850178921,149275.41818280792,110810.84986240012,0.3471191527559922,161936.57365747704,126011.13799397138,0.2850973035829929,168220.7743593371,133659.42094407987,0.2585777580894723,169312.95346225525,141214.14183325556,0.1989801535754012,164524.18157420945,144502.6811245957,0.1385545257277991,159522.58849180234,142016.11496408266,0.123271035347976,150382.19570379486,132535.39450605656,0.1346568685614222,144001.654095572,124888.94577866464,0.1530376303342331,132729.14996205762,114542.2583204068,0.1587788813345811,124142.9020997521,103899.74095078066,0.1948336055867647,113820.21104518427,95790.80309511512,0.1882164818282914,106269.19100542758,87630.93332779127,0.2126903933331196,97549.47105717128,81069.02646183765,0.2032890403968477,91228.05672103494,75769.34957749878,0.204023226142711
2,28320.63829744559,27437.28921490659,0.0321952025078002,33515.24486963023,29290.15970415639,0.1442493044814052,54033.44035049417,42023.903786918265,0.2857786992962416,80663.60694335491,68571.86154798743,0.1763368402490508,111606.59768278417,97500.76760975916,0.1446740412289135,139317.06614338036,122486.79728656563,0.1374047589589531,160994.2503552218,140911.9188970704,0.1425169113822131,171809.26154771948,158467.92059270572,0.0841895375740031,180646.8996895824,169203.16796086245,0.0676330819725958,181553.46069636385,172315.06399224518,0.0536134014640439,177257.53922178742,169532.42163029814,0.0455671989888493,169917.56034217402,157969.45887145432,0.0756355155995205,163578.53875553273,144919.34132645203,0.128755742734492,153631.46231889824,132496.63699749007,0.1595121642355987,145757.6025218533,121262.53288658394,0.2020003133051775,133274.01696620256,111392.34208742484,0.1964378741727521,124426.12891900958,101048.56600347332,0.2313497740752965,114352.37481974773,93491.13202351416,0.2231360594819484,104838.6451538296,86138.06614611391,0.217100056274706,97549.47105717128,81049.28380166386,0.2035821475719035
3,29170.17386703197,27914.92775192731,0.0449668409053287,35735.32093083995,29275.87844312018,0.2206404327121989,56134.78023557292,43933.60850276599,0.2777184062183002,84721.77881625084,70764.84936620218,0.1972296920724401,114541.67026632348,102005.0856556654,0.1229015644668674,142700.43165736157,127597.11941032347,0.1183671882001444,160535.8487638535,145757.91016071162,0.1013868721556712,175916.88841178885,164840.10000871387,0.0671971710918,184873.37484249403,173959.3956907119,0.062738658687838,186251.4337330539,177081.9378291687,0.0517810908119327,182895.4082331743,175221.8587168267,0.0437933347616674,174416.96145032425,164365.97999944747,0.0611500107924436,168381.99257858988,149689.103876777,0.1248780854296565,157523.03426995355,138778.6525025653,0.1350667514734786,148272.043841456,126975.5355597141,0.1677213503204841,136693.56116973644,116296.67461428086,0.1753866705398548,126903.93596166036,105424.05479034234,0.2037474389885232,115874.26337278089,99174.4723807694,0.1683879993623205,110071.80650037792,95392.45278010317,0.1538838062389833,100027.87247749708,91251.38644303902,0.0961792075338661
4,26863.234254347644,9032.809526763464,1.9739622179294392,34932.55661721494,10940.198737471848,2.1930458902511165,51041.53995511723,17335.015800823145,1.9444184269329337,78291.8714615806,27703.77843569916,1.8260358652267263,105564.04100284536,39591.21580643279,1.6663500691406727,128891.83658956183,48377.90083941585,1.6642709657329182,143089.33778365608,56450.06200981226,1.5347950505135677,154951.2309964095,60310.061657001774,1.569243451907833,158467.92059270572,61243.4065922857,1.587509895516925,159673.43468368324,60593.30330390749,1.6351663629037754,159280.3676314932,58073.41561170281,1.742741510099768,161814.83354175676,55799.26266593491,1.8999457306546752,154495.33926118436,52084.68617621383,1.966233467136444,145404.419152159,48292.763054757146,2.01089459278383,132651.5704894083,44309.381433192815,1.9937581207133943,121227.85484627412,40767.96969426227,1.9736054004017736,114330.25443806322,38060.745424255074,2.0038889980647534,104561.21012224314,34436.69413558912,2.0363312375615865,94794.74839857031,32093.762855217257,1.9536813375923665,89693.42339789201,29464.094800721177,2.0441601550812494
0,21950.83718553777,21479.96745264272,0.021921342941193,28441.16248883961,23889.859026502458,0.1905119430503177,44852.15857788119,37640.05323692235,0.1916072035170302,65628.5524578242,58428.27840803592,0.1232326922163429,87912.47442623458,80356.91150222611,0.0940250537602997,112244.37650864077,105396.01267830752,0.064977447023883,125530.00008145484,119773.27510370116,0.0480635181159523,135445.7200650575,130014.1427334168,0.0417768191786467,139900.84914133308,136328.6142803188,0.0262031186913485,140909.64525085414,137872.63610927135,0.0220276425205636,137790.676446444,134452.48170248134,0.0248280634294983,132033.24919792067,126539.52815547989,0.0434150586976318,125207.75623268697,115335.87705616016,0.0855924403446457,117817.26904054252,109360.82909949016,0.077326040874829,110012.30918564292,100141.0340546013,0.0985737287839405,101897.5454638357,90636.93733362811,0.124238621267156,93128.24394463663,83284.99883200343,0.1181874917533265,87029.46419209393,75928.41898783986,0.146204087379087,79824.10635305107,71247.44029114368,0.1203785852075518,73679.63792134181,67751.2272303136,0.087502631810272
1,26104.790023550937,24717.31733481465,0.0561336276887143,32148.184546848486,26892.99147064823,0.1954112498766052,52256.09031995223,40395.20227557763,0.2936212068814303,74965.28898699807,66871.12615045284,0.1210412221611796,104588.95970785608,91456.85299013054,0.1435880012090802,129375.7073940284,117099.53765364614,0.1048353391171565,144261.06193188144,133238.57499184215,0.0827274454167208,158368.76784495334,148817.84852195514,0.0641785875676677,164102.5537455905,155806.15396509448,0.0532482162569436,167081.54674243112,158368.0486675924,0.055020555902207,163369.62164184838,155122.07654401872,0.0531680936819412,156782.64866947354,147998.96404393305,0.0593496358726748,148954.8070255696,138984.89136485662,0.0717338090695083,140487.97803107457,128778.98366831694,0.0909231772857852,131266.37834852308,119338.3123885054,0.0999516896232444,121262.3148878174,110789.33689760148,0.094530559379516,110909.56796952292,102650.6768661858,0.0804562751603024,103462.1604305127,93505.48925042986,0.1064822104017499,95132.99347010402,86306.86584520098,0.1022644900665663,88325.50798464942,80894.70412639288,0.0918577296067042
2,27973.72359889772,27270.26140747908,0.0257959460273349,34912.581973798886,29969.393833324004,0.1649412119566589,56453.17414536666,41914.65618025296,0.3468600076925638,83458.73876202617,59164.02722845218,0.410633161258005,111604.543227794,66464.4527327999,0.6791613958888085,135725.63771733042,91530.39359853893,0.4828477446807024,158168.97797964083,113405.37314466838,0.3947220805655183,170028.215138584,125864.89075528971,0.3508788202832347,177668.72106509216,136423.96740373777,0.3023277686925294,178376.81409281504,146762.2584401505,0.2154133902590285,175337.33256735583,151598.15311041567,0.1565928012305655,167405.3074968168,150214.8646693807,0.1144390261594405,159926.24345157697,141892.88870747417,0.1270913215480467,150660.71879471425,131342.8086386604,0.1470800750819916,141502.96291059305,119639.16663307702,0.1827478148905066,130505.25889222493,109893.4508920551,0.1875617503395734,122188.56308386772,100366.09612109048,0.2174286716945601,111939.04696827,92149.42574575332,0.2147557737051735,104174.63829558525,84516.27324415171,0.2325985789108824,95668.07191727508,79146.30243209041,0.2087497328047733
3,29454.39578296339,27937.5151475092,0.0542954742912928,36635.75844225647,29639.40758050309,0.2360489440536455,58526.13394084454,40100.30670581334,0.4594934240829638,87630.93332779127,55147.83261260616,0.5890186282272831,114293.7023075399,72391.45097762556,0.5788287258237899,142313.85934025142,87726.11852639494,0.6222518644482393,166115.6214631364,104911.07208290872,0.583394566131773,179924.95238601428,118145.99915915357,0.5229034725385728,185060.3645823013,122950.99829585815,0.5051554452367173,186692.49712057904,142700.2838390115,0.3082839928419323,183695.50310536145,152441.91002447158,0.2050196896370077,176789.37924239464,159069.0459704459,0.1114002612126123,168164.2482342062,145491.87257923017,0.1558325922475798,159270.14513120646,138654.12340740836,0.1486866832169275,149092.24618610129,125030.21217687434,0.19244975746492,138243.17684593768,113913.82229664634,0.213576843079978,129450.57776561491,104699.54388551916,0.2364005893584322,118839.28420921337,95937.73388690664,0.2387126461555111,109715.50360726146,89117.12811020567,0.2311382327265196,102514.1004021618,81359.68539402046,0.2600110227281691
4,28324.803714557165,8998.040639342717,2.1478857286675046,33653.8597898516,11167.717118772533,2.013495008149935,51173.55086004799,14752.602561146145,2.4687812301555194,82103.79972733694,28161.15692305946,1.9154981079668327,110329.4654911666,39278.633573700776,1.8088926587568035,139233.81067758682,47444.137141703584,1.9346894909634629,156496.0559552973,55672.76641363617,1.810998375625287,170470.83558614654,58061.463619160495,1.9360409634918423,179807.23869009956,60709.48825729511,1.961765019794796,185192.49219940376,60606.060606060586,2.055676121290163,180069.716150523,55984.02485379368,2.21644820322919,168262.48032276687,53614.87405329467,2.1383544826666814,155706.23006299627,51927.9298917899,1.9985063989160543,145227.02368061675,48739.64993427683,1.979648476680664,135247.3555351239,45151.885274637934,1.9953866757163536,126334.40984772945,41206.2471256004,2.0659042902560536,117101.1461422531,38446.111290279696,2.0458515103934505,107961.38110594913,34857.958416283174,2.097180271335604,98156.64610186964,32148.184546848486,2.0532562720246057,93388.07848648354,29541.839981661607,2.1612140118711336
0,22735.995065984465,21757.638823195528,0.0449661036631385,29253.00312564583,23425.058213680688,0.2487910535292292,43908.61923861467,33333.76828879886,0.3172413889181942,67857.3587179664,47241.01675305893,0.4364076682065174,89782.62951259218,65112.234177682745,0.3788903214039185,113477.64656348553,92519.77027511087,0.2265232201296612,129939.1188929364,104949.51874681914,0.2381106692485395,140487.97803107457,123299.7920446016,0.1394015813121196,145006.79945536662,130167.73422605023,0.1139995661562853,147998.80575189085,133157.19522575062,0.1114593206997054,142528.35121144177,130278.23057175027,0.0940304499526094,136975.77203653945,122950.99829585815,0.1140679940388391,130430.01995705796,117526.90616492236,0.109788594060572,122050.6594110873,111210.95413243612,0.0974697624277429,114763.52191737432,101950.9402386929,0.1256739923014336,106410.48003685368,92591.18345456242,0.1492506744886013,98969.27100573052,85146.01648895221,0.1623476362933771,91068.4136439654,78849.12431260593,0.1549705141038064,84475.29501764901,72556.96571137372,0.1642616830710028,77686.83374370745,66796.18650857234,0.1630429490722116
1,26117.19165956948,24709.62535089801,0.0569642917965291,31840.85244548863,26940.686377026148,0.1818872021256714,50184.41607012556,34323.0039839201,0.4621219079086531,74275.74884666973,46016.26728744386,0.6141193804943157,103575.29439670467,66638.95792539249,0.5542754211832861,126430.65958058226,82140.96747747535,0.5391912642768908,147141.62778036244,96462.99822385132,0.5253685919953128,157375.8552982479,100674.3968137947,0.5632162722497067,166599.0786158479,119138.34273230708,0.3983665946250463,168491.01605340498,125565.67566019362,0.3418556876114464,160790.08028773847,134136.68329648027,0.1987032654769509,154831.71257795207,137260.09839083382,0.1280169138236,146514.36616608425,127230.9555591291,0.1515622556021236,138488.94982329704,123685.94417440447,0.1196821979061699,128705.12131543044,113478.24857123902,0.1341831843186436,120311.63118028412,103139.63178631976,0.1664927351063319,110190.9376943396,93342.79967442114,0.1804974575294999,102379.52262185888,86159.23116540784,0.1882594730367479,94794.95537794389,79635.21617561724,0.1903647648660273,87977.26624740472,74054.54160664303,0.1880063577290815
2,28297.63965362765,27424.05244278121,0.0318547819535106,34157.01079239944,28965.31934440585,0.179238191240459,54910.57131083607,40317.00775050425,0.3619704034248248,82459.28842127539,54132.34723661411,0.5232904655111918,112550.9093028846,68672.2984136871,0.6389564919593846,140029.47478998778,85635.28561682196,0.6351843026080919,157770.70122713974,101812.15118394986,0.5496254562197234,172149.58453356364,113908.81016671634,0.5112929744556756,179805.23973270043,127082.44977791344,0.4148707397986444,180767.47423834424,130105.53116502416,0.3893911551620441,177081.71587328508,140909.014087654,0.2567096364972749,169586.82803931242,147617.7900141131,0.148823783522968,164207.58698682123,139691.82291143286,0.1754989201546308,152868.26509524006,131572.19376015128,0.1618584499237758,143738.7108606703,118806.11389342535,0.2098595446831184,132652.73069374333,109597.09832369376,0.2103671787181358,123369.71922103396,100575.39291935276,0.2266391971240819,113726.59979372224,92009.2644272064,0.2360342243981052,106240.44725599102,84721.77881625084,0.2539921699048721,97650.3860891192,78476.51679211458,0.2443262020382028
3,28767.06915725358,27775.42076977908,0.0357023713769788,34214.116665301466,29108.140248440617,0.1754140379042039,54888.09603357968,42818.80853726763,0.2818688307454295,82984.03714889438,60119.06096739332,0.380328232237398,111301.64810993048,83228.15706962909,0.3373076135377475,139900.74232268857,102611.18888977516,0.3634063091596162,163056.96058513084,120240.1992730487,0.3560935658036566,171866.9417117469,135212.15502688003,0.2710909139609523,181735.3042993353,143778.3029555729,0.2639967266513854,182834.130802828,150450.4596045738,0.2152447475625369,179208.04430225692,153298.63289523433,0.1690126710048962,172823.027511415,150529.07426041068,0.1481039683565481,164840.53625607528,145315.1665355843,0.1343656700535085,154542.12401495426,137057.79624723148,0.1275690128286004,145226.870911284,122881.43549049617,0.1818454946558307,135405.74624631455,113322.49634123848,0.1948708386954223,123720.20051176568,102867.14977687324,0.2027182708972137,115874.28840866555,96035.68736111876,0.2065753012518003,106297.103510808,87741.67730731389,0.2114779062007672,99071.796831537,81088.0450330576,0.2217805570617455
4,24263.796794054684,8985.043127656272,1.7004652564626968,32889.49054898085,10761.149230880985,2.056317670476937,54775.46532450421,18904.789538968223,1.8974385148057944,80386.11647703942,28937.79452688183,1.7778936781918389,110671.1517268933,40677.657005331326,1.72068648674599,131266.09394247082,50144.6020294073,1.6177512360251622,144523.55435323116,58024.60091930714,1.490728967773776,166115.6214631364,60528.65728489023,1.744412794113043,170581.79998198804,62049.893256531446,1.749107065772952,171473.24865994797,61217.76939209801,1.8010371884291776,159906.5620740592,59145.9189776453,1.703594175863549,152450.36601937568,55707.19648820172,1.7366368374266203,142136.3085613189,52358.14450798721,1.714693385279077,131879.309217457,48283.31455221661,1.7313640424340466,122727.2407171772,44802.65256335889,1.7392851470930015,115686.0586532124,40813.04848196896,1.8345360848092995,103862.07601137388,37365.32807484947,1.779637738047407,94066.87574806708,34293.283753648626,1.743011617779498,86773.46386191827,31652.11457517217,1.7414744647102696,82064.19835426279,29227.87407854645,1.807737508849428
0,22103.042627840343,21508.812438144087,0.0276272895774774,26666.459960921493,23867.91045842638,0.1172515502506883,45543.30236032787,34277.1921589175,0.3286765773922759,66560.34979747386,57903.1519354236,0.1495116858527008,90636.93733362811,80933.31034979054,0.1198965783297247,109360.82909949016,102004.3744845638,0.0721190110924074,126866.28212270116,113976.32674297606,0.113093268997805,134851.74360089985,127560.50312166964,0.0571590758957392,141123.71559254863,134848.42012331437,0.0465359213218494,141460.4379257057,135966.28763069687,0.0404081805184803,137749.74857221692,132729.14996205762,0.0378258928923638,131725.6242568371,124213.25236502064,0.0604796327990841,124851.28323787256,117359.79604918696,0.0638335055179017,117686.30503463476,108719.1474447472,0.0824800212349421,110250.5716651817,100981.12259291284,0.0917938802248909,102164.91443205815,91851.08213747817,0.1122886312775581,93980.09188769427,83025.344650857,0.1319446162241759,86773.478514469,76246.93821904241,0.1380585311528959,80818.03179272579,70509.32641050986,0.146203430198694,75139.06848979653,64686.54175053597,0.1615873481004872
1,25870.63474258888,24537.421700648752,0.0543338684155589,31979.88296214221,26564.62693470163,0.2038521391906533,47814.15755833505,39902.90686153347,0.1982625156671995,79466.07081348126,65069.47098494238,0.2212496830021926,103217.16856963288,94077.09917315726,0.097155093819937,127891.12898299449,118673.58995189842,0.0776713591864219,146517.62797289493,133352.1146320826,0.0987274433340323,158618.4495275383,147006.6484643744,0.0789882715132974,164681.9479553944,153677.98353909465,0.0716040395825496,167621.64683856157,157077.85561281696,0.0671246190916567,161917.82654481634,154735.09703594318,0.0464195237309652,155997.8483055406,147682.1749851604,0.0563079012156733,147772.5676529268,138984.89136485662,0.0632275652538461,139775.32666454063,128570.88857206266,0.0871459956209137,130656.95490771036,117330.60458424062,0.1135794907960416,122672.99814616922,105396.01267830752,0.1639244695204453,110639.31284124978,96751.00964979034,0.1435468553943872,104312.97145231768,88807.4920221974,0.1745965242014115,95036.2284943143,82697.62167544596,0.1492014712018234,87288.65827061351,77486.60209449823,0.1265000130494979
2,28032.65340470124,27252.75801907064,0.0286171177641858,34299.62241290089,29406.01717907661,0.1664150981080923,55608.10716807862,43834.027315979634,0.2686059340891717,79937.86206673355,69939.11426744264,0.1429636034716761,112796.98901037096,100184.2719767246,0.1258951807982058,137995.52364632578,125601.6129263425,0.098676365941666,156634.8467255858,142014.32047758266,0.1029510699965714,171642.7198865216,160179.60163938705,0.0715641575444887,179388.03847841278,170304.6985923946,0.0533358149310851,180648.0520719181,172709.91751807625,0.0459622392733241,174934.12478971688,169807.2137560676,0.0301925396468387,169037.65139113506,159875.6725682665,0.0573068977643012,159522.04168386,142915.69882446923,0.1161967719150776,151735.4959874561,133118.01663183747,0.1398569466904597,141673.099307107,119073.92518418308,0.1897911241942147,129977.17378847224,110609.33561922007,0.1751012973798813,121638.270445559,100313.86786790486,0.2125768154582028,112061.02350793996,92846.71299173702,0.2069465885982733,104561.35490216702,85550.91340833357,0.2222120224841648,95912.6902086489,79824.10635305107,0.2015504412218562
3,29151.061680361687,27811.333916065112,0.04817200671999,34551.37159720308,29261.303270227792,0.1807871740407993,54730.72373386949,43024.83315652161,0.2720728871803546,81010.80678180084,66870.30757659388,0.2114615547268163,111120.4225760331,85885.73341721763,0.2938170072581185,136409.06700909106,116491.37605677848,0.1709799611484082,157473.41183003836,131722.1037204146,0.1954972429250139,171249.76245152252,149919.62046195977,0.1422771877612576,181128.964208994,165369.85908422677,0.0952961150964075,184189.98915036576,170692.91955844074,0.0790722288120684,180585.74871525232,170471.0421551502,0.0593338694491962,172823.45147586518,160033.57348826583,0.0799199674719326,165476.54245001246,149827.3490517506,0.1044481764998497,157671.45634730934,139782.7916065323,0.1279747280418535,147727.27272727274,127084.90778256045,0.162429711795762,136853.883908624,120345.33181098892,0.137176505720745,128816.32629390228,114415.22019697091,0.125867048738264,118343.1952662722,106014.333187293,0.1162942944441114,108045.58165605368,98002.68856933244,0.1024756895278069,100732.76953125244,91783.22054212845,0.0975074630881598
4,27318.666282687445,9088.55794168062,2.0058306783084427,33677.04096112004,11124.419366456648,2.027307749891746,49847.907263090296,19309.346629063493,1.581542929477564,82422.2722601938,30745.13691239164,1.6808230678905844,104009.54409741632,44008.34560389174,1.3634050012600007,137831.60432067112,52880.71605169484,1.6064625181310035,152631.14940330308,57398.34633409169,1.659155866876394,156291.3413892671,61230.305178513096,1.5525161263464151,158888.25104013164,62424.96415237816,1.5452677978683085,161020.95750141435,61836.916781005326,1.6039616119876752,157376.43275109888,59610.287249351495,1.6400884815868926,153773.700535162,56755.14556703978,1.7094230663812304,147999.4389211025,52740.06852149495,1.8062049039770067,139148.81371875206,48586.884899590346,1.863917166254165,128634.75688822372,45734.42118411383,1.8126464391093224,118277.2727807388,41527.61900947506,1.8481592636879165,108920.21282966092,37734.527740473306,1.886486709964446,99949.34056005596,34803.27800887217,1.8718369727867743,93630.90339622172,32169.98776379129,1.9105047873722645,86267.4634815401,29343.44018787271,1.9399232990136377
0,22944.0888781548,21744.625866597977,0.0551613543003894,28697.39621493104,24216.42343047786,0.1850385874411826,43506.70641846901,35093.91775957651,0.2397221283906612,64742.89158361812,56265.68602509517,0.1506638620693616,90145.49611688338,80462.22169065417,0.1203456009884691,112551.00416505724,100567.09271889432,0.1191633477927061,126358.22803480992,118378.05835524062,0.0674125745129357,137464.21972985013,130354.12499314094,0.0545444552451508,143131.4102845448,137018.92408465123,0.0446105254491506,146201.92258118046,138985.20789862264,0.0519243363496766,141715.9160306311,135246.1524743753,0.047836950906841,136853.883908624,126868.6836916599,0.0787050036810661,129151.46506870186,119142.13954062744,0.0840116315408388,123369.71922103396,110669.29006327948,0.114760193640824,114289.60269842947,104977.39318391457,0.0887068085049556,106014.333187293,97424.14207322976,0.0881731255853024,98002.70691261484,90051.18457957955,0.0883000303678227,90569.17690420334,83277.59377006991,0.0875575626532334,83458.73876202617,76300.24542676177,0.0938200564785287,77395.83028525037,70764.84936620218,0.0937044447693715
1,26484.445506509208,24813.71198212266,0.067331059762048,32104.63733650416,26379.42020194761,0.2170334711956196,50786.86224063616,38999.04422994111,0.3022591513062025,75841.22032851036,54114.28896126,0.4015008195488718,102513.980773856,85690.90526081974,0.1963227656637702,128186.58534075104,113354.63664384294,0.1308455404740933,147141.62778036244,125782.5544794922,0.1698095048972205,158118.86275545327,138079.81083177705,0.1451265887674906,165317.76061284856,151177.7999200676,0.0935319914713483,168055.57738895385,154349.53723135247,0.0887987123476605,163526.38111077205,147636.9195868728,0.1076252577496346,157078.2539672333,139067.79402338143,0.1295084895128471,150196.92159256144,134136.68329648027,0.1197303966476006,141971.68620414624,125961.95184750175,0.127099764030546,134294.38447951502,114132.85516082172,0.1766496535137425,124354.63643280344,104921.70680710404,0.1852136246832734,115083.25557393592,99849.80504107694,0.1525636482373915,105732.83520259782,92604.0658166839,0.1417731421415473,97624.84300455826,84745.9468098214,0.1519706449635689,90727.9255279633,77488.04227246493,0.1708635663931739
2,28279.262119576422,27419.64206247129,0.0313505207378939,33013.37708059571,28870.70753021219,0.1434904061858672,54129.343727141786,42070.842575767645,0.2866237140284826,81223.83934113113,67992.94887937547,0.194592096383821,109037.58567796448,95526.7780218664,0.1414347676732632,137872.56682016025,121160.32340202638,0.1379349522093993,157374.3006283333,140572.16038594142,0.1195267981673009,169586.82803931242,157325.34447358898,0.0779371156424313,177967.31643344933,166062.79547448005,0.0716868635443315,179924.95238601428,172709.91751807625,0.0417754519926909,175452.80641788492,169422.126307696,0.0355955874336997,169476.7886577193,155607.7905337284,0.089127916259339,162227.41541793355,146962.0200844711,0.1038730641065506,153058.17629076674,136370.38496959925,0.1223710802377484,143781.5967932847,130217.74377321836,0.1041628631170923,133313.06579914258,124496.3634815666,0.070818954634618,122950.99829585815,108539.53310317306,0.1327761856040616,113788.95887148584,98715.46865276474,0.1526963344695517,105760.81390693774,90375.80015051784,0.1702337764179868,96553.1182466576,87069.37410452656,0.1089216988139345
3,29300.142214654923,27969.18322755136,0.047586623330226,35653.19896449703,28645.262718834267,0.2446455567347631,56781.72338819261,43743.09109155125,0.2980729521229399,84825.8166014381,72276.11567460746,0.1736355199735739,116452.36933684374,100261.6779192991,0.1614843453006698,143564.39495487438,126685.75112780584,0.1332323775705497,162848.99495391507,144348.63489660042,0.1281644268445407,179566.04258983006,162693.56505013554,0.1037070982770282,184940.54357832388,172484.3321699883,0.0722164804862368,186503.26057347964,175568.44378655145,0.062282358669319,182711.51699676795,173959.3956907119,0.050311288282564,174706.8583236733,163265.30612244896,0.0700795072324991,167838.38638693478,148361.95825533225,0.1312764293531598,157770.87974642924,137300.78496418725,0.1490894228141617,148635.19707547704,123579.8386748598,0.2027463271459533,138612.91744764577,113043.8307068158,0.2261873698100742,127523.88676866246,103353.1717230367,0.2338652471198257,118277.2727807388,95668.07191727508,0.2363296386177205,108161.22795539614,88507.04033243019,0.2220635505282442,100627.81325061683,83115.51811552349,0.2106982610726526
4,29420.673706101647,8994.830005222932,2.270842660619296,35181.718503582575,10750.412279670298,2.27259249118412,50827.37718556816,18482.44396564743,1.7500355082931105,76945.02614131244,30461.11770470604,1.5260079714483017,104727.2727272727,41852.40207661552,1.502300167516256,133196.50393717937,49748.83185366675,1.6773795278041708,145805.3857854784,57062.941666457824,1.555167706525447,158519.79276979313,60852.1174664648,1.6050004399132427,159774.48504397337,61744.51410418305,1.5876709431121592,159473.2471999306,61151.78966283534,1.6078263298457407,157380.6526650468,58048.89911331674,1.711173770200627,156683.89365443014,55455.097353369725,1.825419143275731,157077.85561281696,51980.03206696252,2.021888393805985,149168.25322188134,48758.87408862253,2.0593047113999807,138902.05904709577,45143.21204669938,2.0769201558676307,126940.16646390832,41103.522495688536,2.0883038425045792,121101.29779521318,37931.25052134553,2.192652394285401,112735.39776802826,35391.954214208614,2.1853397268119483,103626.94452356533,32061.168936099028,2.232163641010835,93460.2492156344,29117.5861677703,2.209752644918203
0,22815.49993044445,21728.365359324867,0.0500329662697351,28984.2947895019,23561.797864376567,0.2301393533862576,43513.11557484098,36045.01485978393,0.207188171349302,67377.14054041333,57540.98608306014,0.1709417082834614,89139.11334287676,81437.54565376186,0.0945702332663454,112797.08425886842,100732.84673416796,0.1197646836740131,130165.55674402056,117555.5471915892,0.1072685198928116,139233.95183195855,128112.26799456764,0.0868120127095282,144790.5255774957,136288.13349924356,0.0623854172769877,145360.9020634994,138200.8915776119,0.0518087141418079,141801.00241634267,135087.39305356672,0.0496982672551373,136288.9471536256,126358.22803480992,0.0785917883881681,129226.27386469358,118673.58995189842,0.0889219237159038,121571.48340752194,112735.39776802826,0.0783789813530919,113572.27014995212,104921.83169946942,0.0824465062262771,106070.79794087369,98179.74554470106,0.080373526661666,98943.66757760316,90909.66566673678,0.0883734622929757,90772.87082924948,83277.59377006991,0.0900035257967957,84107.31094771673,76980.92321778508,0.0925734251039123,77341.433729411,70909.1501847066,0.0907116151857605
1,26354.29685349589,24732.70601762822,0.0655646347274689,31965.568417564013,25801.33436443828,0.238911444115923,50424.261798297295,38682.85913821086,0.3035298559016881,76948.87410091763,51424.56889052603,0.4963445637187238,103708.59495631796,79231.36625326364,0.3089335683649918,126867.734918136,104174.55613082644,0.2178380175559431,146247.2482318384,127393.04524923825,0.1480002534338733,158567.88252157,140705.12763981667,0.1269516980751348,166652.49442556064,151782.2027355756,0.0979712471026068,168437.11014352614,155074.15784377995,0.0861713678510374,163474.03248125868,150383.21518593616,0.0870497234624012,158368.0486675924,137677.94681023346,0.150278983212009,150660.88247977133,129039.7422226817,0.1675541184806337,142528.68305136726,126033.15337977762,0.1308824640916777,133940.00078587764,116197.4467608713,0.1526931487704685,124214.27840022146,107266.43598615917,0.1579976276665808,114730.57488399486,96949.75975337336,0.1834023640270321,105704.96188614402,88020.67593037298,0.2009105902544972,98181.07068937428,81301.43978487697,0.2076178595257438,90546.47382584376,76324.4121688426,0.1863369956330556
2,27485.927490078386,27139.347214829868,0.0127703983631239,36700.34471938496,28459.154830456504,0.2895795724793932,58268.47079452933,41806.86037208418,0.3937538068138957,84116.66385857374,69002.86003400147,0.2190315563315039,114541.05771324552,97750.55408120748,0.1717688844821188,137669.2057397438,120498.71176529294,0.1424952493093494,157089.1869886626,142155.13593791187,0.1050546007516279,171026.69295114282,156046.8074927652,0.0959961033427239,176441.54237418785,165534.64792030267,0.0658888914853423,178208.18634279465,169917.76564780617,0.0487907821962083,173162.78197975905,165742.7402736816,0.0447684266220358,164523.4088291089,153206.96447443822,0.0738637724041504,155607.74704864333,140068.14125790924,0.1109431855893683,147051.6284395826,130505.25889222493,0.1267869945457305,137138.03863261145,118806.14012278986,0.154300935043214,127231.70076651232,109214.20466917878,0.1649739257993996,117686.30503463476,99949.34056005596,0.1774595447572893,109095.89156036102,91870.72286136352,0.1874935579313004,101524.90359886445,84352.34632954554,0.2035812637887937,93600.15314567066,78476.51679211458,0.1927154386020828
3,28734.31704909705,27730.61561525095,0.0361947043575225,34640.23925784099,29435.010474136936,0.1768380136394933,56101.62370621984,45194.95532809338,0.2413249067058336,83499.06889854303,69781.84993014758,0.1965728765019347,112801.01333048304,102756.61994761322,0.0977493555937381,138447.74386353442,123373.12426843878,0.122187224198812,162330.78407294204,146872.17740713694,0.1052521106359924,174531.6221672807,161403.79658578595,0.0813352960660831,182222.47347692537,171697.15260347558,0.0613016623389055,183448.85480082835,176497.4851394604,0.0393850918378539,179148.6144588202,172597.1778392621,0.0379579591136733,173049.40661560473,162330.7369824974,0.06602982178454,164945.85746663308,148772.03576102387,0.1087154694286069,155851.4077517537,136975.56669655547,0.1378044384880277,144786.72799944927,125422.33382341891,0.1543935086018517,134571.0712366742,114951.53962440888,0.1706765448846525,124496.3634815666,104174.55613082644,0.1950745758419094,116002.37953599048,95278.78400754082,0.2175048280088198,105480.16014984316,88175.64985804433,0.196250442380155,98739.361680726,82538.62586134876,0.196280658301627
4,26201.3769073803,9064.659286129645,1.890497709877804,34097.98860804557,10686.262144477392,2.1908246444868698,50893.997679510605,17008.67174056762,1.9922382215257064,75107.90980690587,28725.594016332725,1.6146686388522098,106744.83790435988,40828.04473340214,1.6144979168456253,120277.82313903948,50847.65128152961,1.3654548461460667,127571.82574708456,55880.58566431151,1.2829364479721108,138457.89239209553,60606.060606060586,1.2845552244695768,145315.1282996729,61943.26249071909,1.3459392104419003,148411.03170603263,61730.82357947988,1.4041641290424385,156487.83726678256,58415.48922816004,1.678875745704537,154446.83352760284,55753.3670116477,1.770179485219908,144392.41554287507,52761.37357760873,1.736706907951946,137918.19529417926,49056.84302062293,1.811395654551192,126823.32618637972,44902.80814724264,1.8243963221745096,115756.473811944,41376.02190385546,1.797670449830211,106362.2984485814,38376.90099503479,1.7715186919950252,101053.5358511002,34803.507621315366,1.9035445780531068,91228.63520495984,31584.52511614486,1.8883966078162464,84297.63465043923,29483.505574981664,1.8591455800958177
0,22066.502291534653,21393.741916025858,0.0314465967734627,28265.86926716933,23608.834601928284,0.1972581342435546,43073.2320666025,37312.03744810728,0.1544057899949249,66756.8857102078,58317.67563674069,0.1447110156796154,90055.71871051603,82439.55408765672,0.0923848352547025,110700.57799015893,103522.58282590348,0.0693374814297944,127377.98861124978,118673.58995189842,0.0733473948405831,134769.604517814,130051.7630804125,0.0362766434353099,140828.0588816839,136247.82234182343,0.0336169522648912,142014.32047758266,137504.59605985988,0.0327968994997052,136530.2042704297,133274.04947764502,0.0244320241303304,130999.15710182756,127597.59891152682,0.0266584811886569,125029.51973527975,116198.55405536517,0.0759989291752021,117620.926113112,107842.4862208646,0.0906733536560058,109982.58325853328,99483.400246802,0.1055370341753951,102433.353656404,91686.45643058402,0.1172135737840025,94051.59306033052,82459.28842127539,0.1405821570983165,87072.95642075504,76944.1739460649,0.1316380689432061,80588.32736678043,72325.3923468117,0.1142466670674478,74344.34798427217,66413.53854196191,0.1194155531601339
1,25866.557859356268,24552.662003421465,0.0535133769100764,33115.20396015858,26700.40175237032,0.2402511493003578,53867.26952521128,38850.96534645851,0.3865104520529394,76679.85347534946,63102.63965296225,0.2151607903735268,102540.89631050498,87665.51335611768,0.1696834066773789,128630.37574203892,108949.0872394009,0.1806466580063312,147727.27272727274,127121.58340020767,0.1620943413062567,157275.36731276734,143435.43250913505,0.0964889536813078,164682.23826055854,150939.97846890445,0.0910445326086035,166758.7305300721,154978.10287518243,0.0760147881302795,159370.83095308286,152868.1809833542,0.0425376290075483,153201.93919152368,146113.05105490924,0.0485164609556365,145846.32009729618,133508.50531802364,0.0924122006300891,136570.58334497898,122603.60267287587,0.1139198226447637,128186.22260495814,113509.01864610516,0.1293042978779783,119171.6973654638,102810.65088757395,0.1591376607058063,111543.87100932735,94747.10742656291,0.1772799617738552,102031.15089075651,87074.35727385277,0.1717703590950887,93647.51035075307,82419.65973534968,0.136227820540101,87760.57798558778,75278.49699415555,0.1658120378306877
2,27547.94959395226,27069.87318677037,0.0176608292134716,33578.77502519622,28832.951884681606,0.164597199742007,56018.21512916177,41666.64029867623,0.344438013902971,82976.89796721053,68704.39207422498,0.2077378965462093,108364.6758273439,98103.82460669946,0.1045917553345185,137504.63053130714,122604.29805293283,0.1215318933757221,155607.74704864333,138571.43161374508,0.1229424798206992,168928.1215158872,157176.5671488663,0.0747665799055827,174017.58453753765,168437.11014352614,0.0331309079647375,176264.56582158676,171026.74491163465,0.0306257416795154,172371.38116258994,167621.696864367,0.0283357368829537,164312.76453553129,156144.59484740385,0.0523115750251232,157473.23394389922,142099.955326791,0.1081863719221718,148362.11727795406,129901.09542434508,0.1421159828814588,139483.36518540196,119071.79171878193,0.1714224097242707,129227.2558902859,109184.09943358276,0.1835721186572179,120143.07390042504,99897.41771254165,0.2026644597174773,110909.56796952292,91273.89633444972,0.2151291050742845,102057.84823980516,84270.5568603489,0.2110736186178634,94578.08938563488,78291.8714615806,0.2080192696893987
3,28403.64066579661,27481.466281608857,0.0335562293051625,35478.80577863338,29155.818886431087,0.216868780699724,56964.23265896985,38893.09050836788,0.4646363123731181,84495.77716392538,49213.52002385774,0.7169220393697402,111756.37549263918,61256.50800605829,0.8244000373247924,137995.55834881536,73917.2801124036,0.8668917219217211,160179.60163938705,87868.85462187261,0.8229394513982273,172653.54774395275,102594.76727930084,0.6828689447087108,179329.2901274094,114730.79608198452,0.5630440670808556,181921.99227553536,125213.42636300682,0.4528952490136679,176439.88908412005,130051.7630804125,0.356689712657146,170804.09096778708,134689.82613918252,0.2681291220265269,162952.97776952296,137138.03863261145,0.1882405450326507,153773.65800942865,134136.68329648027,0.1463952606427956,143695.7868318031,121981.79034805697,0.1780101474309277,132962.27581941866,111574.17211747477,0.1916940390059511,123474.77894794688,102972.98440585188,0.1990987700355502,113976.42385346026,96850.31291679488,0.1768307238344042,105986.12203003353,87501.55723575423,0.2112484094937488,96751.45745502412,81185.03906244785,0.1917399877162406
4,27390.08330521291,9106.77422508618,2.007660300807963,33338.98636617894,10862.487782142076,2.069185165942209,49121.34910239121,19126.33187238674,1.5682576999152236,72957.04053800026,28617.260682447468,1.5494068544005963,108949.28815198295,39851.99135750823,1.7338480322001923,128135.15997524017,47610.19557033569,1.6913386605594385,142975.2076712476,55250.01566678309,1.5877858303885666,149347.47002148966,59787.3421396429,1.4979780782471437,152842.21675808736,61943.26249071909,1.4674550647213265,155708.2309306423,61783.83866580186,1.5202097230133549,152487.47604108535,59133.346369884384,1.5787053397462492,152725.8948439527,55409.42238473344,1.756316313559554,150250.62885772623,51709.64477212187,1.905659660201932,139697.36204694587,48151.31825828839,1.9012157319888008,123509.74247649722,44715.141885598256,1.7621458250650646,115427.4313637612,41397.13259140022,1.788295327192297,104644.10692549228,37345.312018320335,1.8020680848551345,98818.44454794037,34791.164350080304,1.840331629996519,91275.6977409294,31620.11839203261,1.8866336491620577,83539.48099275169,28678.017046527253,1.913014552478197
0,22660.31107361559,21611.775709209323,0.048516853890884,28215.46116080772,23674.12314327808,0.1918270843673926,43105.58318276093,36095.00794077856,0.1942256184978457,66986.99788933803,56967.9905449922,0.1758708223424698,89248.88336035881,79597.2730414611,0.121255539921202,114164.13161188136,100655.63359361788,0.1342050865508635,128482.04169850762,116969.67674696914,0.0984217899177597,138119.07111222146,131610.72603372135,0.0494514791813589,143869.73064139666,136530.17025535487,0.0537577912069873,145186.21579983796,137995.52364632578,0.0521081551307525,140572.30409550742,134097.5047099163,0.0482842644954324,135325.89915916865,125386.7159464403,0.0792682313888333,129600.53415756176,114011.39254982508,0.1367331918248777,120684.11442343204,107323.9319461675,0.1244846534691428,113882.59432631428,98409.53970188487,0.1572312468008936,105929.84804274356,90480.13774433522,0.1707525063905599,95791.54165588508,83378.16030123719,0.1488804899244542,89782.62951259218,77705.069183896,0.1554282166600167,81750.03163014668,72446.37765410694,0.1284212444749102,76105.20844113677,66883.84395115252,0.1378713295354094
1,26220.83720700857,24713.470557303444,0.0609937259200392,32903.040262934606,26966.12940981673,0.2201617726775651,53602.52568923565,38515.97797849146,0.3916958234623822,77858.10736366287,61303.72174110128,0.2700388353658902,107266.43598615917,87827.84212883725,0.2213261009966163,129188.86943351326,110460.34310947596,0.1695497750308059,150382.23648294416,128778.95317846816,0.1677547671515635,160281.11012308663,147276.29394899655,0.0883021688378022,166490.41865341502,153398.62289808894,0.0853449366623302,168381.99257858988,155802.62332650064,0.0807391363733835,162537.75683535112,152111.6397261005,0.0685425331554139,157424.63398322224,141928.90552557836,0.1091795106871393,149367.20503352737,130393.42997149796,0.1455117413981423,140361.8480066193,124425.4141208028,0.1280802157535441,131304.3089325618,115939.1986160877,0.1325273117278735,121981.79034805697,109007.77320530408,0.1190191924966468,113291.43749848809,99431.81818181816,0.139388171413366,103680.95069064668,91000.06390105389,0.1393503064281467,94939.4635185246,84066.56870575693,0.1293367265984664,88325.49284574376,76186.6298142898,0.1593306208850986
2,27748.52618816452,27182.90018619038,0.0208081550570342,34466.14674044864,28593.934056660008,0.2053656790336233,52485.02130032695,42560.07373180964,0.233198552029278,79221.2157239175,67585.84925454119,0.1721568434474398,110879.49867507824,96925.10472397869,0.1439708937208641,133508.63579257013,118735.60028598616,0.1244195967426931,153010.67747620938,138365.78536556615,0.1058418601965149,166332.73520588316,156389.34766062722,0.0635809771828808,173106.09429768188,166118.03137396066,0.0420668537059041,175452.86094653016,169807.26501957185,0.0332470811911822,172202.48232086824,168055.52711860937,0.0246761012467744,165848.73884250055,155999.9891535708,0.0631330152160098,159572.4756208718,143912.12770980378,0.1088188199304982,148727.02197251178,132033.24919792067,0.1264361278390322,138653.983353151,120683.68229826502,0.1489041493652232,129675.55860210366,109537.96341765644,0.1838412414850616,119138.34273230708,100261.6779192991,0.1882739767052559,110819.42922173886,93034.26708717628,0.1911678641795209,102621.76268470952,86223.8562513629,0.1901783003713364,95327.7064133614,80242.32118184718,0.1879978670772415
3,29141.47849421664,27824.81767522751,0.0473196566589311,35522.34122805591,29576.02952769396,0.2010517231460713,56065.495246569095,43137.967351811865,0.2996786517391216,79484.19426575175,65888.72393693551,0.2063398638867093,112982.04867663424,100470.66768905697,0.1245276982362484,139067.79402338143,119763.6373980914,0.1611854569941249,158019.3048841204,140235.8612886823,0.1268109557143164,171473.24865994797,155900.19217700677,0.0998911949079561,180585.74871525232,169147.28291842228,0.0676242952264665,183571.88197250632,172596.96638031115,0.06358695533508,179625.75635000627,168818.6931684429,0.0640157969400956,173447.01959426244,156585.62368945417,0.1076816345429536,166008.9863312657,144217.38868592557,0.1511024283819029,156782.4281446614,134057.93146097948,0.1695125117628446,146558.95658617996,122673.22090248315,0.1947102677175514,136934.98296437095,113137.60513772244,0.2103401234070667,126213.600360993,103081.40772502356,0.224407030777811,117490.24544773952,94722.5114792966,0.2403624398559072,107496.33316351435,87291.3246232705,0.2314663986076977,100027.68196594612,81068.8971560037,0.2338601544493614
4,24698.961125567035,9064.692392049272,1.7247434394167342,30628.843483435816,10885.56255372734,1.8137125051886407,48031.72748629078,16836.201622873024,1.852883836995436,74884.7834125282,27660.3526159064,1.7072967742813536,106014.333187293,37532.50438909652,1.8246005672376868,133439.6941738231,48434.7743243779,1.7550390403421583,141673.099307107,55604.73330715265,1.5478604226824526,151126.56206607557,57951.74131693861,1.607800190844361,158768.07681845233,60169.95138451485,1.638660546754445,161426.34537635307,59813.950608441744,1.6988076148504798,153478.5718544933,56007.17936478461,1.7403374637894249,146344.22668824246,52975.31435942818,1.7624985044038182,141436.95744836493,49101.29216720657,1.880513958099597,130995.0788263015,46461.44680727399,1.819436066416101,119089.01681138462,43908.82842945271,1.7121884384303754,109794.0710527542,41176.06030722807,1.6664540083131971,100557.10173172124,37252.5073506656,1.6993378132955272,93426.59084759594,33665.44770056837,1.7751477324336498,85432.02983599146,31652.11457517217,1.6990939146607311,81059.09293617152,29399.34389244268,1.7571735353253364
0,22347.43391464882,21524.85481378869,0.0382153147129795,27761.981143193618,24171.535341103896,0.1485402458479392,43260.83510484986,35491.05758839308,0.2189221185394541,66977.84851234795,57098.619973355,0.1730204432892261,90594.79887135436,81848.97841943605,0.1068531412463114,110221.21088861984,102837.7265125882,0.0717974290799576,126648.19014025362,118607.43268052168,0.067793031836296,135325.93261429569,129788.32701322436,0.0426664379494396,142228.40801507796,135607.9664797597,0.0488204469632425,143045.0366742076,137301.1974737293,0.0418338609288335,138984.89136485662,133195.98432320746,0.0434615733429475,133900.62494031765,126323.70347122075,0.0599802037218064,127377.24180146203,115046.37196699814,0.1071817357091549,118806.11389342535,108248.32539969032,0.0975330422410882,111634.84428873414,98815.7623713643,0.1297270962621715,102272.21852695852,92172.74570655129,0.1095711399610548,95863.69617865211,84681.51549374824,0.1320498413343749,87630.94824810106,79334.08232645728,0.1045813561881567,81223.7095813317,74275.74884666973,0.0935427894373022,75453.29075870434,68988.23410423077,0.0937124531221635
1,26125.484163792586,24487.962805253825,0.0668704608693473,32998.69463794136,26683.379883241298,0.2366759676747862,55505.19945227551,40335.98866544261,0.3760713766718442,79521.86222082414,65272.683971736944,0.2183023185511583,105369.54413033454,90727.9255279633,0.1613794046008307,127817.53645758628,108248.32539969032,0.1807807278832229,149001.5418100242,131533.88376131264,0.1327996828589748,158268.44622023666,148726.3829418486,0.0641585110162934,166758.6809889195,154638.56754860413,0.0783770415909079,167730.16687324425,156979.2325998686,0.0684863474952712,160433.64892742864,152820.72424929566,0.0498160489392398,152584.6567970506,142571.31591193978,0.0702339094021944,144830.6661667565,130027.11772932945,0.1138497007081464,137628.13913273232,118344.86178277191,0.1629413990558867,128334.22316177368,108956.32032874046,0.1778501951476212,118442.18317818962,101524.90359886445,0.1666318211555966,111180.76922378616,92846.9785788968,0.1974624368558226,102111.36154282012,86816.05716615636,0.1761805923458403,94627.12397744165,79786.35110467227,0.1860064117144504,87373.39870297666,74230.99423331354,0.1770473992084162
2,27459.365527285936,27017.9090058078,0.0163394036667769,34634.161475898654,28123.6564758053,0.2314956807161374,59131.20034769505,42783.56847612282,0.3821007095444999,86171.6663309246,68942.18903386942,0.2499119557777722,112183.21171451516,98790.43827965416,0.1355675070187361,134848.42012331437,121332.736323161,0.1113935464552231,155513.95760461566,139525.24092786503,0.1145937220421418,169917.56034217402,157770.87974642924,0.0769893697447021,174531.83812412413,167081.59646464087,0.0445904385469524,177140.6382787379,170028.0095810485,0.0418320999887902,171082.53829894838,166544.37755462137,0.0272489579712087,164312.95725544734,155510.43941620432,0.0566040316797264,156193.42280852364,140026.26479948102,0.1154580394770519,147411.62670295773,130014.4531245834,0.1338095354806736,137995.52364632578,116710.61706357251,0.1823733531556886,128259.99584777949,108161.22795539614,0.1858222976228758,118607.40653289428,98815.7623713643,0.2002883314015231,109597.09832369376,91182.39399984544,0.2019546045685041,101684.36030902772,84455.32864097526,0.2040017124472291,92659.7066081058,77814.62547224741,0.1907749480996075
3,28422.12942108948,27534.60531238309,0.0322330426979915,35553.2369010029,29112.8122805042,0.2212230326099968,58934.105573337394,41184.016752741205,0.4309945998507964,83968.58890660261,60040.46433322051,0.3985333031500662,114548.99665886028,90911.4780161844,0.260005877788807,138493.17707962712,113824.56996134618,0.2167247996338417,158868.3094008165,139400.10964053564,0.1396569903028239,171417.45540101625,152536.48782940814,0.1237800072643862,178498.82766848613,165477.86073592515,0.0786870634818046,181492.4196290599,169978.434422669,0.0677379177276111,175221.8587168267,168382.04303331557,0.0406208141931014,168273.07001322616,157473.63418800302,0.0685793268245147,158169.29187435488,143174.70862498364,0.1047292737200284,149323.56507084856,133586.79848109125,0.1178018095252488,139901.27641674626,121741.18905983688,0.1491696236676605,132651.69940048904,111696.42823980446,0.1876091428429123,122154.07336041986,103081.40772502356,0.1850252732895723,112920.31441620002,94170.8580236707,0.1991004094686752,104727.2727272727,87072.24862987519,0.2027629282028205,97499.29588490694,80682.98675982034,0.2084244746063492
4,28426.063735621752,9048.070879224268,2.14167120428867,33183.32233598988,10061.530559184092,2.298039213894787,53920.926628008674,17865.090273937683,2.018228612405654,81049.28380166386,28654.591317604813,1.828492052227204,112858.62787694712,41352.98447313671,1.7291531509717557,132423.84419727832,49279.53481457797,1.6871975292693802,153582.39402070933,56356.08614689743,1.7252139834619178,166008.7898437109,59392.18618321968,1.795128459012914,178140.33451855258,61470.13248651277,1.8979982198287688,182589.07987741253,60891.45080160705,1.9985995977056543,170581.79998198804,58452.32561515512,1.9183064691913767,160826.53016863728,55000.75228789651,1.924078734901756,147006.6484643744,51494.877088083056,1.8547820050704555,141036.67585000597,48094.89949940341,1.9324663803852105,129375.7073940284,44545.9003875761,1.9043235464629067,119246.35573487112,41206.2471256004,1.893890224251613,107669.9993420004,37592.94950405834,1.86410086897749,99819.60944408303,34370.64050798891,1.904211500535801,90841.04464268703,31748.36293669412,1.861282795079012,85949.52917754701,29017.56687884812,1.9619826340504969
0,22778.341003275826,21786.966738178213,0.0455030880163958,28552.07098678049,24067.251280632605,0.1863453226898792,44592.15333810737,35866.87736483269,0.2432683471304857,65903.24419383543,54429.81071826515,0.2107931907931495,92846.7793884554,70222.88649769849,0.3221726422695314,112244.75403713238,90984.38348998128,0.2336705457754977,131457.2954677352,110649.38660129762,0.1880526364001873,139358.72932308452,120955.09181219632,0.1521526480213253,145491.87257923017,128313.68709591527,0.1338764856041747,146962.95737719588,135166.47262599462,0.0872737486006764,139734.12544922245,131534.8354062873,0.0623355023603369,134730.4285527548,121981.79034805697,0.1045126339621798,129188.80809036596,113726.59979372224,0.1359594705608815,121638.270445559,106410.56550482208,0.1431033174994911,112858.62787694712,97627.21067320526,0.1560161055376978,104616.48161974797,91023.5032336456,0.1493348190654773,97324.08190247176,82917.7000840581,0.1737431429454643,89581.95465355013,75823.2379011672,0.1814577843578364,82857.06012369516,70286.80583215159,0.1788423039391202,76389.56975100096,66784.86294551258,0.1438156250065905
1,25846.15814677738,24609.935170928027,0.0502326790892857,32828.70749195001,27004.995662950954,0.2156531295796058,53039.7290177064,40358.33533308344,0.3142199394489764,78734.69650267296,64348.59105859198,0.2235651971149119,105452.01289951398,90841.1403030466,0.1608398193563558,129343.89739866112,112920.31441620002,0.1454440068412072,148817.68858019914,133397.12297246067,0.1155989369495023,158968.63241562436,146336.08130367543,0.0863256074606368,163893.06287117698,154928.4142757588,0.0578631662715005,165902.05646801786,155900.36673313743,0.0641543695147353,161045.3739512919,151220.34816130614,0.0649715855666821,153534.64168780437,142447.79908626573,0.077830915413614,144174.05450620822,132341.89644957992,0.0894059883835514,136975.56669655547,122603.60267287587,0.1172230155587357,127780.83035942868,113416.13017454714,0.1266548255770525,117915.78924697144,104810.66689529236,0.1250361508029649,109301.96414216016,96060.04303259354,0.137850459894897,101259.87300573105,89321.85196713806,0.1336517411549531,94554.06204944367,81633.49122070533,0.1582753675670458,86816.05716615636,76389.29146228704,0.1364951226052011
2,27450.554172040072,26957.459083058253,0.018291601128376,34952.42022918027,28663.94216139053,0.2193863646662019,55306.859090559214,41852.40207661552,0.3214739500331141,85282.11819900751,69986.35264817893,0.2185535461137733,108364.6758273439,97453.24134192984,0.11196584469807,137301.81624042045,124532.0387007869,0.102542106215056,155025.2022306396,140951.8803804271,0.0998448677110857,165316.78588043706,156536.53270779212,0.0560907605449207,173107.68909036857,166543.93276594506,0.0394115607540501,174646.4449188602,169367.05547886735,0.0311712890388624,170915.3141463742,166008.7898437109,0.0295558103115056,162435.37844159067,155316.0846527114,0.045837453376436,154253.3081285444,141078.7662969979,0.0933842999719145,145979.58906457626,128556.20872027328,0.1355312241839263,137300.8537156895,117719.54881282237,0.1663385996662458,126720.94661705964,107900.33147183798,0.1744259251894311,117164.53193547904,98408.7079147274,0.1905911013180239,109213.6664813039,91388.61718813716,0.1950467119605408,100627.81325061683,84413.76492533335,0.1920782509774956,92940.42351893592,79221.2157239175,0.1731759310893341
3,28505.526587020384,27552.348527553862,0.0345951655813763,36363.83226251122,29246.889739904247,0.2433401495303846,61414.05119722521,45337.4001750062,0.3546001967506249,86944.0131745378,70684.92308965405,0.2300220382819309,116645.97914188854,100627.81325061683,0.1591822913947054,140068.14125790924,126504.97851864983,0.1072144582614973,160078.1849990447,145713.32062183184,0.098583055522383,174302.4085778086,161560.385509172,0.078868486408218,180405.17658548025,171361.66201370256,0.0527744331229382,182650.4161038465,175568.6621728511,0.0403360932603296,178258.51811790152,171417.3510315301,0.0399094201678165,170972.5614126342,155997.8483055406,0.095993074710645,162901.53147890003,142014.35709952388,0.1470779068114811,153439.68762221737,134334.25519321358,0.142223086743767,142872.51210328133,123440.71681369218,0.1574180366994899,131266.22034508298,112798.91780834564,0.1637187917716973,123334.81188403444,107362.60632494204,0.1487687948888945,112551.00416505724,98256.21925690785,0.1454847847419536,103407.66607677472,91824.60749358854,0.1261432953470009,96875.27337263746,84516.25928530154,0.1462323840625221
4,22294.65119882372,9069.963603962087,1.4580750455365237,30063.855228570592,10784.81462119226,1.787609827756783,55890.24642916164,18109.96024393777,2.086160636264823,73157.20395244476,28385.50426208353,1.5772733602681095,102679.0824089257,41039.25518898298,1.5019723661186224,120142.96677048576,50434.96107594852,1.3821366014254677,138125.1252471711,56521.87336786475,1.4437464120872807,154831.71257795207,60761.29362364495,1.548196447840276,164102.5056817858,62263.82255648278,1.6355995977105295,155663.2321697925,61113.99189191017,1.5470964561619165,140545.40929864356,58268.64795976221,1.4120245487023846,133040.11382092978,55525.79560954198,1.3960055386953725,123931.16776670076,51595.6324638983,1.4019701251538286,113913.82229664634,49163.158487820765,1.317056629404035,109184.09943358276,44817.372507281165,1.4362003688601868,104009.54409741632,41620.0640357479,1.4990241247125775,92706.3961114128,37707.46137670884,1.4585690133114009,83137.07767722977,34478.18116815733,1.411295342748876,75069.48931931307,31408.31089855612,1.3901154558032638,71409.32200971906,29179.752897027825,1.447221614991559
0,21960.74056606776,21339.68166623046,0.029103475372836,27982.76357368572,23436.00550435946,0.1940073818672083,44554.3209381964,34712.796944075235,0.2835128500298189,66884.96080775028,55023.48275446154,0.215571197232639,89852.1039970297,82182.45987386903,0.0933245869609133,110250.5716651817,100261.6779192991,0.099628232373317,124816.29757910196,114621.93166381054,0.0889390517793033,135009.4448564219,124496.24899249796,0.0844458845065883,139150.90809791491,132768.0365228717,0.0480753631838462,140951.8803804271,134848.42012331437,0.0452616371147047,135886.0035877645,131687.25074601246,0.0318842774677576,130014.08065527429,121809.86551698975,0.0673526327565003,123056.33649005796,113602.02666096612,0.0832230736279668,115714.40601719246,103463.80323457374,0.118404721261252,108103.18497682163,93884.88718835528,0.1514439460308569,99612.52523681588,86307.38812851724,0.1541598859240931,92566.37718320296,78587.59619737435,0.1778751566687522,84721.77881625084,74122.43932060289,0.1429977155743953,78513.71395320205,69251.25146469516,0.1337515538362359,73291.91638379701,66296.55625790198,0.1055161914999356
1,25850.28760539001,24484.16434806084,0.0557961969993632,33921.74095491448,26751.55524471864,0.2680287424265324,51928.0159490911,40835.83379584788,0.2716286438204442,78090.14107021772,63749.33366422216,0.2249561929781238,106952.37126727984,90456.13710336742,0.182367218987713,127817.53645758628,115938.2963927218,0.1024617441731723,144568.13607288434,133235.00064470503,0.0850612479704273,156291.51677057624,146469.503998744,0.0670584149169812,162279.61743048258,153773.65800942865,0.0553148018403282,163526.38111077205,156291.3413892671,0.0462920060522418,159169.5501730104,152536.5297138873,0.0434847998152614,151970.27412120433,140151.9655470768,0.0843249577556426,143564.99296672014,130808.83888407527,0.0975175239797789,135086.99291840458,119071.79171878193,0.134500379715849,125853.17466052718,112122.30599290866,0.1224633095620326,117457.77432883056,102433.27402058378,0.146675974695758,108539.53310317306,94170.8580236707,0.1525809085852298,100366.09612109048,86668.7205682398,0.1580428955572945,93175.3492658214,79937.91247270977,0.1655964783622638,86773.46386191827,74088.13976110857,0.1712193630682661
2,28100.88226505697,27209.06447756636,0.03277649579705,35157.78015295465,29319.05395880648,0.1991444267728292,54820.41587901699,44027.89629853967,0.2451291223931426,82162.80484537892,69610.09453523162,0.1803288789357127,109715.50360726146,99277.2979408624,0.1051419194810971,136127.05830528276,125709.2501631177,0.0828722478946228,157622.1457880005,144742.8278074168,0.0889806989104833,170415.71469392133,161096.49754736197,0.0578486639277773,176906.2807397439,170083.28558984556,0.0401156123380161,178613.96933181316,172823.027511415,0.0335079294917204,173845.27286079517,169037.70221715473,0.0284408187083873,167513.427202787,155219.0373174689,0.0792067139301502,158318.2474971853,142358.5161656331,0.1121094245811271,150614.25742153678,130810.37724720154,0.1513938006379298,140825.17495113768,119539.42142188436,0.1780647193709479,131113.42351716958,109804.43194871309,0.1940631283299148,120751.51421627252,99457.7223179746,0.2140989296961766,112920.52916170016,91917.01742834548,0.2285051486763929,103516.73590975867,85024.24488850875,0.2174966804527214,95693.23575717486,79890.47389398076,0.1978053338895606
3,28510.254012338133,27601.22090949789,0.032934525100208,36248.181357942754,29425.32417825104,0.2318702468105566,57110.49907679322,41744.1494461095,0.3681078626484231,83479.31319524167,71474.21809487291,0.1679639934561234,109953.67480173212,98688.65674791622,0.1141470400452457,140235.8612886823,121987.190736965,0.1495949733859023,159572.4756208718,142658.02090110563,0.1185664473187366,171921.47531231405,161199.25583930037,0.0665153161978779,178613.74373343412,171193.96906420882,0.0433413321145816,181978.71361318813,174073.62583141564,0.04541232334316,178673.17357753697,171138.3837747432,0.0440274685117467,169586.82803931242,158168.57440166493,0.0721904062222318,160078.1849990447,144611.20309542032,0.106955627036853,153296.13418423603,133743.58080567053,0.146194331427206,142528.35121144177,120853.4244234104,0.1793488839182015,133196.01679902,110489.93106956824,0.2055036645389454,122916.37061281128,101259.87300573105,0.2138704796307073,113758.79535996594,93175.29914235398,0.220911512032436,106156.4734840878,85801.85282872774,0.2372282180897731,97499.29588490694,79636.0295954766,0.2243113623339778
4,27931.73895857924,9273.956632443476,2.011847053593549,35668.56424197981,11418.3186705755,2.123801784749283,53976.536064188665,19118.06843065512,1.823325811389988,80204.1751966753,30834.05151776309,1.601155905524473,109538.1663533758,43828.19967750395,1.4992622822606907,132271.8504546872,52023.33827169727,1.5425483032996414,154305.2533799527,59183.30190227224,1.6072430638417692,166008.83896557713,62425.35749433582,1.6593173932666705,180133.82840005663,63918.34152081192,1.8181868320442067,182230.9081966335,62424.96415237816,1.919199244581244,171026.69295114282,58760.52958880017,1.910570992943207,157473.23394389922,54395.425683938025,1.8949719937645084,145315.1282996729,49670.38326129159,1.9255890282795105,139860.8943543307,45550.80622644744,2.070437297180604,130127.2211320908,43474.33877586432,1.9931960967358888,120044.37848045348,40603.38004054884,1.9565119544375456,108715.58984523076,36935.273185892525,1.943408305065815,100946.94327369623,34658.25330502548,1.9126379331718613,93010.83117907812,31845.002617667087,1.9207355482356667,87354.52053632919,29108.0383932381,2.00104456907072
0,22619.21601153652,21589.19116196195,0.0477102102550914,27561.273116315177,23133.554209409776,0.1913981252869645,44477.8362133734,35980.70228052553,0.236158090150645,66296.41299709049,57339.01890532307,0.1562181262040369,88371.71985365925,76800.42225866084,0.1506671090430562,113105.66055537207,92710.63374646024,0.2199858418041556,126685.10059694096,113074.79347381322,0.1203655271435868,136131.9295018671,127084.90778256045,0.0711887971369968,142572.86538106372,132655.47010623495,0.0747605452446595,143912.12770980378,134138.7893354705,0.0728598969973624,139984.38834105278,131495.60546657385,0.0645556392881645,134452.34949534142,124284.94299336808,0.0818072266607217,126394.48796426342,112988.16337148804,0.1186524693626307,120345.33181098892,105901.53095539368,0.1363889712007946,110759.35972195653,96166.76169461865,0.1517426371668544,104230.1562877594,87308.44334426257,0.1938153092109715,95619.27117723596,80712.11313128416,0.184695425105575,88282.23508778945,75441.52287901672,0.170207489440066,81887.30169845841,68710.16883306604,0.1917784963883106,76140.49691954436,65312.32217964575,0.1657906866351346
1,26274.968821333663,24709.62535089801,0.0633495428686765,31834.284317084028,27226.547451395505,0.1692369138582186,52595.47931062611,37127.31643799364,0.4166248562151231,76176.73107049431,55017.436909703225,0.3845925101076326,103028.1619988422,82159.18633983594,0.2540066009500834,130885.3935536825,104383.12643662444,0.2538941687395111,150846.80990991255,122701.91479694864,0.2293761687381901,160689.21960755112,132464.8298242775,0.2130708190295867,170470.83558614654,145081.99659884142,0.1749964818688458,168764.0296965991,150236.02486780417,0.1233259788728975,162537.75683535112,148918.0815727578,0.0914574987721625,157177.2761732228,141336.6741135312,0.1120770823216583,150847.8353213844,128186.10169325992,0.1767877588036208,140994.1515993195,118774.07087235234,0.1870785480683516,130808.87027905646,107151.74781746368,0.2207814892753163,122257.59781000752,97599.6826026582,0.2526433954476583,111634.86764640002,91963.05129796338,0.2139100004924727,103189.99218955146,84804.18275225729,0.216803096741178,95546.09634057012,79374.13859874546,0.2037434109814739,88064.13072802249,73781.3539595241,0.1935824703939943
2,28055.36316801992,27204.70438172681,0.0312688119803461,33275.95723206572,28123.664312378674,0.1832013375802972,53428.48670394687,38822.80785737667,0.3762138715011824,81476.51488847117,51010.2440604371,0.5972578918057623,111392.34208742484,62237.22121638403,0.7898026279184305,137709.5466360828,76836.43047983984,0.7922428954090304,157473.23394389922,91778.7846263444,0.715791231982579,171473.24865994797,100657.11730624591,0.7035382419928273,177081.77136222902,111181.46466342449,0.5927274559505229,178792.42919753597,121846.44454682092,0.4673586074875815,173617.34860192912,127487.7191761025,0.3618358672030708,167513.427202787,133430.27739220482,0.2554378996784829,158567.88252157,135805.78697482753,0.1676076995964948,150753.76435231342,129114.15270203032,0.1676006169534567,140487.97803107457,119471.88988975696,0.1759082254470927,129675.55860210366,108949.0872394009,0.190239972521836,122016.22487957214,99380.273799937,0.2277710677795446,113539.81250741662,91136.82754405325,0.2458170376024373,104783.51941460176,84066.91427093101,0.2464299459940355,95521.87968625352,77723.46021453569,0.2289967459321784
3,28687.36182183952,27663.58755895265,0.0370080077540608,33794.95146175093,29522.43139547668,0.1447211447133338,58912.15695552825,43398.23591038215,0.3574781490469456,91434.13476742312,69876.11001536532,0.308517814562335,114478.11447811448,99690.10606259192,0.1483397801406458,142958.73730846634,124356.03595313209,0.149592267176684,164628.87580698045,144962.556705799,0.1356648195788528,175164.20341513914,161301.27055142127,0.0859443500744063,182896.11602766463,171362.28784704686,0.0673066888025708,184315.4649095223,172653.44194919372,0.0675458469212582,178732.37768173983,169422.84092903062,0.0549485341035502,172146.2178198361,156782.25172504148,0.0979955698157679,162641.4083161488,141589.76089765364,0.1486805775010247,152490.45473386586,132264.67060261458,0.152919022435092,142832.10181417188,120379.65062996776,0.1865136762459975,133509.32078607756,111392.34208742484,0.1985502619317807,122223.08044693762,102272.13912323378,0.1950769925684625,114604.04995249512,94674.26748076238,0.2105089693541322,105620.35015524116,86794.7898323843,0.2168973547745465,97549.47105717128,82261.42461852034,0.1858470906569855
4,29146.254458977408,9130.372620204747,2.1922305552436265,31996.113699005164,10410.986985426129,2.0733026315175573,50766.62137583924,17070.318394446957,1.9739703854823127,76300.2338561438,29247.39273594469,1.6087875437310943,108372.65479728364,39772.024894950606,1.7248462979575994,132009.50061353834,49769.16435238421,1.6524355458102922,154349.49440553694,55891.538579386885,1.7615896489645375,165051.7119855858,59358.67200024587,1.7805829615747155,178851.12457081128,60813.16014285681,1.9409937610653727,180890.936889371,59990.5816834217,2.015322269151458,168159.7939225226,57830.46766767547,1.9078062257572936,156585.66769028013,55068.55380563253,1.84346794802271,146649.18730098,51854.82785590205,1.8280720111249693,139988.70159245806,48264.60954885213,1.9004420195457152,129226.15111203009,45057.37157173594,1.868035719888561,119706.32724523006,41206.28145788021,1.9050504682784872,110369.9765840571,37552.675422838336,1.9390709274720173,99535.18993126444,34664.71961879346,1.8713686718326,92473.19634983945,32104.63733650416,1.880368819637592,84680.61892481647,29454.39578296339,1.874973893499329
0,22186.310330957043,21524.85481378869,0.0307298480240911,26811.699113168583,23706.90100206247,0.1309660048285519,41883.98851177073,34299.22448296917,0.2211351464394677,65198.58548902323,54877.03327767544,0.188085098535141,91686.45643058402,76247.26178279676,0.2024885128566114,108831.84920455336,97199.00675368845,0.1196806720499072,127084.90778256045,109422.55177336972,0.1614142215013598,134769.07335291736,122138.24978884484,0.1034141522897942,140111.12459202512,131802.72147903597,0.0630366582704489,140867.37403196172,134689.79297800697,0.0458652501972698,135966.28763069687,131610.72603372135,0.0330942752785934,129675.55860210366,121501.24659756296,0.0672775978308741,123825.6274692524,112061.02350793996,0.1049839060275839,117653.75724414102,101924.83463076023,0.1543188435905875,108890.44592070112,94266.45392082162,0.1551346358288052,100236.17581896612,88296.39340385611,0.1352238970905528,92287.22986453296,81868.29166459755,0.1272646343057981,85718.10138219234,75946.29871608561,0.1286672666252928,80090.09162429036,69844.6670416407,0.1466887167855126,74070.61197482618,64857.91163151919,0.1420443568341765
1,25927.961067861736,24602.28857507357,0.0538841128028759,32186.383453696788,26764.3980222046,0.2025820056551968,50726.17282207,39297.23921253863,0.2908329907787703,77196.6449287538,63929.58509504734,0.2075261369830829,105285.83502155603,91502.70898502418,0.1506307975951584,129488.1053484769,111726.6827976824,0.1589720745845229,145583.46741095482,130698.33459340954,0.1138892309825641,159270.14513120646,145803.5388668722,0.0923613128254048,163999.8728084921,154301.40126704067,0.0628540730143263,165264.15104006193,156634.75867194217,0.0550924484532406,161660.53121646112,153391.46944243644,0.0539082245191466,153105.71723500604,140487.97803107457,0.0898136579426074,145006.79945536662,127121.7619620816,0.1406921774622651,136975.63514318175,116614.74957597523,0.1745995737352357,127780.95055735868,107987.45057928064,0.1832944464555752,118410.10821720371,99793.68601259316,0.1865490989305807,108656.32622573906,92987.3286574282,0.1685068040403281,100262.36673970436,84969.32794005005,0.1799830500065187,93269.45969242246,79371.33996140597,0.1751024959106699,86433.77019266426,73730.46877086979,0.172293783473318
2,27659.126141524768,27126.301981452263,0.0196423441881914,33874.97237343663,28575.296956265945,0.1854635290503457,53602.52568923565,38459.97358514591,0.3937223740043891,80089.88929617417,51502.32295952235,0.5550733383253388,108103.18497682163,67540.69906709588,0.6005636078689447,133443.31118053466,83936.15754184983,0.5898191564702138,152395.49918525,99297.29007998933,0.5347397603951447,165688.88397171258,119402.51912241448,0.3876498183580545,173959.4493461054,135120.1216340332,0.287442959955785,175974.04907441552,145289.11779371728,0.2111991024975799,171195.01019633777,150612.53644509142,0.1366584365223146,165157.66368304167,150231.14147333504,0.0993570445070204,157324.81176109624,138819.29699151972,0.1333065011178309,148544.0112091055,129002.2768457656,0.151483639212848,137504.59605985988,117229.55174869606,0.1729516492106635,128630.49743848787,107842.4862208646,0.1927627222451904,119739.6814345474,98255.75847969028,0.218653067130899,109834.08982192968,91000.31982026726,0.2069637781368303,102595.0867547164,83600.0445279942,0.2272133027436551,94746.48707082878,77997.69934843648,0.2147343814279829
3,28654.59941041828,27650.207114438475,0.0363249465663251,36402.47981829214,29836.001244122363,0.2200857454201694,57421.9524949984,42484.030519617096,0.351612636387776,84538.04013760586,70210.60129207658,0.2040637536477865,112924.99118971292,95868.0871655066,0.1779205628120994,137995.83596905362,118972.85946069984,0.1598934126201918,160790.03403584662,142185.3701959878,0.130847947395813,171474.08413172845,159270.32685864705,0.0766229184919817,179866.21048030973,170360.02605362347,0.0558005574834441,181492.4196290599,173845.32644973887,0.0439879134831497,177492.34108967567,170084.82822345966,0.043551873165806,171249.76245152252,156340.87097998537,0.0953614456545133,164365.49790796507,142271.00512800366,0.1552986341811715,153153.30035818202,131995.13140371672,0.1602950709579698,142958.73730846634,119405.3129512602,0.1972560832935495,132768.0365228717,110071.82925349667,0.2061945133764007,123299.7920446016,101127.77694401314,0.219247527935509,114572.60286208628,94650.63575476292,0.210478957150807,104922.3312704337,86522.24938640161,0.2126630088159029,98103.82460669946,80779.50237473658,0.2144643346723684
4,25402.88139858813,9186.8059857846,1.765148348391794,32840.06559642231,10718.327936273115,2.0639168526729343,49279.53481457797,17137.20821579017,1.8755870964543664,75631.94166804424,30093.848275277807,1.5132027308775968,106043.20246662466,40255.641256792,1.6342445221570747,128186.10169325992,50344.10625312515,1.546198775458501,141333.04476364926,55810.78731156267,1.532360706088237,150660.71879471425,60943.09460530113,1.4721540606113073,159069.0459704459,62454.77741201485,1.5469476085242553,157962.9773231857,61204.11785346017,1.5809207429701608,147023.94201899975,58478.61164577847,1.514148983384993,138269.22400831914,55868.44990414712,1.4749071120739186,128482.04169850762,51564.7508828638,1.4916641600843117,117424.9950846626,48170.14462730336,1.4377131518534996,112428.15422857773,44630.19227904139,1.519105307134755,105116.6404566974,40963.68712774264,1.5660932359164317,95181.4626873726,38156.58598271248,1.4944963034820846,86476.12979534378,35083.529095257974,1.4648640551680483,81281.92926136851,32082.893296650986,1.53349747822941,73325.16444978205,29615.21006010657,1.4759292370698178
0,22330.862344210665,21611.775709209323,0.0332729084679015,29328.69379275041,24337.001731075907,0.2051071087898479,49172.843438922326,34809.3731163974,0.4126322606987378,68286.3062741631,58427.80837879754,0.1687295513713473,92893.7011725756,84107.80900552933,0.1044598863164854,110226.2293123518,103355.62100545442,0.0664754199148469,127377.71975921169,117948.43963715673,0.0799440853228929,138864.54033554133,129002.2768457656,0.076450305614117,143217.8582236365,135405.71275421607,0.0576943565416678,143521.0966147932,137667.96199721962,0.0425163163067074,137586.38255805627,134136.68329648027,0.025717791560055,131917.77825643102,123416.53679296476,0.0688825151343159,124922.49129730788,111817.2112858898,0.1172027084266216,117751.7612405164,103353.1717230367,0.1393144426768506,110609.42745988544,93151.79658964582,0.1874105654359446,101791.18902419473,87458.50629307253,0.163879802418458,94747.10742656291,79672.78388757368,0.1892029222960332,87157.861768884,73595.02111367897,0.1842901931403091,81165.48990129489,68144.63379129076,0.1910767640175983,74447.30190615996,64012.8730740373,0.1630051633529119
1,26295.805285434013,24686.574516906458,0.0651864748357649,29835.82554098244,26897.187698528083,0.1092544646448359,48800.589545572046,39183.36476346099,0.2454415244879442,76453.12950656243,63294.21388924131,0.2079007670487531,104339.95850756225,88940.33837017117,0.1731455087712572,127928.55762905147,109994.079598704,0.1630494849884518,146827.27571844726,128927.77453377625,0.1388335542857115,159572.4756208718,144435.98130261266,0.1047972546850783,167086.51903895853,153726.0757795297,0.0869107156458612,168656.87898535316,155705.1416512525,0.0831811794828838,162537.75683535112,152064.43454333954,0.0688742395515671,154205.51426916022,140868.09541434888,0.0946801957929559,147998.80575189085,130051.7630804125,0.1379992262033502,139026.41307422728,118979.22372494925,0.1684931933630886,130051.7941363123,106582.63331408822,0.220196856584157,120521.67255410049,99690.57937093706,0.2089574894098402,112275.12414605886,91757.28598723724,0.223609906701856,103189.99218955146,85114.79742637649,0.2123625422337383,96183.32437813848,78698.9444358015,0.2221679092100124,88807.50731369897,72358.57918086855,0.2273251951467212
2,28178.446256928008,27366.79620514529,0.0296582049904006,35866.87736483269,29179.74872200594,0.2291701928805043,56830.75119097894,41573.80664675919,0.3669845456744838,87016.22298103076,66811.47558564559,0.3024143265550949,117229.55174869606,96503.37781456368,0.2147714867966468,139151.33108846084,113664.28907331893,0.2242308663779313,158368.0486675924,140508.6505173694,0.1271053282802348,173390.3319121853,158218.42052055855,0.0958921934734859,178140.33451855258,166543.93276594506,0.0696296860534972,179446.55810027357,170028.0095810485,0.0553940997276418,175337.27810650886,166812.54146887324,0.0511036913805806,167513.427202787,150660.71879471425,0.1118586751934704,158968.63241562436,138902.05904709577,0.1444656292800157,146916.96209141082,129600.62672151571,0.1336130527138903,138159.72059200428,117490.88770911106,0.1759186034415365,126431.10146227668,107467.69398714777,0.1764568194549403,118541.27540914496,99328.7858703997,0.1934231790954634,111030.19175653486,91617.4944720614,0.2118885415535274,101419.25100562526,84866.09108399683,0.1950503400144214,94458.12421796104,78181.48443261438,0.2081904673909806
3,28598.621559962725,27632.38047514566,0.034967710642453,33650.088982385394,29357.638575189827,0.1462123868103997,56755.14556703978,40499.12466844678,0.4013919073974012,82479.676666897,54708.13455907944,0.5076309461406876,116194.9302223378,78497.01232483351,0.4802465314412745,142186.2878176188,98453.1618531114,0.4442023510606565,160382.7105598062,118319.07067945474,0.3555102287298095,177081.71587328508,131468.01433456218,0.3469566477412851,182956.9806897428,150127.37811598362,0.218678318277137,185435.18886909992,157278.62112219713,0.1790234905799856,178851.63344325978,161118.51003738443,0.110062607963298,171921.47531231405,152915.63771741273,0.124289692529838,162020.96019909304,141886.30775019125,0.1419069448501781,152394.66295765515,132072.1656720131,0.1538741882684862,143564.39495487438,120446.70231381211,0.1919329645143075,131840.93577612104,110939.66034016138,0.1884021942366913,122538.29189252068,101102.03396741873,0.2120259809215117,113446.5876717679,93838.17363705028,0.2089598856704047,103954.64252409848,85321.76481704807,0.2183836415831777,97374.02139159948,79918.8901942522,0.2184105804637743
4,22086.13181521017,9079.822276963314,1.432440981939212,31588.165384374803,11072.84240173683,1.852760315582568,50195.51580436764,18416.17526015378,1.7256210964158951,67183.96634028261,32007.100767843825,1.099033174781625,100868.2499238012,42947.85119466685,1.3486215751889996,119522.5619434083,52337.0393431331,1.2837088884564558,133665.15695305762,57217.71871345959,1.3360798011266213,127498.49106769744,61585.796883921335,1.070258038683988,131275.2268512057,62546.21761991325,1.0988515668357657,135565.54097094637,61021.51696416728,1.2216022759734475,135387.77214346238,59220.82323193227,1.2861514709653743,127516.80541425158,55341.023167774365,1.304200358342957,119873.89636533622,51317.7155224623,1.33591645974315,109834.08982192968,48586.89001253864,1.2605704912083322,104395.14751721355,44326.187766709816,1.355157363557829,95521.72224394346,40225.85095248473,1.3746352154681545,90909.09090909088,36961.54358676897,1.4595588302657734,82064.19835426279,34664.533829770575,1.3673821421416164,73459.92006057758,31455.591346053483,1.3353533320172055,69499.97221444093,29098.5030860538,1.3884380584426204
0,22639.72702026989,21621.45300887785,0.047095540293889,28423.00924502255,24145.472698062906,0.1771568774175547,43058.718266736905,35103.00566340673,0.2266390712982062,63129.95818179619,53298.46690075503,0.1844610521227185,90727.54376714438,80462.22169065417,0.1275794013736826,113291.43749848809,100943.14560866912,0.1223291766405825,127780.77026050692,115236.6786461076,0.1088550256895402,138571.43161374508,126650.5839989979,0.0941239056176914,143217.8582236365,135007.31314361232,0.0608155579786282,144567.37872432574,137954.59584932623,0.0479344876789895,139984.38834105278,134215.50094517955,0.0429822736960132,134611.10892097445,125853.0578294912,0.0695894978042477,127121.46435910054,113389.54318535296,0.1211039465191301,121023.38317807188,105200.34746051446,0.1504085879896584,113043.8307068158,95504.70976323956,0.1836466598040711,103844.90071980322,89581.98573000987,0.1592163298632405,96059.88394628678,82033.76695557698,0.1709797990662214,89648.77363317444,74948.07906136478,0.196145048090869,83802.42032099591,70002.91926844636,0.1971275083490644,76836.32500076295,64068.62208026963,0.1992816843243023
1,26897.187698528083,24825.312233415443,0.0834581835520218,33851.58403969938,26846.075100144622,0.2609509551553408,54173.56618492285,39461.722247639445,0.3728130223247783,81012.45973656201,64533.45091700091,0.2553560763510916,106696.09753672736,90639.62065030725,0.1771463381159426,131572.98722948832,113851.3905840661,0.1556555133363686,149965.79671074558,127524.03645174336,0.1759806298751722,160586.18773177068,142615.60947900708,0.1260070921998819,169698.24971976134,153486.88935489944,0.105620489365559,170916.14449462938,157572.30062140417,0.0846839439457458,165104.78507164022,154349.49440553694,0.0696814117048216,158418.8841361354,142185.3701959878,0.1141714785267384,151080.71832421105,130353.84427401908,0.1590047011319564,142271.0418742435,120210.39495476264,0.1835169656316553,133353.28633355547,107525.12469083168,0.2402058283307073,124142.9020997521,99509.24787638738,0.2475514060157022,113976.32674297606,91986.15786258488,0.23905954321129,105452.01289951398,85969.85866140226,0.2266161017530972,97977.65669290464,79465.89629924812,0.2329522632444236,89404.28769213361,74895.93415940978,0.1937134998789655
2,27951.079978945323,27244.01189433689,0.0259531557742198,34222.52373188433,28459.316791269983,0.202506862089614,53652.807253685285,40484.24376719807,0.3252762620987108,80186.02735032968,54063.10309918826,0.4831932085587895,110732.0742939014,70318.52606353023,0.5747212078060195,135365.80595669238,86730.89986278163,0.5607563875257471,155219.0373174689,87544.65280423204,0.7730270478606018,167513.62706248788,102702.62905891408,0.6310549067482567,175568.44378655145,116969.67674696914,0.500974001717934,178140.33451855258,128778.95317846816,0.3833031727760438,173334.65660439408,136853.883908624,0.2665673173011877,167135.5565701628,141928.90552557836,0.1776005455072131,158768.07681845233,139651.36632421782,0.1368888181863736,150614.33921659677,129413.14257982164,0.1638256842708094,140445.99447445292,118112.70054085404,0.1890846101336409,132110.60283351847,107266.78298306908,0.2316077648601686,122603.60267287587,98154.42017533956,0.2490889605772333,111513.52325667396,90727.6710205716,0.2291015739992861,102621.76268470952,83458.73876202617,0.2296107538519687,96701.41176979712,77997.80776623951,0.239796534533542
3,28851.812295487503,27766.45207677656,0.0390889054067777,34062.6409674898,29218.094100248723,0.1658063955376143,51605.65856257728,40284.274112266256,0.2810373203885967,81283.80028256726,56660.89965397923,0.4345660019335537,110729.29047395478,89293.19178034297,0.2400642004862319,140825.46334146964,108656.32622573906,0.296063176744054,159476.16182603847,126141.37464840352,0.2642652917851078,172266.33137415166,147006.6484643744,0.171826806295082,179208.04430225692,163265.30612244896,0.0976492713513237,183325.53095044164,166973.82554129683,0.0979297524994455,178140.33451855258,168709.41686470446,0.0559003630568599,171193.96906420882,157870.0353665759,0.0843981168857954,164523.4088291089,143651.25322237838,0.1452974139697864,153582.56372593256,132071.9738840267,0.1628702078822148,145138.72805631644,119271.60301214569,0.2168758060670708,133586.79848109125,110310.2741246194,0.2110095776770162,123966.72643839316,100001.3014547165,0.2396511308858206,115779.36385110172,93529.176245914,0.2378956866538186,105620.45552206373,85259.41844655934,0.2388127604725181,97977.43667825135,80856.1236623068,0.2117503565648437
4,23715.5353680845,9171.272189818324,1.5858501282311512,32339.464018787334,10842.091658913356,1.9827698414817256,48434.7743243779,18727.629609017567,1.5862736147374463,79423.32547250365,28137.353913699066,1.8227005892631325,106240.44725599102,41450.79424569556,1.5630497361826432,126285.88480217224,49425.69583719655,1.5550653898357991,143045.0366742076,56381.863633146975,1.5370753546732931,158218.51025768,60541.77173832536,1.6133776021873731,163578.53875553273,62157.00132591085,1.6316993301821845,159466.37485270796,61757.32325015568,1.5821451847381676,143886.18431780054,58699.83134507151,1.4512197227953596,133596.23595651513,56007.17936478461,1.3853412628830912,124001.6036252198,51678.67818672401,1.399473205897034,113229.46390242668,48275.59968833414,1.345480214299414,107323.84511079028,44452.51353897761,1.41434817890972,101950.9402386929,40232.94373167305,1.5340164249138168,92380.14732520226,36974.700841353406,1.4984690943565946,86688.36514228542,34574.03021744912,1.5073260073260069,78114.2219338876,31802.003205101944,1.4562673436041873,73426.19881793835,29580.84904584004,1.4822208011728557
